Filename,Start Time (s),End Time (s),Species eBird Code
KEN_001_20211207_153852.flac,67.8,67.8,slcbou1
KEN_001_20211207_153852.flac,106.8,106.8,slcbou1
KEN_001_20211207_153852.flac,107.5,107.5,hamerk1
KEN_001_20211207_153852.flac,118.4,118.4,slcbou1
KEN_001_20211207_153852.flac,209.1,209.1,hamerk1
KEN_001_20211207_153852.flac,211.5,211.5,hamerk1
KEN_001_20211207_153852.flac,213.6,213.6,hamerk1
KEN_001_20211207_153852.flac,248.3,248.3,hamerk1
KEN_001_20211207_153852.flac,287.3,287.3,hamerk1
KEN_001_20211207_153852.flac,288.4,288.4,hamerk1
KEN_001_20211207_153852.flac,288.8,288.8,hamerk1
KEN_001_20211207_153852.flac,290.6,290.6,hamerk1
KEN_001_20211207_153852.flac,298.1,298.1,slcbou1
KEN_001_20211207_153852.flac,301.2,301.2,slcbou1
KEN_001_20211207_153852.flac,304.9,304.9,slcbou1
KEN_001_20211207_153852.flac,313.8,313.8,trobou1
KEN_001_20211207_153852.flac,318.7,318.7,trobou1
KEN_001_20211207_153852.flac,340.0,340.0,hamerk1
KEN_001_20211207_153852.flac,341.4,341.4,hamerk1
KEN_001_20211207_153852.flac,342.4,342.4,reccuc1
KEN_001_20211207_153852.flac,350.6,350.6,hamerk1
KEN_001_20211207_153852.flac,369.1,369.1,gnbcam2
KEN_001_20211207_153852.flac,374.6,374.6,gnbcam2
KEN_001_20211207_153852.flac,378.7,378.7,gnbcam2
KEN_001_20211207_153852.flac,383.3,383.3,gnbcam2
KEN_001_20211207_153852.flac,387.3,387.3,gnbcam2
KEN_001_20211207_153852.flac,402.6,402.6,gnbcam2
KEN_001_20211207_153852.flac,405.5,405.5,gnbcam2
KEN_001_20211207_153852.flac,425.9,425.9,hamerk1
KEN_001_20211207_153852.flac,442.5,442.5,slcbou1
KEN_001_20211207_153852.flac,445.1,445.1,slcbou1
KEN_001_20211207_153852.flac,458.0,458.0,slcbou1
KEN_001_20211207_153852.flac,471.7,471.7,slcbou1
KEN_001_20211207_153852.flac,516.2,516.2,hamerk1
KEN_001_20211207_153852.flac,668.6,668.6,abethr1
KEN_001_20211207_153852.flac,672.2,672.2,slcbou1
KEN_001_20211207_153852.flac,681.4,681.4,spewea1
KEN_001_20211207_153852.flac,685.2,685.2,abethr1
KEN_001_20211207_153852.flac,690.0,690.0,abethr1
KEN_001_20211207_153852.flac,696.0,696.0,abethr1
KEN_001_20211207_153852.flac,696.9,696.9,subbus1
KEN_001_20211207_153852.flac,700.8,700.8,abethr1
KEN_001_20211207_153852.flac,706.4,706.4,abethr1
KEN_001_20211207_153852.flac,726.9,726.9,abethr1
KEN_001_20211207_153852.flac,755.9,755.9,abethr1
KEN_001_20211207_153852.flac,762.3,762.3,abethr1
KEN_001_20211207_153852.flac,768.0,768.0,abethr1
KEN_001_20211207_153852.flac,775.7,775.7,abethr1
KEN_001_20211207_153852.flac,783.2,783.2,abethr1
KEN_001_20211207_153852.flac,788.4,788.4,abethr1
KEN_001_20211207_153852.flac,798.5,798.5,abethr1
KEN_001_20211207_153852.flac,799.5,799.5,spmthr1
KEN_001_20211207_153852.flac,803.2,803.2,abethr1
KEN_001_20211207_153852.flac,808.3,808.3,abethr1
KEN_001_20211207_153852.flac,812.6,812.6,abethr1
KEN_001_20211207_153852.flac,818.1,818.1,abethr1
KEN_001_20211207_153852.flac,821.1,821.1,spewea1
KEN_001_20211207_153852.flac,822.5,822.5,abethr1
KEN_001_20211207_153852.flac,833.0,833.0,spewea1
KEN_001_20211207_153852.flac,834.1,834.1,subbus1
KEN_001_20211207_153852.flac,835.2,835.2,abethr1
KEN_001_20211207_153852.flac,838.5,838.5,abethr1
KEN_001_20211207_153852.flac,839.3,839.3,spewea1
KEN_001_20211207_153852.flac,843.0,843.0,abethr1
KEN_001_20211207_153852.flac,845.4,845.4,subbus1
KEN_001_20211207_153852.flac,848.7,848.7,abethr1
KEN_001_20211207_153852.flac,853.1,853.1,abethr1
KEN_001_20211207_153852.flac,856.6,856.6,abethr1
KEN_001_20211207_153852.flac,858.1,858.1,subbus1
KEN_001_20211207_153852.flac,864.3,864.3,abethr1
KEN_001_20211207_153852.flac,868.7,868.7,abethr1
KEN_001_20211207_153852.flac,872.2,872.2,abethr1
KEN_001_20211207_153852.flac,873.2,873.2,subbus1
KEN_001_20211207_153852.flac,876.7,876.7,abethr1
KEN_001_20211207_153852.flac,878.6,878.6,abethr1
KEN_001_20211207_153852.flac,879.5,879.5,subbus1
KEN_001_20211207_153852.flac,881.2,881.2,abethr1
KEN_001_20211207_153852.flac,883.3,883.3,subbus1
KEN_001_20211207_153852.flac,884.5,884.5,abethr1
KEN_001_20211207_153852.flac,893.7,893.7,abethr1
KEN_001_20211207_153852.flac,898.2,898.2,abethr1
KEN_001_20211207_153852.flac,902.3,902.3,abethr1
KEN_001_20211207_153852.flac,905.9,905.9,abethr1
KEN_001_20211207_153852.flac,910.0,910.0,abethr1
KEN_001_20211207_153852.flac,911.9,911.9,subbus1
KEN_001_20211207_153852.flac,913.6,913.6,abethr1
KEN_001_20211207_153852.flac,917.9,917.9,abethr1
KEN_001_20211207_153852.flac,918.5,918.5,subbus1
KEN_001_20211207_153852.flac,922.5,922.5,abethr1
KEN_001_20211207_153852.flac,926.1,926.1,abethr1
KEN_001_20211207_153852.flac,933.3,933.3,afecuc1
KEN_001_20211207_153852.flac,935.2,935.2,abethr1
KEN_001_20211207_153852.flac,944.8,944.8,litswi1
KEN_001_20211207_153852.flac,952.6,952.6,subbus1
KEN_001_20211207_153852.flac,959.4,959.4,trobou1
KEN_001_20211207_153852.flac,963.7,963.7,trobou1
KEN_001_20211207_153852.flac,970.7,970.7,trobou1
KEN_001_20211207_153852.flac,971.6,971.6,gnbcam2
KEN_001_20211207_153852.flac,976.7,976.7,trobou1
KEN_001_20211207_153852.flac,981.2,981.2,trobou1
KEN_001_20211207_153852.flac,982.6,982.6,trobou1
KEN_001_20211207_153852.flac,985.4,985.4,trobou1
KEN_001_20211207_153852.flac,988.2,988.2,trobou1
KEN_001_20211207_153852.flac,992.6,992.6,trobou1
KEN_001_20211207_153852.flac,995.5,995.5,trobou1
KEN_001_20211207_153852.flac,997.0,997.0,trobou1
KEN_001_20211207_153852.flac,1001.3,1001.3,trobou1
KEN_001_20211207_153852.flac,1004.2,1004.2,trobou1
KEN_001_20211207_153852.flac,1007.0,1007.0,trobou1
KEN_001_20211207_153852.flac,1008.5,1008.5,trobou1
KEN_001_20211207_153852.flac,1009.9,1009.9,trobou1
KEN_001_20211207_153852.flac,1014.0,1014.0,trobou1
KEN_001_20211207_153852.flac,1018.4,1018.4,trobou1
KEN_001_20211207_153852.flac,1023.0,1023.0,trobou1
KEN_001_20211207_153852.flac,1025.8,1025.8,trobou1
KEN_001_20211207_153852.flac,1028.8,1028.8,trobou1
KEN_001_20211207_153852.flac,1031.7,1031.7,trobou1
KEN_001_20211207_153852.flac,1034.9,1034.9,trobou1
KEN_001_20211207_153852.flac,1037.5,1037.5,trobou1
KEN_001_20211207_153852.flac,1040.5,1040.5,trobou1
KEN_001_20211207_153852.flac,1043.4,1043.4,trobou1
KEN_001_20211207_153852.flac,1044.9,1044.9,trobou1
KEN_001_20211207_153852.flac,1049.0,1049.0,trobou1
KEN_001_20211207_153852.flac,1052.2,1052.2,trobou1
KEN_001_20211207_153852.flac,1055.1,1055.1,trobou1
KEN_001_20211207_153852.flac,1058.0,1058.0,trobou1
KEN_001_20211207_153852.flac,1077.3,1077.3,refcro1
KEN_001_20211207_153852.flac,1118.0,1118.0,spewea1
KEN_001_20211207_153852.flac,1227.1,1227.1,wbrcha2
KEN_001_20211207_153852.flac,1270.3,1270.3,slcbou1
KEN_001_20211207_153852.flac,1322.6,1322.6,slcbou1
KEN_001_20211207_153852.flac,1506.3,1506.3,yelbis1
KEN_001_20211207_153852.flac,1510.6,1510.6,carwoo1
KEN_001_20211207_153852.flac,1537.9,1537.9,eswdov1
KEN_001_20211207_153852.flac,1539.7,1539.7,eswdov1
KEN_001_20211207_153852.flac,1545.3,1545.3,sincis1
KEN_001_20211207_153852.flac,1561.0,1561.0,eswdov1
KEN_001_20211207_153852.flac,1563.2,1563.2,eswdov1
KEN_001_20211207_153852.flac,1566.0,1566.0,eswdov1
KEN_001_20211207_153852.flac,1568.4,1568.4,eswdov1
KEN_001_20211207_153852.flac,1596.4,1596.4,eswdov1
KEN_001_20211207_153852.flac,1599.1,1599.1,eswdov1
KEN_001_20211207_153852.flac,1601.4,1601.4,eswdov1
KEN_001_20211207_153852.flac,1682.7,1682.7,slcbou1
KEN_001_20211207_153852.flac,1686.1,1686.1,yelbis1
KEN_001_20211207_153852.flac,1701.7,1701.7,slcbou1
KEN_001_20211207_153852.flac,1750.6,1750.6,hipbab1
KEN_001_20211207_153852.flac,1786.7,1786.7,spewea1
KEN_001_20211207_153852.flac,1803.4,1803.4,spewea1
KEN_001_20211207_153852.flac,1869.6,1869.6,blbpuf2
KEN_001_20211207_153852.flac,1870.7,1870.7,blbpuf2
KEN_001_20211207_153852.flac,2160.3,2160.3,abethr1
KEN_001_20211207_153852.flac,2164.5,2164.5,abethr1
KEN_001_20211207_153852.flac,2168.6,2168.6,abethr1
KEN_001_20211207_153852.flac,2172.2,2172.2,abethr1
KEN_001_20211207_153852.flac,2176.3,2176.3,abethr1
KEN_001_20211207_153852.flac,2180.1,2180.1,abethr1
KEN_001_20211207_153852.flac,2183.2,2183.2,abethr1
KEN_001_20211207_153852.flac,2187.3,2187.3,abethr1
KEN_001_20211207_153852.flac,2190.8,2190.8,abethr1
KEN_001_20211207_153852.flac,2194.3,2194.3,abethr1
KEN_001_20211207_153852.flac,2197.8,2197.8,abethr1
KEN_001_20211207_153852.flac,2201.2,2201.2,abethr1
KEN_001_20211207_153852.flac,2205.0,2205.0,abethr1
KEN_001_20211207_153852.flac,2209.0,2209.0,abethr1
KEN_001_20211207_153852.flac,2213.7,2213.7,abethr1
KEN_001_20211207_153852.flac,2217.5,2217.5,abethr1
KEN_001_20211207_153852.flac,2220.5,2220.5,abethr1
KEN_001_20211207_153852.flac,2223.1,2223.1,abethr1
KEN_001_20211207_153852.flac,2226.7,2226.7,abethr1
KEN_001_20211207_153852.flac,2230.3,2230.3,abethr1
KEN_001_20211207_153852.flac,2234.1,2234.1,abethr1
KEN_001_20211207_153852.flac,2238.1,2238.1,abethr1
KEN_001_20211207_153852.flac,2242.3,2242.3,abethr1
KEN_001_20211207_153852.flac,2418.5,2418.5,combul2
KEN_001_20211207_153852.flac,2421.9,2421.9,combul2
KEN_001_20211207_153852.flac,2501.6,2501.6,trobou1
KEN_001_20211207_153852.flac,2504.6,2504.6,trobou1
KEN_001_20211207_153852.flac,2508.8,2508.8,trobou1
KEN_001_20211207_153852.flac,2513.4,2513.4,trobou1
KEN_001_20211207_153852.flac,2516.2,2516.2,trobou1
KEN_001_20211207_153852.flac,2519.3,2519.3,trobou1
KEN_001_20211207_153852.flac,2523.9,2523.9,trobou1
KEN_001_20211207_153852.flac,2530.1,2530.1,trobou1
KEN_001_20211207_153852.flac,2538.3,2538.3,trobou1
KEN_001_20211207_153852.flac,2541.3,2541.3,trobou1
KEN_001_20211207_153852.flac,2826.0,2826.0,trobou1
KEN_001_20211207_153852.flac,2832.1,2832.1,trobou1
KEN_001_20211207_153852.flac,2839.3,2839.3,trobou1
KEN_001_20211207_153852.flac,2852.9,2852.9,trobou1
KEN_001_20211207_153852.flac,2856.6,2856.6,trobou1
KEN_001_20211207_153852.flac,2862.1,2862.1,trobou1
KEN_001_20211207_153852.flac,2865.7,2865.7,trobou1
KEN_001_20211207_153852.flac,2871.7,2871.7,trobou1
KEN_001_20211207_153852.flac,2875.6,2875.6,trobou1
KEN_001_20211207_153852.flac,2879.4,2879.4,trobou1
KEN_001_20211207_153852.flac,2893.5,2893.5,trobou1
KEN_001_20211207_153852.flac,2903.7,2903.7,trobou1
KEN_001_20211207_153852.flac,2910.8,2910.8,trobou1
KEN_001_20211207_153852.flac,2938.3,2938.3,slcbou1
KEN_001_20211207_153852.flac,2942.2,2942.2,slcbou1
KEN_001_20211207_153852.flac,2946.5,2946.5,slcbou1
KEN_001_20211207_153852.flac,3033.3,3033.3,yelbis1
KEN_001_20211207_153852.flac,3066.4,3066.4,slcbou1
KEN_001_20211207_153852.flac,3070.8,3070.8,slcbou1
KEN_001_20211207_153852.flac,3072.5,3072.5,rufcha2
KEN_001_20211207_153852.flac,3074.8,3074.8,rufcha2
KEN_001_20211207_153852.flac,3075.6,3075.6,slcbou1
KEN_001_20211207_153852.flac,3078.8,3078.8,slcbou1
KEN_001_20211207_153852.flac,3105.2,3105.2,rufcha2
KEN_001_20211207_153852.flac,3107.3,3107.3,rufcha2
KEN_001_20211207_153852.flac,3212.4,3212.4,wbswea1
KEN_001_20211207_153852.flac,3213.9,3213.9,wbswea1
KEN_001_20211207_153852.flac,3237.9,3237.9,wbswea1
KEN_001_20211207_153852.flac,3253.0,3253.0,wbswea1
KEN_001_20211207_153852.flac,3254.9,3254.9,wbswea1
KEN_001_20211207_153852.flac,3268.1,3268.1,wbswea1
KEN_001_20211207_153852.flac,3272.2,3272.2,wbswea1
KEN_001_20211207_153852.flac,3278.6,3278.6,wbswea1
KEN_001_20211207_153852.flac,3296.4,3296.4,wbswea1
KEN_001_20211207_153852.flac,3316.6,3316.6,wbswea1
KEN_001_20211207_153852.flac,3345.0,3345.0,eswdov1
KEN_001_20211207_153852.flac,3427.5,3427.5,trobou1
KEN_001_20211207_153852.flac,3434.8,3434.8,trobou1
KEN_001_20211207_153852.flac,3438.7,3438.7,trobou1
KEN_001_20211207_153852.flac,3447.1,3447.1,trobou1
KEN_001_20211207_153852.flac,3573.5,3573.5,slcbou1
KEN_002_20211208_042640.flac,29.4,29.4,hamerk1
KEN_002_20211208_042640.flac,64.0,64.0,blbpuf2
KEN_002_20211208_042640.flac,65.7,65.7,blbpuf2
KEN_002_20211208_042640.flac,87.5,87.5,wbswea1
KEN_002_20211208_042640.flac,90.1,90.1,wbswea1
KEN_002_20211208_042640.flac,95.9,95.9,wbswea1
KEN_002_20211208_042640.flac,98.1,98.1,wbswea1
KEN_002_20211208_042640.flac,102.1,102.1,slcbou1
KEN_002_20211208_042640.flac,105.1,105.1,slcbou1
KEN_002_20211208_042640.flac,129.0,129.0,fotdro5
KEN_002_20211208_042640.flac,136.6,136.6,blbpuf2
KEN_002_20211208_042640.flac,138.0,138.0,blbpuf2
KEN_002_20211208_042640.flac,144.9,144.9,abethr1
KEN_002_20211208_042640.flac,147.7,147.7,wbswea1
KEN_002_20211208_042640.flac,156.1,156.1,abethr1
KEN_002_20211208_042640.flac,165.2,165.2,wbswea1
KEN_002_20211208_042640.flac,198.6,198.6,abethr1
KEN_002_20211208_042640.flac,200.2,200.2,sobfly1
KEN_002_20211208_042640.flac,202.9,202.9,abethr1
KEN_002_20211208_042640.flac,209.4,209.4,abethr1
KEN_002_20211208_042640.flac,212.6,212.6,sobfly1
KEN_002_20211208_042640.flac,220.4,220.4,wbswea1
KEN_002_20211208_042640.flac,232.7,232.7,blbpuf2
KEN_002_20211208_042640.flac,234.8,234.8,blbpuf2
KEN_002_20211208_042640.flac,240.4,240.4,abethr1
KEN_002_20211208_042640.flac,267.0,267.0,abethr1
KEN_002_20211208_042640.flac,270.8,270.8,hamerk1
KEN_002_20211208_042640.flac,272.9,272.9,hamerk1
KEN_002_20211208_042640.flac,274.2,274.2,hamerk1
KEN_002_20211208_042640.flac,276.7,276.7,abethr1
KEN_002_20211208_042640.flac,285.9,285.9,abethr1
KEN_002_20211208_042640.flac,287.3,287.3,gnbcam2
KEN_002_20211208_042640.flac,302.2,302.2,hamerk1
KEN_002_20211208_042640.flac,304.6,304.6,hamerk1
KEN_002_20211208_042640.flac,309.0,309.0,slcbou1
KEN_002_20211208_042640.flac,311.8,311.8,slcbou1
KEN_002_20211208_042640.flac,314.4,314.4,slcbou1
KEN_002_20211208_042640.flac,320.5,320.5,slcbou1
KEN_002_20211208_042640.flac,323.2,323.2,tafpri1
KEN_002_20211208_042640.flac,327.7,327.7,slcbou1
KEN_002_20211208_042640.flac,330.4,330.4,tafpri1
KEN_002_20211208_042640.flac,336.9,336.9,refcro1
KEN_002_20211208_042640.flac,342.6,342.6,refcro1
KEN_002_20211208_042640.flac,350.7,350.7,refcro1
KEN_002_20211208_042640.flac,356.6,356.6,refcro1
KEN_002_20211208_042640.flac,368.1,368.1,reccor
KEN_002_20211208_042640.flac,370.8,370.8,refcro1
KEN_002_20211208_042640.flac,372.6,372.6,reccor
KEN_002_20211208_042640.flac,376.4,376.4,reccor
KEN_002_20211208_042640.flac,382.2,382.2,fotdro5
KEN_002_20211208_042640.flac,383.5,383.5,reccor
KEN_002_20211208_042640.flac,385.5,385.5,slcbou1
KEN_002_20211208_042640.flac,395.1,395.1,reccor
KEN_002_20211208_042640.flac,397.2,397.2,hamerk1
KEN_002_20211208_042640.flac,401.5,401.5,reccor
KEN_002_20211208_042640.flac,402.2,402.2,slcbou1
KEN_002_20211208_042640.flac,409.4,409.4,reccor
KEN_002_20211208_042640.flac,419.4,419.4,hamerk1
KEN_002_20211208_042640.flac,432.0,432.0,reccor
KEN_002_20211208_042640.flac,439.5,439.5,reccor
KEN_002_20211208_042640.flac,450.2,450.2,sobfly1
KEN_002_20211208_042640.flac,465.1,465.1,reccor
KEN_002_20211208_042640.flac,480.9,480.9,sobfly1
KEN_002_20211208_042640.flac,493.5,493.5,hamerk1
KEN_002_20211208_042640.flac,497.5,497.5,hamerk1
KEN_002_20211208_042640.flac,515.2,515.2,sobfly1
KEN_002_20211208_042640.flac,547.6,547.6,darbar1
KEN_002_20211208_042640.flac,550.1,550.1,darbar1
KEN_002_20211208_042640.flac,553.8,553.8,darbar1
KEN_002_20211208_042640.flac,555.6,555.6,darbar1
KEN_002_20211208_042640.flac,560.7,560.7,darbar1
KEN_002_20211208_042640.flac,562.8,562.8,darbar1
KEN_002_20211208_042640.flac,566.7,566.7,darbar1
KEN_002_20211208_042640.flac,569.9,569.9,darbar1
KEN_002_20211208_042640.flac,572.7,572.7,darbar1
KEN_002_20211208_042640.flac,574.8,574.8,darbar1
KEN_002_20211208_042640.flac,578.1,578.1,darbar1
KEN_002_20211208_042640.flac,581.3,581.3,darbar1
KEN_002_20211208_042640.flac,592.4,592.4,darbar1
KEN_002_20211208_042640.flac,594.7,594.7,darbar1
KEN_002_20211208_042640.flac,597.7,597.7,darbar1
KEN_002_20211208_042640.flac,600.6,600.6,darbar1
KEN_002_20211208_042640.flac,644.0,644.0,blbpuf2
KEN_002_20211208_042640.flac,646.7,646.7,blbpuf2
KEN_002_20211208_042640.flac,661.3,661.3,slcbou1
KEN_002_20211208_042640.flac,690.5,690.5,slcbou1
KEN_002_20211208_042640.flac,738.0,738.0,abethr1
KEN_002_20211208_042640.flac,797.6,797.6,tafpri1
KEN_002_20211208_042640.flac,820.4,820.4,blbpuf2
KEN_002_20211208_042640.flac,822.6,822.6,blbpuf2
KEN_002_20211208_042640.flac,833.4,833.4,gnbcam2
KEN_002_20211208_042640.flac,877.1,877.1,abethr1
KEN_002_20211208_042640.flac,887.7,887.7,abethr1
KEN_002_20211208_042640.flac,900.6,900.6,reccor
KEN_002_20211208_042640.flac,931.5,931.5,wbswea1
KEN_002_20211208_042640.flac,954.7,954.7,abethr1
KEN_002_20211208_042640.flac,964.6,964.6,blbpuf2
KEN_002_20211208_042640.flac,982.5,982.5,blbpuf2
KEN_002_20211208_042640.flac,996.0,996.0,abethr1
KEN_002_20211208_042640.flac,999.6,999.6,blacuc1
KEN_002_20211208_042640.flac,1011.5,1011.5,abethr1
KEN_002_20211208_042640.flac,1020.9,1020.9,abethr1
KEN_002_20211208_042640.flac,1036.2,1036.2,darbar1
KEN_002_20211208_042640.flac,1037.9,1037.9,abethr1
KEN_002_20211208_042640.flac,1039.0,1039.0,darbar1
KEN_002_20211208_042640.flac,1042.8,1042.8,darbar1
KEN_002_20211208_042640.flac,1046.6,1046.6,abethr1
KEN_002_20211208_042640.flac,1049.8,1049.8,darbar1
KEN_002_20211208_042640.flac,1058.4,1058.4,abethr1
KEN_002_20211208_042640.flac,1060.8,1060.8,darbar1
KEN_002_20211208_042640.flac,1065.9,1065.9,darbar1
KEN_002_20211208_042640.flac,1112.7,1112.7,abethr1
KEN_002_20211208_042640.flac,1118.5,1118.5,sobfly1
KEN_002_20211208_042640.flac,1127.1,1127.1,hadibi1
KEN_002_20211208_042640.flac,1130.2,1130.2,hadibi1
KEN_002_20211208_042640.flac,1134.0,1134.0,hadibi1
KEN_002_20211208_042640.flac,1178.3,1178.3,hamerk1
KEN_002_20211208_042640.flac,1211.4,1211.4,colsun2
KEN_002_20211208_042640.flac,1241.4,1241.4,hamerk1
KEN_002_20211208_042640.flac,1268.3,1268.3,hamerk1
KEN_002_20211208_042640.flac,1286.4,1286.4,gyhkin1
KEN_002_20211208_042640.flac,1296.5,1296.5,gyhkin1
KEN_002_20211208_042640.flac,1310.7,1310.7,blacuc1
KEN_002_20211208_042640.flac,1314.3,1314.3,blacuc1
KEN_002_20211208_042640.flac,1318.0,1318.0,blacuc1
KEN_002_20211208_042640.flac,1325.9,1325.9,blacuc1
KEN_002_20211208_042640.flac,1329.8,1329.8,blacuc1
KEN_002_20211208_042640.flac,1334.2,1334.2,blacuc1
KEN_002_20211208_042640.flac,1356.3,1356.3,gyhkin1
KEN_002_20211208_042640.flac,1357.2,1357.2,hamerk1
KEN_002_20211208_042640.flac,1360.9,1360.9,hamerk1
KEN_002_20211208_042640.flac,1382.0,1382.0,combul2
KEN_002_20211208_042640.flac,1449.3,1449.3,darbar1
KEN_002_20211208_042640.flac,1452.3,1452.3,darbar1
KEN_002_20211208_042640.flac,1454.2,1454.2,darbar1
KEN_002_20211208_042640.flac,1458.0,1458.0,darbar1
KEN_002_20211208_042640.flac,1460.9,1460.9,darbar1
KEN_002_20211208_042640.flac,1464.3,1464.3,darbar1
KEN_002_20211208_042640.flac,1467.3,1467.3,darbar1
KEN_002_20211208_042640.flac,1470.3,1470.3,darbar1
KEN_002_20211208_042640.flac,1480.7,1480.7,fotdro5
KEN_002_20211208_042640.flac,1491.9,1491.9,wbswea1
KEN_002_20211208_042640.flac,1498.7,1498.7,wbswea1
KEN_002_20211208_042640.flac,1512.9,1512.9,fotdro5
KEN_002_20211208_042640.flac,1522.3,1522.3,blbpuf2
KEN_002_20211208_042640.flac,1535.5,1535.5,refcro1
KEN_002_20211208_042640.flac,1539.4,1539.4,wbswea1
KEN_002_20211208_042640.flac,1592.7,1592.7,blacuc1
KEN_002_20211208_042640.flac,1600.7,1600.7,blacuc1
KEN_002_20211208_042640.flac,1609.2,1609.2,blacuc1
KEN_002_20211208_042640.flac,1616.9,1616.9,blacuc1
KEN_002_20211208_042640.flac,1624.9,1624.9,blacuc1
KEN_002_20211208_042640.flac,1630.1,1630.1,blbpuf2
KEN_002_20211208_042640.flac,1633.0,1633.0,blacuc1
KEN_002_20211208_042640.flac,1640.9,1640.9,blacuc1
KEN_002_20211208_042640.flac,1644.8,1644.8,blacuc1
KEN_002_20211208_042640.flac,1653.4,1653.4,blacuc1
KEN_002_20211208_042640.flac,1657.2,1657.2,abethr1
KEN_002_20211208_042640.flac,1665.2,1665.2,blacuc1
KEN_002_20211208_042640.flac,1699.3,1699.3,chibat1
KEN_002_20211208_042640.flac,1702.3,1702.3,chibat1
KEN_002_20211208_042640.flac,1707.7,1707.7,carwoo1
KEN_002_20211208_042640.flac,1709.0,1709.0,tafpri1
KEN_002_20211208_042640.flac,1710.3,1710.3,blbpuf2
KEN_002_20211208_042640.flac,1712.1,1712.1,tafpri1
KEN_002_20211208_042640.flac,1715.1,1715.1,wbswea1
KEN_002_20211208_042640.flac,1733.9,1733.9,tafpri1
KEN_002_20211208_042640.flac,1764.1,1764.1,whbwhe3
KEN_002_20211208_042640.flac,1779.6,1779.6,wbswea1
KEN_002_20211208_042640.flac,1786.4,1786.4,whbwhe3
KEN_002_20211208_042640.flac,1798.5,1798.5,whbwhe3
KEN_002_20211208_042640.flac,1818.0,1818.0,whbwhe3
KEN_002_20211208_042640.flac,1823.8,1823.8,wbswea1
KEN_002_20211208_042640.flac,1836.8,1836.8,yenspu1
KEN_002_20211208_042640.flac,1852.4,1852.4,tafpri1
KEN_002_20211208_042640.flac,1853.6,1853.6,gyhkin1
KEN_002_20211208_042640.flac,1863.0,1863.0,whbwhe3
KEN_002_20211208_042640.flac,1904.9,1904.9,whbwhe3
KEN_002_20211208_042640.flac,1927.0,1927.0,gnbcam2
KEN_002_20211208_042640.flac,1937.3,1937.3,reccor
KEN_002_20211208_042640.flac,1942.4,1942.4,reccor
KEN_002_20211208_042640.flac,1949.7,1949.7,reccor
KEN_002_20211208_042640.flac,1952.2,1952.2,reccuc1
KEN_002_20211208_042640.flac,1953.4,1953.4,reccor
KEN_002_20211208_042640.flac,1954.4,1954.4,reccuc1
KEN_002_20211208_042640.flac,1956.5,1956.5,reccor
KEN_002_20211208_042640.flac,1960.7,1960.7,reccor
KEN_002_20211208_042640.flac,1964.5,1964.5,reccor
KEN_002_20211208_042640.flac,1967.4,1967.4,reccor
KEN_002_20211208_042640.flac,1971.8,1971.8,reccor
KEN_002_20211208_042640.flac,1979.5,1979.5,reccor
KEN_002_20211208_042640.flac,1984.9,1984.9,reccor
KEN_002_20211208_042640.flac,1988.7,1988.7,reccor
KEN_002_20211208_042640.flac,2000.3,2000.3,reccor
KEN_002_20211208_042640.flac,2004.5,2004.5,reccor
KEN_002_20211208_042640.flac,2009.7,2009.7,reccor
KEN_002_20211208_042640.flac,2012.5,2012.5,reccor
KEN_002_20211208_042640.flac,2016.5,2016.5,reccor
KEN_002_20211208_042640.flac,2049.0,2049.0,reccor
KEN_002_20211208_042640.flac,2063.2,2063.2,reccor
KEN_002_20211208_042640.flac,2068.1,2068.1,reccor
KEN_002_20211208_042640.flac,2075.7,2075.7,wbswea1
KEN_002_20211208_042640.flac,2079.1,2079.1,blbpuf2
KEN_002_20211208_042640.flac,2090.4,2090.4,blbpuf2
KEN_002_20211208_042640.flac,2096.4,2096.4,reccor
KEN_002_20211208_042640.flac,2104.0,2104.0,gnbcam2
KEN_002_20211208_042640.flac,2106.4,2106.4,gnbcam2
KEN_002_20211208_042640.flac,2109.5,2109.5,blbpuf2
KEN_002_20211208_042640.flac,2110.0,2110.0,gnbcam2
KEN_002_20211208_042640.flac,2111.8,2111.8,blbpuf2
KEN_002_20211208_042640.flac,2114.5,2114.5,gnbcam2
KEN_002_20211208_042640.flac,2135.9,2135.9,blbpuf2
KEN_002_20211208_042640.flac,2146.5,2146.5,blbpuf2
KEN_002_20211208_042640.flac,2165.3,2165.3,sobfly1
KEN_002_20211208_042640.flac,2168.7,2168.7,blbpuf2
KEN_002_20211208_042640.flac,2179.3,2179.3,blbpuf2
KEN_002_20211208_042640.flac,2181.8,2181.8,reccor
KEN_002_20211208_042640.flac,2193.9,2193.9,blbpuf2
KEN_002_20211208_042640.flac,2199.7,2199.7,blbpuf2
KEN_002_20211208_042640.flac,2206.6,2206.6,sobfly1
KEN_002_20211208_042640.flac,2213.5,2213.5,hadibi1
KEN_002_20211208_042640.flac,2217.9,2217.9,wbswea1
KEN_002_20211208_042640.flac,2233.1,2233.1,sccsun2
KEN_002_20211208_042640.flac,2239.2,2239.2,sobfly1
KEN_002_20211208_042640.flac,2240.8,2240.8,blbpuf2
KEN_002_20211208_042640.flac,2241.8,2241.8,sccsun2
KEN_002_20211208_042640.flac,2243.4,2243.4,sccsun2
KEN_002_20211208_042640.flac,2247.3,2247.3,sccsun2
KEN_002_20211208_042640.flac,2248.1,2248.1,blbpuf2
KEN_002_20211208_042640.flac,2253.9,2253.9,sccsun2
KEN_002_20211208_042640.flac,2257.3,2257.3,sccsun2
KEN_002_20211208_042640.flac,2266.4,2266.4,wbswea1
KEN_002_20211208_042640.flac,2270.5,2270.5,sobfly1
KEN_002_20211208_042640.flac,2298.0,2298.0,wbswea1
KEN_002_20211208_042640.flac,2301.6,2301.6,sobfly1
KEN_002_20211208_042640.flac,2310.0,2310.0,sccsun2
KEN_002_20211208_042640.flac,2329.2,2329.2,sobfly1
KEN_002_20211208_042640.flac,2337.3,2337.3,sobfly1
KEN_002_20211208_042640.flac,2341.4,2341.4,sobfly1
KEN_002_20211208_042640.flac,2343.6,2343.6,sobfly1
KEN_002_20211208_042640.flac,2347.1,2347.1,sobfly1
KEN_002_20211208_042640.flac,2349.6,2349.6,sobfly1
KEN_002_20211208_042640.flac,2351.6,2351.6,wbswea1
KEN_002_20211208_042640.flac,2354.2,2354.2,sobfly1
KEN_002_20211208_042640.flac,2356.4,2356.4,sccsun2
KEN_002_20211208_042640.flac,2356.7,2356.7,sobfly1
KEN_002_20211208_042640.flac,2358.0,2358.0,sobfly1
KEN_002_20211208_042640.flac,2361.4,2361.4,wbswea1
KEN_002_20211208_042640.flac,2363.8,2363.8,sobfly1
KEN_002_20211208_042640.flac,2365.4,2365.4,sobfly1
KEN_002_20211208_042640.flac,2368.9,2368.9,sobfly1
KEN_002_20211208_042640.flac,2369.7,2369.7,sccsun2
KEN_002_20211208_042640.flac,2373.2,2373.2,sobfly1
KEN_002_20211208_042640.flac,2374.8,2374.8,sobfly1
KEN_002_20211208_042640.flac,2378.0,2378.0,sobfly1
KEN_002_20211208_042640.flac,2380.9,2380.9,sobfly1
KEN_002_20211208_042640.flac,2383.5,2383.5,wbswea1
KEN_002_20211208_042640.flac,2389.0,2389.0,sobfly1
KEN_002_20211208_042640.flac,2392.1,2392.1,sobfly1
KEN_002_20211208_042640.flac,2394.5,2394.5,sobfly1
KEN_002_20211208_042640.flac,2395.8,2395.8,subbus1
KEN_002_20211208_042640.flac,2398.5,2398.5,sobfly1
KEN_002_20211208_042640.flac,2402.1,2402.1,sobfly1
KEN_002_20211208_042640.flac,2405.8,2405.8,sobfly1
KEN_002_20211208_042640.flac,2409.1,2409.1,sobfly1
KEN_002_20211208_042640.flac,2411.8,2411.8,sobfly1
KEN_002_20211208_042640.flac,2416.0,2416.0,wbswea1
KEN_002_20211208_042640.flac,2418.1,2418.1,sobfly1
KEN_002_20211208_042640.flac,2423.2,2423.2,sobfly1
KEN_002_20211208_042640.flac,2423.6,2423.6,wbswea1
KEN_002_20211208_042640.flac,2426.8,2426.8,sobfly1
KEN_002_20211208_042640.flac,2430.8,2430.8,sobfly1
KEN_002_20211208_042640.flac,2467.7,2467.7,wbswea1
KEN_002_20211208_042640.flac,2470.2,2470.2,sobfly1
KEN_002_20211208_042640.flac,2474.4,2474.4,sobfly1
KEN_002_20211208_042640.flac,2478.3,2478.3,sobfly1
KEN_002_20211208_042640.flac,2480.5,2480.5,wbswea1
KEN_002_20211208_042640.flac,2485.4,2485.4,sobfly1
KEN_002_20211208_042640.flac,2489.5,2489.5,sobfly1
KEN_002_20211208_042640.flac,2493.8,2493.8,sobfly1
KEN_002_20211208_042640.flac,2496.4,2496.4,sobfly1
KEN_002_20211208_042640.flac,2497.7,2497.7,wbswea1
KEN_002_20211208_042640.flac,2499.8,2499.8,sobfly1
KEN_002_20211208_042640.flac,2505.7,2505.7,wbswea1
KEN_002_20211208_042640.flac,2517.3,2517.3,wbswea1
KEN_002_20211208_042640.flac,2520.1,2520.1,sobfly1
KEN_002_20211208_042640.flac,2529.4,2529.4,sobfly1
KEN_002_20211208_042640.flac,2535.1,2535.1,sobfly1
KEN_002_20211208_042640.flac,2536.5,2536.5,wbswea1
KEN_002_20211208_042640.flac,2539.6,2539.6,sobfly1
KEN_002_20211208_042640.flac,2552.9,2552.9,sobfly1
KEN_002_20211208_042640.flac,2554.8,2554.8,pabspa1
KEN_002_20211208_042640.flac,2563.1,2563.1,pabspa1
KEN_002_20211208_042640.flac,2570.3,2570.3,pabspa1
KEN_002_20211208_042640.flac,2589.6,2589.6,wbswea1
KEN_002_20211208_042640.flac,2593.1,2593.1,wbswea1
KEN_002_20211208_042640.flac,2602.1,2602.1,combul2
KEN_002_20211208_042640.flac,2609.0,2609.0,combul2
KEN_002_20211208_042640.flac,2704.7,2704.7,blbpuf2
KEN_002_20211208_042640.flac,2720.0,2720.0,blbpuf2
KEN_002_20211208_042640.flac,2722.6,2722.6,blbpuf2
KEN_002_20211208_042640.flac,2743.7,2743.7,didcuc1
KEN_002_20211208_042640.flac,2746.9,2746.9,didcuc1
KEN_002_20211208_042640.flac,2752.7,2752.7,didcuc1
KEN_002_20211208_042640.flac,2754.2,2754.2,wbswea1
KEN_002_20211208_042640.flac,2757.1,2757.1,didcuc1
KEN_002_20211208_042640.flac,2759.9,2759.9,didcuc1
KEN_002_20211208_042640.flac,2762.7,2762.7,didcuc1
KEN_002_20211208_042640.flac,2762.8,2762.8,gnbcam2
KEN_002_20211208_042640.flac,2764.4,2764.4,gnbcam2
KEN_002_20211208_042640.flac,2766.5,2766.5,gnbcam2
KEN_002_20211208_042640.flac,2771.7,2771.7,blbpuf2
KEN_002_20211208_042640.flac,2784.0,2784.0,blbpuf2
KEN_002_20211208_042640.flac,2797.6,2797.6,blbpuf2
KEN_002_20211208_042640.flac,2825.2,2825.2,afrgos1
KEN_002_20211208_042640.flac,2830.0,2830.0,afrgos1
KEN_002_20211208_042640.flac,2844.0,2844.0,gnbcam2
KEN_002_20211208_042640.flac,2855.1,2855.1,gnbcam2
KEN_002_20211208_042640.flac,2868.4,2868.4,wbswea1
KEN_002_20211208_042640.flac,2879.1,2879.1,gnbcam2
KEN_002_20211208_042640.flac,2884.4,2884.4,gnbcam2
KEN_002_20211208_042640.flac,2888.0,2888.0,gnbcam2
KEN_002_20211208_042640.flac,2889.5,2889.5,slcbou1
KEN_002_20211208_042640.flac,2891.9,2891.9,gnbcam2
KEN_002_20211208_042640.flac,2919.5,2919.5,scthon1
KEN_002_20211208_042640.flac,2931.5,2931.5,wbswea1
KEN_002_20211208_042640.flac,2933.3,2933.3,wbswea1
KEN_002_20211208_042640.flac,2961.4,2961.4,yebapa1
KEN_002_20211208_042640.flac,2964.2,2964.2,yebapa1
KEN_002_20211208_042640.flac,2973.9,2973.9,yebapa1
KEN_002_20211208_042640.flac,2979.6,2979.6,wbswea1
KEN_002_20211208_042640.flac,2987.8,2987.8,yebapa1
KEN_002_20211208_042640.flac,3021.5,3021.5,rufcha2
KEN_002_20211208_042640.flac,3027.7,3027.7,rufcha2
KEN_002_20211208_042640.flac,3033.6,3033.6,rufcha2
KEN_002_20211208_042640.flac,3041.1,3041.1,wbswea1
KEN_002_20211208_042640.flac,3045.9,3045.9,rufcha2
KEN_002_20211208_042640.flac,3048.5,3048.5,reccor
KEN_002_20211208_042640.flac,3053.2,3053.2,rufcha2
KEN_002_20211208_042640.flac,3060.2,3060.2,rufcha2
KEN_002_20211208_042640.flac,3068.4,3068.4,rufcha2
KEN_002_20211208_042640.flac,3075.1,3075.1,rufcha2
KEN_002_20211208_042640.flac,3096.4,3096.4,afrgos1
KEN_002_20211208_042640.flac,3099.2,3099.2,afrgos1
KEN_002_20211208_042640.flac,3101.2,3101.2,rufcha2
KEN_002_20211208_042640.flac,3101.3,3101.3,afrgos1
KEN_002_20211208_042640.flac,3104.7,3104.7,rufcha2
KEN_002_20211208_042640.flac,3118.2,3118.2,hadibi1
KEN_002_20211208_042640.flac,3121.3,3121.3,rufcha2
KEN_002_20211208_042640.flac,3125.2,3125.2,hadibi1
KEN_002_20211208_042640.flac,3133.1,3133.1,hadibi1
KEN_002_20211208_042640.flac,3138.4,3138.4,hadibi1
KEN_002_20211208_042640.flac,3141.1,3141.1,slcbou1
KEN_002_20211208_042640.flac,3153.5,3153.5,combul2
KEN_002_20211208_042640.flac,3158.4,3158.4,sobfly1
KEN_002_20211208_042640.flac,3160.1,3160.1,refcro1
KEN_002_20211208_042640.flac,3165.8,3165.8,sobfly1
KEN_002_20211208_042640.flac,3167.1,3167.1,blbpuf2
KEN_002_20211208_042640.flac,3171.2,3171.2,blbpuf2
KEN_002_20211208_042640.flac,3176.2,3176.2,refcro1
KEN_002_20211208_042640.flac,3181.4,3181.4,combul2
KEN_002_20211208_042640.flac,3182.6,3182.6,rufcha2
KEN_002_20211208_042640.flac,3184.9,3184.9,refcro1
KEN_002_20211208_042640.flac,3194.7,3194.7,combul2
KEN_002_20211208_042640.flac,3197.0,3197.0,blbpuf2
KEN_002_20211208_042640.flac,3198.9,3198.9,combul2
KEN_002_20211208_042640.flac,3201.2,3201.2,combul2
KEN_002_20211208_042640.flac,3205.0,3205.0,combul2
KEN_002_20211208_042640.flac,3209.4,3209.4,whbwhe3
KEN_002_20211208_042640.flac,3211.0,3211.0,combul2
KEN_002_20211208_042640.flac,3218.6,3218.6,reccor
KEN_002_20211208_042640.flac,3228.9,3228.9,reccor
KEN_002_20211208_042640.flac,3235.4,3235.4,slcbou1
KEN_002_20211208_042640.flac,3244.4,3244.4,slcbou1
KEN_002_20211208_042640.flac,3257.9,3257.9,rufcha2
KEN_002_20211208_042640.flac,3261.5,3261.5,slcbou1
KEN_002_20211208_042640.flac,3271.2,3271.2,slcbou1
KEN_002_20211208_042640.flac,3283.9,3283.9,reccor
KEN_002_20211208_042640.flac,3288.1,3288.1,slcbou1
KEN_002_20211208_042640.flac,3297.6,3297.6,blbpuf2
KEN_002_20211208_042640.flac,3302.9,3302.9,slcbou1
KEN_002_20211208_042640.flac,3314.8,3314.8,slcbou1
KEN_002_20211208_042640.flac,3317.7,3317.7,whbwhe3
KEN_002_20211208_042640.flac,3325.2,3325.2,blbpuf2
KEN_002_20211208_042640.flac,3330.8,3330.8,whbwhe3
KEN_002_20211208_042640.flac,3336.7,3336.7,sincis1
KEN_002_20211208_042640.flac,3343.1,3343.1,sincis1
KEN_002_20211208_042640.flac,3360.1,3360.1,slcbou1
KEN_002_20211208_042640.flac,3419.6,3419.6,whbwhe3
KEN_002_20211208_042640.flac,3432.6,3432.6,whbwhe3
KEN_002_20211208_042640.flac,3460.5,3460.5,whbwhe3
KEN_002_20211208_042640.flac,3480.4,3480.4,whbwhe3
KEN_002_20211208_042640.flac,3493.4,3493.4,blbpuf2
KEN_002_20211208_042640.flac,3496.8,3496.8,sccsun2
KEN_002_20211208_042640.flac,3512.5,3512.5,sccsun2
KEN_002_20211208_042640.flac,3521.3,3521.3,sccsun2
KEN_003_20211209_072349.flac,0.6,0.6,tafpri1
KEN_003_20211209_072349.flac,1.6,1.6,whbcou1
KEN_003_20211209_072349.flac,3.3,3.3,tafpri1
KEN_003_20211209_072349.flac,29.0,29.0,tafpri1
KEN_003_20211209_072349.flac,38.3,38.3,tafpri1
KEN_003_20211209_072349.flac,115.9,115.9,gnbcam2
KEN_003_20211209_072349.flac,130.2,130.2,gnbcam2
KEN_003_20211209_072349.flac,244.0,244.0,combul2
KEN_003_20211209_072349.flac,265.0,265.0,slcbou1
KEN_003_20211209_072349.flac,272.5,272.5,whbcou1
KEN_003_20211209_072349.flac,307.2,307.2,slcbou1
KEN_003_20211209_072349.flac,317.2,317.2,slcbou1
KEN_003_20211209_072349.flac,323.9,323.9,slcbou1
KEN_003_20211209_072349.flac,330.6,330.6,slcbou1
KEN_003_20211209_072349.flac,364.2,364.2,hamerk1
KEN_003_20211209_072349.flac,476.8,476.8,thrnig1
KEN_003_20211209_072349.flac,494.4,494.4,yebapa1
KEN_003_20211209_072349.flac,503.0,503.0,yebapa1
KEN_003_20211209_072349.flac,504.8,504.8,yebapa1
KEN_003_20211209_072349.flac,511.0,511.0,refcro1
KEN_003_20211209_072349.flac,564.9,564.9,slcbou1
KEN_003_20211209_072349.flac,566.6,566.6,slcbou1
KEN_003_20211209_072349.flac,585.2,585.2,slcbou1
KEN_003_20211209_072349.flac,589.8,589.8,yebapa1
KEN_003_20211209_072349.flac,601.9,601.9,slcbou1
KEN_003_20211209_072349.flac,607.0,607.0,slcbou1
KEN_003_20211209_072349.flac,623.2,623.2,slcbou1
KEN_003_20211209_072349.flac,648.2,648.2,slcbou1
KEN_003_20211209_072349.flac,655.1,655.1,slcbou1
KEN_003_20211209_072349.flac,660.9,660.9,whbcou1
KEN_003_20211209_072349.flac,661.4,661.4,slcbou1
KEN_003_20211209_072349.flac,664.9,664.9,slcbou1
KEN_003_20211209_072349.flac,668.1,668.1,slcbou1
KEN_003_20211209_072349.flac,671.7,671.7,slcbou1
KEN_003_20211209_072349.flac,681.0,681.0,slcbou1
KEN_003_20211209_072349.flac,684.0,684.0,slcbou1
KEN_003_20211209_072349.flac,688.1,688.1,slcbou1
KEN_003_20211209_072349.flac,694.3,694.3,eswdov1
KEN_003_20211209_072349.flac,696.0,696.0,slcbou1
KEN_003_20211209_072349.flac,700.5,700.5,slcbou1
KEN_003_20211209_072349.flac,701.8,701.8,eswdov1
KEN_003_20211209_072349.flac,714.0,714.0,slcbou1
KEN_003_20211209_072349.flac,721.6,721.6,eswdov1
KEN_003_20211209_072349.flac,766.8,766.8,tafpri1
KEN_003_20211209_072349.flac,779.5,779.5,eswdov1
KEN_003_20211209_072349.flac,791.4,791.4,abethr1
KEN_003_20211209_072349.flac,799.4,799.4,abethr1
KEN_003_20211209_072349.flac,806.0,806.0,slcbou1
KEN_003_20211209_072349.flac,807.6,807.6,abethr1
KEN_003_20211209_072349.flac,823.5,823.5,abethr1
KEN_003_20211209_072349.flac,836.6,836.6,abethr1
KEN_003_20211209_072349.flac,844.0,844.0,slcbou1
KEN_003_20211209_072349.flac,861.4,861.4,slcbou1
KEN_003_20211209_072349.flac,865.8,865.8,slcbou1
KEN_003_20211209_072349.flac,871.5,871.5,slcbou1
KEN_003_20211209_072349.flac,877.2,877.2,slcbou1
KEN_003_20211209_072349.flac,884.1,884.1,slcbou1
KEN_003_20211209_072349.flac,890.7,890.7,slcbou1
KEN_003_20211209_072349.flac,895.7,895.7,gnbcam2
KEN_003_20211209_072349.flac,900.8,900.8,gnbcam2
KEN_003_20211209_072349.flac,946.2,946.2,gnbcam2
KEN_003_20211209_072349.flac,951.1,951.1,gnbcam2
KEN_003_20211209_072349.flac,955.5,955.5,slcbou1
KEN_003_20211209_072349.flac,973.8,973.8,slcbou1
KEN_003_20211209_072349.flac,988.2,988.2,slcbou1
KEN_003_20211209_072349.flac,999.6,999.6,slcbou1
KEN_003_20211209_072349.flac,1025.9,1025.9,reccor
KEN_003_20211209_072349.flac,1039.0,1039.0,colsun2
KEN_003_20211209_072349.flac,1044.5,1044.5,slcbou1
KEN_003_20211209_072349.flac,1058.0,1058.0,slcbou1
KEN_003_20211209_072349.flac,1064.7,1064.7,slcbou1
KEN_003_20211209_072349.flac,1071.3,1071.3,slcbou1
KEN_003_20211209_072349.flac,1079.8,1079.8,reedov1
KEN_003_20211209_072349.flac,1108.7,1108.7,tafpri1
KEN_003_20211209_072349.flac,1110.1,1110.1,tafpri1
KEN_003_20211209_072349.flac,1112.7,1112.7,carwoo1
KEN_003_20211209_072349.flac,1149.5,1149.5,reedov1
KEN_003_20211209_072349.flac,1170.6,1170.6,helgui
KEN_003_20211209_072349.flac,1174.0,1174.0,helgui
KEN_003_20211209_072349.flac,1180.2,1180.2,helgui
KEN_003_20211209_072349.flac,1270.3,1270.3,helgui
KEN_003_20211209_072349.flac,1274.6,1274.6,didcuc1
KEN_003_20211209_072349.flac,1277.8,1277.8,didcuc1
KEN_003_20211209_072349.flac,1301.2,1301.2,yebapa1
KEN_003_20211209_072349.flac,1307.1,1307.1,gnbcam2
KEN_003_20211209_072349.flac,1312.0,1312.0,gnbcam2
KEN_003_20211209_072349.flac,1315.8,1315.8,gnbcam2
KEN_003_20211209_072349.flac,1321.5,1321.5,eswdov1
KEN_003_20211209_072349.flac,1325.5,1325.5,yebapa1
KEN_003_20211209_072349.flac,1326.6,1326.6,gnbcam2
KEN_003_20211209_072349.flac,1329.0,1329.0,yebapa1
KEN_003_20211209_072349.flac,1347.4,1347.4,eswdov1
KEN_003_20211209_072349.flac,1365.1,1365.1,slcbou1
KEN_003_20211209_072349.flac,1376.4,1376.4,slcbou1
KEN_003_20211209_072349.flac,1462.7,1462.7,blbpuf2
KEN_003_20211209_072349.flac,1466.2,1466.2,blbpuf2
KEN_003_20211209_072349.flac,1492.4,1492.4,abethr1
KEN_003_20211209_072349.flac,1501.9,1501.9,abethr1
KEN_003_20211209_072349.flac,1513.2,1513.2,slcbou1
KEN_003_20211209_072349.flac,1518.5,1518.5,slcbou1
KEN_003_20211209_072349.flac,1525.4,1525.4,abethr1
KEN_003_20211209_072349.flac,1525.8,1525.8,slcbou1
KEN_003_20211209_072349.flac,1571.1,1571.1,eswdov1
KEN_003_20211209_072349.flac,1584.2,1584.2,eswdov1
KEN_003_20211209_072349.flac,1602.3,1602.3,abethr1
KEN_003_20211209_072349.flac,1680.9,1680.9,varsun2
KEN_003_20211209_072349.flac,1697.0,1697.0,hadibi1
KEN_003_20211209_072349.flac,1708.0,1708.0,varsun2
KEN_003_20211209_072349.flac,1713.3,1713.3,hadibi1
KEN_003_20211209_072349.flac,1725.6,1725.6,abethr1
KEN_003_20211209_072349.flac,1750.7,1750.7,hadibi1
KEN_003_20211209_072349.flac,1753.9,1753.9,abethr1
KEN_003_20211209_072349.flac,1816.3,1816.3,slcbou1
KEN_003_20211209_072349.flac,1816.7,1816.7,abethr1
KEN_003_20211209_072349.flac,1833.4,1833.4,slcbou1
KEN_003_20211209_072349.flac,1843.2,1843.2,slcbou1
KEN_003_20211209_072349.flac,1849.9,1849.9,slcbou1
KEN_003_20211209_072349.flac,1855.6,1855.6,eswdov1
KEN_003_20211209_072349.flac,1861.2,1861.2,colsun2
KEN_003_20211209_072349.flac,1881.3,1881.3,yelbis1
KEN_003_20211209_072349.flac,1892.5,1892.5,yelbis1
KEN_003_20211209_072349.flac,1897.7,1897.7,yebapa1
KEN_003_20211209_072349.flac,1900.8,1900.8,yelbis1
KEN_003_20211209_072349.flac,1917.3,1917.3,eswdov1
KEN_003_20211209_072349.flac,1920.5,1920.5,abethr1
KEN_003_20211209_072349.flac,1931.3,1931.3,eswdov1
KEN_003_20211209_072349.flac,1940.9,1940.9,yelbis1
KEN_003_20211209_072349.flac,1945.5,1945.5,eswdov1
KEN_003_20211209_072349.flac,1962.5,1962.5,yelbis1
KEN_003_20211209_072349.flac,1964.1,1964.1,eswdov1
KEN_003_20211209_072349.flac,1997.1,1997.1,yelbis1
KEN_003_20211209_072349.flac,2000.5,2000.5,eswdov1
KEN_003_20211209_072349.flac,2016.0,2016.0,colsun2
KEN_003_20211209_072349.flac,2016.7,2016.7,eswdov1
KEN_003_20211209_072349.flac,2020.2,2020.2,yelbis1
KEN_003_20211209_072349.flac,2031.7,2031.7,colsun2
KEN_003_20211209_072349.flac,2036.7,2036.7,combul2
KEN_003_20211209_072349.flac,2039.3,2039.3,eswdov1
KEN_003_20211209_072349.flac,2058.5,2058.5,combul2
KEN_003_20211209_072349.flac,2063.3,2063.3,yelbis1
KEN_003_20211209_072349.flac,2076.3,2076.3,trobou1
KEN_003_20211209_072349.flac,2080.7,2080.7,slcbou1
KEN_003_20211209_072349.flac,2103.8,2103.8,helgui
KEN_003_20211209_072349.flac,2110.7,2110.7,varsun2
KEN_003_20211209_072349.flac,2112.5,2112.5,helgui
KEN_003_20211209_072349.flac,2120.2,2120.2,helgui
KEN_003_20211209_072349.flac,2123.2,2123.2,helgui
KEN_003_20211209_072349.flac,2127.0,2127.0,helgui
KEN_003_20211209_072349.flac,2129.7,2129.7,helgui
KEN_003_20211209_072349.flac,2134.9,2134.9,helgui
KEN_003_20211209_072349.flac,2140.3,2140.3,helgui
KEN_003_20211209_072349.flac,2144.8,2144.8,helgui
KEN_003_20211209_072349.flac,2150.4,2150.4,helgui
KEN_003_20211209_072349.flac,2157.6,2157.6,helgui
KEN_003_20211209_072349.flac,2161.3,2161.3,helgui
KEN_003_20211209_072349.flac,2164.1,2164.1,helgui
KEN_003_20211209_072349.flac,2167.4,2167.4,helgui
KEN_003_20211209_072349.flac,2171.1,2171.1,helgui
KEN_003_20211209_072349.flac,2173.5,2173.5,helgui
KEN_003_20211209_072349.flac,2176.4,2176.4,helgui
KEN_003_20211209_072349.flac,2180.6,2180.6,helgui
KEN_003_20211209_072349.flac,2185.1,2185.1,helgui
KEN_003_20211209_072349.flac,2189.3,2189.3,helgui
KEN_003_20211209_072349.flac,2192.3,2192.3,helgui
KEN_003_20211209_072349.flac,2196.3,2196.3,helgui
KEN_003_20211209_072349.flac,2200.2,2200.2,helgui
KEN_003_20211209_072349.flac,2204.3,2204.3,helgui
KEN_003_20211209_072349.flac,2207.3,2207.3,helgui
KEN_003_20211209_072349.flac,2212.3,2212.3,helgui
KEN_003_20211209_072349.flac,2214.3,2214.3,helgui
KEN_003_20211209_072349.flac,2218.7,2218.7,helgui
KEN_003_20211209_072349.flac,2222.9,2222.9,helgui
KEN_003_20211209_072349.flac,2226.3,2226.3,helgui
KEN_003_20211209_072349.flac,2230.0,2230.0,helgui
KEN_003_20211209_072349.flac,2234.1,2234.1,helgui
KEN_003_20211209_072349.flac,2237.0,2237.0,helgui
KEN_003_20211209_072349.flac,2240.7,2240.7,helgui
KEN_003_20211209_072349.flac,2243.2,2243.2,helgui
KEN_003_20211209_072349.flac,2248.1,2248.1,helgui
KEN_003_20211209_072349.flac,2261.5,2261.5,helgui
KEN_003_20211209_072349.flac,2270.6,2270.6,helgui
KEN_003_20211209_072349.flac,2280.7,2280.7,helgui
KEN_003_20211209_072349.flac,2286.5,2286.5,helgui
KEN_003_20211209_072349.flac,2289.7,2289.7,helgui
KEN_003_20211209_072349.flac,2295.3,2295.3,helgui
KEN_003_20211209_072349.flac,2300.8,2300.8,helgui
KEN_003_20211209_072349.flac,2307.5,2307.5,helgui
KEN_003_20211209_072349.flac,2311.9,2311.9,helgui
KEN_003_20211209_072349.flac,2325.8,2325.8,helgui
KEN_003_20211209_072349.flac,2327.0,2327.0,yebapa1
KEN_003_20211209_072349.flac,2331.6,2331.6,helgui
KEN_003_20211209_072349.flac,2333.1,2333.1,helgui
KEN_003_20211209_072349.flac,2340.8,2340.8,helgui
KEN_003_20211209_072349.flac,2351.8,2351.8,helgui
KEN_003_20211209_072349.flac,2356.7,2356.7,helgui
KEN_003_20211209_072349.flac,2362.3,2362.3,helgui
KEN_003_20211209_072349.flac,2368.9,2368.9,helgui
KEN_003_20211209_072349.flac,2389.5,2389.5,norbro1
KEN_003_20211209_072349.flac,2392.2,2392.2,norbro1
KEN_003_20211209_072349.flac,2447.9,2447.9,trobou1
KEN_003_20211209_072349.flac,2452.6,2452.6,trobou1
KEN_003_20211209_072349.flac,2462.6,2462.6,trobou1
KEN_003_20211209_072349.flac,2470.1,2470.1,trobou1
KEN_003_20211209_072349.flac,2523.1,2523.1,norbro1
KEN_003_20211209_072349.flac,2527.7,2527.7,eswdov1
KEN_003_20211209_072349.flac,2554.3,2554.3,eswdov1
KEN_003_20211209_072349.flac,2555.7,2555.7,slcbou1
KEN_003_20211209_072349.flac,2561.4,2561.4,eswdov1
KEN_003_20211209_072349.flac,2575.2,2575.2,eswdov1
KEN_003_20211209_072349.flac,2580.4,2580.4,eswdov1
KEN_003_20211209_072349.flac,2600.2,2600.2,eswdov1
KEN_003_20211209_072349.flac,2606.0,2606.0,didcuc1
KEN_003_20211209_072349.flac,2636.9,2636.9,tafpri1
KEN_003_20211209_072349.flac,2804.3,2804.3,somgre1
KEN_003_20211209_072349.flac,2840.0,2840.0,hadibi1
KEN_003_20211209_072349.flac,2848.5,2848.5,hadibi1
KEN_003_20211209_072349.flac,2877.5,2877.5,hadibi1
KEN_003_20211209_072349.flac,2910.4,2910.4,eswdov1
KEN_003_20211209_072349.flac,2919.1,2919.1,slcbou1
KEN_003_20211209_072349.flac,3010.4,3010.4,somgre1
KEN_003_20211209_072349.flac,3053.1,3053.1,eswdov1
KEN_003_20211209_072349.flac,3064.5,3064.5,slcbou1
KEN_003_20211209_072349.flac,3066.3,3066.3,eswdov1
KEN_003_20211209_072349.flac,3076.8,3076.8,slcbou1
KEN_003_20211209_072349.flac,3083.9,3083.9,somgre1
KEN_003_20211209_072349.flac,3095.6,3095.6,slcbou1
KEN_003_20211209_072349.flac,3128.7,3128.7,slcbou1
KEN_003_20211209_072349.flac,3129.7,3129.7,eswdov1
KEN_003_20211209_072349.flac,3133.2,3133.2,slcbou1
KEN_003_20211209_072349.flac,3150.5,3150.5,eswdov1
KEN_003_20211209_072349.flac,3154.4,3154.4,slcbou1
KEN_003_20211209_072349.flac,3162.4,3162.4,combul2
KEN_003_20211209_072349.flac,3178.5,3178.5,afrgos1
KEN_003_20211209_072349.flac,3178.6,3178.6,slcbou1
KEN_003_20211209_072349.flac,3180.3,3180.3,afrgos1
KEN_003_20211209_072349.flac,3180.7,3180.7,yelbis1
KEN_003_20211209_072349.flac,3188.4,3188.4,afrgos1
KEN_003_20211209_072349.flac,3191.4,3191.4,yebapa1
KEN_003_20211209_072349.flac,3196.1,3196.1,yebapa1
KEN_003_20211209_072349.flac,3198.0,3198.0,afrgos1
KEN_003_20211209_072349.flac,3200.4,3200.4,yebapa1
KEN_003_20211209_072349.flac,3202.9,3202.9,trobou1
KEN_003_20211209_072349.flac,3204.0,3204.0,afrgos1
KEN_003_20211209_072349.flac,3205.8,3205.8,yebapa1
KEN_003_20211209_072349.flac,3206.6,3206.6,trobou1
KEN_003_20211209_072349.flac,3208.3,3208.3,yebapa1
KEN_003_20211209_072349.flac,3218.3,3218.3,trobou1
KEN_003_20211209_072349.flac,3221.7,3221.7,yebapa1
KEN_003_20211209_072349.flac,3223.6,3223.6,norbro1
KEN_003_20211209_072349.flac,3226.7,3226.7,norbro1
KEN_003_20211209_072349.flac,3229.7,3229.7,norbro1
KEN_003_20211209_072349.flac,3244.6,3244.6,eswdov1
KEN_003_20211209_072349.flac,3245.3,3245.3,afrgos1
KEN_003_20211209_072349.flac,3248.7,3248.7,slcbou1
KEN_003_20211209_072349.flac,3252.1,3252.1,slcbou1
KEN_003_20211209_072349.flac,3255.3,3255.3,slcbou1
KEN_003_20211209_072349.flac,3263.1,3263.1,slcbou1
KEN_003_20211209_072349.flac,3264.3,3264.3,eswdov1
KEN_003_20211209_072349.flac,3266.7,3266.7,yebapa1
KEN_003_20211209_072349.flac,3267.9,3267.9,slcbou1
KEN_003_20211209_072349.flac,3276.8,3276.8,slcbou1
KEN_003_20211209_072349.flac,3280.1,3280.1,yelbis1
KEN_003_20211209_072349.flac,3305.1,3305.1,slcbou1
KEN_003_20211209_072349.flac,3309.2,3309.2,eswdov1
KEN_003_20211209_072349.flac,3320.5,3320.5,slcbou1
KEN_003_20211209_072349.flac,3323.7,3323.7,eswdov1
KEN_003_20211209_072349.flac,3338.3,3338.3,slcbou1
KEN_003_20211209_072349.flac,3342.1,3342.1,eswdov1
KEN_003_20211209_072349.flac,3353.8,3353.8,thrnig1
KEN_003_20211209_072349.flac,3379.5,3379.5,slcbou1
KEN_003_20211209_072349.flac,3387.7,3387.7,eswdov1
KEN_003_20211209_072349.flac,3425.5,3425.5,norbro1
KEN_003_20211209_072349.flac,3482.7,3482.7,brctch1
KEN_003_20211209_072349.flac,3485.1,3485.1,trobou1
KEN_003_20211209_072349.flac,3490.7,3490.7,slcbou1
KEN_003_20211209_072349.flac,3498.2,3498.2,slcbou1
KEN_003_20211209_072349.flac,3501.9,3501.9,afpfly1
KEN_003_20211209_072349.flac,3504.9,3504.9,norbro1
KEN_003_20211209_072349.flac,3512.9,3512.9,slcbou1
KEN_003_20211209_072349.flac,3532.4,3532.4,eswdov1
KEN_003_20211209_072349.flac,3561.8,3561.8,tafpri1
KEN_003_20211209_072349.flac,3564.0,3564.0,blbpuf2
KEN_003_20211209_072349.flac,3566.3,3566.3,blbpuf2
KEN_003_20211209_072349.flac,3579.8,3579.8,blbpuf2
KEN_003_20211209_072349.flac,3598.3,3598.3,slcbou1
KEN_004_20211210_040250.flac,64.6,64.6,reccuc1
KEN_004_20211210_040250.flac,76.8,76.8,fotdro5
KEN_004_20211210_040250.flac,83.0,83.0,reccuc1
KEN_004_20211210_040250.flac,114.9,114.9,fotdro5
KEN_004_20211210_040250.flac,125.4,125.4,fotdro5
KEN_004_20211210_040250.flac,131.5,131.5,fotdro5
KEN_004_20211210_040250.flac,136.8,136.8,fotdro5
KEN_004_20211210_040250.flac,148.8,148.8,fotdro5
KEN_004_20211210_040250.flac,153.7,153.7,fotdro5
KEN_004_20211210_040250.flac,160.7,160.7,fotdro5
KEN_004_20211210_040250.flac,186.0,186.0,ratcis1
KEN_004_20211210_040250.flac,189.1,189.1,ratcis1
KEN_004_20211210_040250.flac,197.4,197.4,ratcis1
KEN_004_20211210_040250.flac,207.7,207.7,ratcis1
KEN_004_20211210_040250.flac,220.3,220.3,ratcis1
KEN_004_20211210_040250.flac,268.6,268.6,abhori1
KEN_004_20211210_040250.flac,288.8,288.8,fotdro5
KEN_004_20211210_040250.flac,302.4,302.4,fotdro5
KEN_004_20211210_040250.flac,328.2,328.2,abhori1
KEN_004_20211210_040250.flac,337.9,337.9,fotdro5
KEN_004_20211210_040250.flac,348.2,348.2,fotdro5
KEN_004_20211210_040250.flac,355.3,355.3,slcbou1
KEN_004_20211210_040250.flac,377.0,377.0,abhori1
KEN_004_20211210_040250.flac,385.6,385.6,fotdro5
KEN_004_20211210_040250.flac,399.9,399.9,reccuc1
KEN_004_20211210_040250.flac,404.6,404.6,fotdro5
KEN_004_20211210_040250.flac,433.2,433.2,wbswea1
KEN_004_20211210_040250.flac,440.5,440.5,ratcis1
KEN_004_20211210_040250.flac,456.8,456.8,reccuc1
KEN_004_20211210_040250.flac,458.8,458.8,whihel1
KEN_004_20211210_040250.flac,476.8,476.8,ratcis1
KEN_004_20211210_040250.flac,482.9,482.9,ratcis1
KEN_004_20211210_040250.flac,493.5,493.5,thrnig1
KEN_004_20211210_040250.flac,523.5,523.5,reccuc1
KEN_004_20211210_040250.flac,534.0,534.0,reccuc1
KEN_004_20211210_040250.flac,575.5,575.5,fotdro5
KEN_004_20211210_040250.flac,588.1,588.1,reccuc1
KEN_004_20211210_040250.flac,590.1,590.1,vimwea1
KEN_004_20211210_040250.flac,604.0,604.0,reccuc1
KEN_004_20211210_040250.flac,612.8,612.8,fotdro5
KEN_004_20211210_040250.flac,614.1,614.1,reccuc1
KEN_004_20211210_040250.flac,621.9,621.9,reccuc1
KEN_004_20211210_040250.flac,622.7,622.7,fotdro5
KEN_004_20211210_040250.flac,630.5,630.5,reccuc1
KEN_004_20211210_040250.flac,656.0,656.0,whrshr1
KEN_004_20211210_040250.flac,671.6,671.6,gnbcam2
KEN_004_20211210_040250.flac,689.1,689.1,vimwea1
KEN_004_20211210_040250.flac,699.8,699.8,fotdro5
KEN_004_20211210_040250.flac,706.3,706.3,reccuc1
KEN_004_20211210_040250.flac,724.9,724.9,fotdro5
KEN_004_20211210_040250.flac,737.2,737.2,wbswea1
KEN_004_20211210_040250.flac,741.4,741.4,reccuc1
KEN_004_20211210_040250.flac,755.2,755.2,reccuc1
KEN_004_20211210_040250.flac,761.6,761.6,reccuc1
KEN_004_20211210_040250.flac,771.2,771.2,fotdro5
KEN_004_20211210_040250.flac,777.6,777.6,fotdro5
KEN_004_20211210_040250.flac,786.5,786.5,fotdro5
KEN_004_20211210_040250.flac,792.8,792.8,reccuc1
KEN_004_20211210_040250.flac,803.3,803.3,vimwea1
KEN_004_20211210_040250.flac,813.9,813.9,vimwea1
KEN_004_20211210_040250.flac,817.3,817.3,reccuc1
KEN_004_20211210_040250.flac,845.5,845.5,abethr1
KEN_004_20211210_040250.flac,851.4,851.4,reccuc1
KEN_004_20211210_040250.flac,856.7,856.7,abethr1
KEN_004_20211210_040250.flac,863.8,863.8,abethr1
KEN_004_20211210_040250.flac,869.7,869.7,abethr1
KEN_004_20211210_040250.flac,888.7,888.7,wbswea1
KEN_004_20211210_040250.flac,896.0,896.0,whihel1
KEN_004_20211210_040250.flac,898.6,898.6,whihel1
KEN_004_20211210_040250.flac,902.3,902.3,reccuc1
KEN_004_20211210_040250.flac,917.8,917.8,reccuc1
KEN_004_20211210_040250.flac,922.7,922.7,whihel1
KEN_004_20211210_040250.flac,928.3,928.3,reccuc1
KEN_004_20211210_040250.flac,941.1,941.1,whihel1
KEN_004_20211210_040250.flac,950.0,950.0,reccuc1
KEN_004_20211210_040250.flac,954.8,954.8,whihel1
KEN_004_20211210_040250.flac,974.5,974.5,reccuc1
KEN_004_20211210_040250.flac,990.9,990.9,reccuc1
KEN_004_20211210_040250.flac,1012.3,1012.3,vimwea1
KEN_004_20211210_040250.flac,1041.4,1041.4,reccuc1
KEN_004_20211210_040250.flac,1059.0,1059.0,fotdro5
KEN_004_20211210_040250.flac,1065.6,1065.6,fotdro5
KEN_004_20211210_040250.flac,1069.6,1069.6,fotdro5
KEN_004_20211210_040250.flac,1076.7,1076.7,fotdro5
KEN_004_20211210_040250.flac,1081.5,1081.5,fotdro5
KEN_004_20211210_040250.flac,1090.7,1090.7,reccuc1
KEN_004_20211210_040250.flac,1094.7,1094.7,reccuc1
KEN_004_20211210_040250.flac,1098.6,1098.6,wbswea1
KEN_004_20211210_040250.flac,1114.7,1114.7,reccuc1
KEN_004_20211210_040250.flac,1116.0,1116.0,whihel1
KEN_004_20211210_040250.flac,1122.2,1122.2,reccuc1
KEN_004_20211210_040250.flac,1138.8,1138.8,whihel1
KEN_004_20211210_040250.flac,1171.6,1171.6,thrnig1
KEN_004_20211210_040250.flac,1192.9,1192.9,whihel1
KEN_004_20211210_040250.flac,1217.8,1217.8,whihel1
KEN_004_20211210_040250.flac,1243.6,1243.6,whihel1
KEN_004_20211210_040250.flac,1275.3,1275.3,whihel1
KEN_004_20211210_040250.flac,1283.7,1283.7,ratcis1
KEN_004_20211210_040250.flac,1287.9,1287.9,whihel1
KEN_004_20211210_040250.flac,1296.8,1296.8,slcbou1
KEN_004_20211210_040250.flac,1306.8,1306.8,whihel1
KEN_004_20211210_040250.flac,1314.5,1314.5,whihel1
KEN_004_20211210_040250.flac,1362.5,1362.5,whihel1
KEN_004_20211210_040250.flac,1376.5,1376.5,whihel1
KEN_004_20211210_040250.flac,1384.1,1384.1,whihel1
KEN_004_20211210_040250.flac,1397.5,1397.5,hadibi1
KEN_004_20211210_040250.flac,1426.2,1426.2,reccuc1
KEN_004_20211210_040250.flac,1430.7,1430.7,whrshr1
KEN_004_20211210_040250.flac,1433.4,1433.4,slcbou1
KEN_004_20211210_040250.flac,1435.0,1435.0,reccuc1
KEN_004_20211210_040250.flac,1438.2,1438.2,afghor1
KEN_004_20211210_040250.flac,1443.0,1443.0,afghor1
KEN_004_20211210_040250.flac,1447.1,1447.1,slcbou1
KEN_004_20211210_040250.flac,1451.3,1451.3,reccuc1
KEN_004_20211210_040250.flac,1457.6,1457.6,reccuc1
KEN_004_20211210_040250.flac,1461.9,1461.9,whihel1
KEN_004_20211210_040250.flac,1476.2,1476.2,whihel1
KEN_004_20211210_040250.flac,1482.9,1482.9,whihel1
KEN_004_20211210_040250.flac,1492.7,1492.7,whihel1
KEN_004_20211210_040250.flac,1496.6,1496.6,reccuc1
KEN_004_20211210_040250.flac,1501.7,1501.7,reccuc1
KEN_004_20211210_040250.flac,1507.1,1507.1,whihel1
KEN_004_20211210_040250.flac,1552.1,1552.1,whihel1
KEN_004_20211210_040250.flac,1556.9,1556.9,whihel1
KEN_004_20211210_040250.flac,1565.5,1565.5,whihel1
KEN_004_20211210_040250.flac,1572.9,1572.9,whihel1
KEN_004_20211210_040250.flac,1586.1,1586.1,combul2
KEN_004_20211210_040250.flac,1593.2,1593.2,combul2
KEN_004_20211210_040250.flac,1609.6,1609.6,combul2
KEN_004_20211210_040250.flac,1615.5,1615.5,combul2
KEN_004_20211210_040250.flac,1625.5,1625.5,combul2
KEN_004_20211210_040250.flac,1651.5,1651.5,combul2
KEN_004_20211210_040250.flac,1652.2,1652.2,reccuc1
KEN_004_20211210_040250.flac,1664.1,1664.1,reccuc1
KEN_004_20211210_040250.flac,1673.2,1673.2,combul2
KEN_004_20211210_040250.flac,1678.6,1678.6,reccuc1
KEN_004_20211210_040250.flac,1699.7,1699.7,combul2
KEN_004_20211210_040250.flac,1703.4,1703.4,rbsrob1
KEN_004_20211210_040250.flac,1710.4,1710.4,rbsrob1
KEN_004_20211210_040250.flac,1744.4,1744.4,combul2
KEN_004_20211210_040250.flac,1751.4,1751.4,reccuc1
KEN_004_20211210_040250.flac,1757.1,1757.1,combul2
KEN_004_20211210_040250.flac,1762.2,1762.2,reccuc1
KEN_004_20211210_040250.flac,1768.6,1768.6,rbsrob1
KEN_004_20211210_040250.flac,1773.0,1773.0,rbsrob1
KEN_004_20211210_040250.flac,1776.1,1776.1,combul2
KEN_004_20211210_040250.flac,1782.0,1782.0,reccuc1
KEN_004_20211210_040250.flac,1790.1,1790.1,klacuc1
KEN_004_20211210_040250.flac,1876.2,1876.2,ratcis1
KEN_004_20211210_040250.flac,1893.7,1893.7,ratcis1
KEN_004_20211210_040250.flac,1894.2,1894.2,combul2
KEN_004_20211210_040250.flac,1900.0,1900.0,combul2
KEN_004_20211210_040250.flac,1996.1,1996.1,slcbou1
KEN_004_20211210_040250.flac,2060.7,2060.7,whrshr1
KEN_004_20211210_040250.flac,2096.2,2096.2,reccuc1
KEN_004_20211210_040250.flac,2134.1,2134.1,reccuc1
KEN_004_20211210_040250.flac,2168.9,2168.9,whihel1
KEN_004_20211210_040250.flac,2180.6,2180.6,reccuc1
KEN_004_20211210_040250.flac,2221.0,2221.0,klacuc1
KEN_004_20211210_040250.flac,2225.5,2225.5,didcuc1
KEN_004_20211210_040250.flac,2226.3,2226.3,reccuc1
KEN_004_20211210_040250.flac,2227.6,2227.6,didcuc1
KEN_004_20211210_040250.flac,2240.2,2240.2,reccuc1
KEN_004_20211210_040250.flac,2242.7,2242.7,didcuc1
KEN_004_20211210_040250.flac,2244.5,2244.5,didcuc1
KEN_004_20211210_040250.flac,2257.1,2257.1,didcuc1
KEN_004_20211210_040250.flac,2265.4,2265.4,didcuc1
KEN_004_20211210_040250.flac,2287.5,2287.5,reccuc1
KEN_004_20211210_040250.flac,2324.2,2324.2,grywrw1
KEN_004_20211210_040250.flac,2330.7,2330.7,grywrw1
KEN_004_20211210_040250.flac,2336.5,2336.5,slcbou1
KEN_004_20211210_040250.flac,2340.7,2340.7,grywrw1
KEN_004_20211210_040250.flac,2351.7,2351.7,whrshr1
KEN_004_20211210_040250.flac,2366.4,2366.4,grywrw1
KEN_004_20211210_040250.flac,2370.3,2370.3,klacuc1
KEN_004_20211210_040250.flac,2382.8,2382.8,whihel1
KEN_004_20211210_040250.flac,2392.2,2392.2,klacuc1
KEN_004_20211210_040250.flac,2397.5,2397.5,grywrw1
KEN_004_20211210_040250.flac,2402.2,2402.2,combul2
KEN_004_20211210_040250.flac,2436.5,2436.5,grywrw1
KEN_004_20211210_040250.flac,2439.8,2439.8,abethr1
KEN_004_20211210_040250.flac,2447.0,2447.0,grywrw1
KEN_004_20211210_040250.flac,2454.5,2454.5,grywrw1
KEN_004_20211210_040250.flac,2465.7,2465.7,grywrw1
KEN_004_20211210_040250.flac,2470.0,2470.0,klacuc1
KEN_004_20211210_040250.flac,2482.7,2482.7,grywrw1
KEN_004_20211210_040250.flac,2493.0,2493.0,grywrw1
KEN_004_20211210_040250.flac,2501.2,2501.2,klacuc1
KEN_004_20211210_040250.flac,2507.0,2507.0,abethr1
KEN_004_20211210_040250.flac,2513.5,2513.5,abethr1
KEN_004_20211210_040250.flac,2517.7,2517.7,slcbou1
KEN_004_20211210_040250.flac,2525.3,2525.3,klacuc1
KEN_004_20211210_040250.flac,2550.8,2550.8,klacuc1
KEN_004_20211210_040250.flac,2560.1,2560.1,slcbou1
KEN_004_20211210_040250.flac,2569.3,2569.3,klacuc1
KEN_004_20211210_040250.flac,2575.3,2575.3,abethr1
KEN_004_20211210_040250.flac,2577.9,2577.9,slcbou1
KEN_004_20211210_040250.flac,2587.6,2587.6,ratcis1
KEN_004_20211210_040250.flac,2601.2,2601.2,rbsrob1
KEN_004_20211210_040250.flac,2639.0,2639.0,yebapa1
KEN_004_20211210_040250.flac,2752.9,2752.9,didcuc1
KEN_004_20211210_040250.flac,2753.5,2753.5,yebapa1
KEN_004_20211210_040250.flac,2801.1,2801.1,slcbou1
KEN_004_20211210_040250.flac,2831.7,2831.7,slcbou1
KEN_004_20211210_040250.flac,2838.8,2838.8,klacuc1
KEN_004_20211210_040250.flac,2847.8,2847.8,slcbou1
KEN_004_20211210_040250.flac,2883.7,2883.7,rindov
KEN_004_20211210_040250.flac,2886.5,2886.5,slcbou1
KEN_004_20211210_040250.flac,2896.9,2896.9,rindov
KEN_004_20211210_040250.flac,2900.6,2900.6,klacuc1
KEN_004_20211210_040250.flac,2915.3,2915.3,slcbou1
KEN_004_20211210_040250.flac,2922.4,2922.4,whihel1
KEN_004_20211210_040250.flac,2930.1,2930.1,blnmou1
KEN_004_20211210_040250.flac,2935.9,2935.9,whihel1
KEN_004_20211210_040250.flac,2942.5,2942.5,slcbou1
KEN_004_20211210_040250.flac,2948.5,2948.5,darbar1
KEN_004_20211210_040250.flac,2952.8,2952.8,klacuc1
KEN_004_20211210_040250.flac,2955.8,2955.8,reccor
KEN_004_20211210_040250.flac,2958.8,2958.8,reccor
KEN_004_20211210_040250.flac,2963.6,2963.6,darbar1
KEN_004_20211210_040250.flac,2964.6,2964.6,slcbou1
KEN_004_20211210_040250.flac,2967.2,2967.2,whrshr1
KEN_004_20211210_040250.flac,2969.1,2969.1,slcbou1
KEN_004_20211210_040250.flac,2970.1,2970.1,reccor
KEN_004_20211210_040250.flac,2972.7,2972.7,klacuc1
KEN_004_20211210_040250.flac,2975.3,2975.3,slcbou1
KEN_004_20211210_040250.flac,2981.1,2981.1,darbar1
KEN_004_20211210_040250.flac,2988.9,2988.9,klacuc1
KEN_004_20211210_040250.flac,2997.5,2997.5,fotdro5
KEN_004_20211210_040250.flac,3017.6,3017.6,abhori1
KEN_004_20211210_040250.flac,3030.3,3030.3,fotdro5
KEN_004_20211210_040250.flac,3037.6,3037.6,fotdro5
KEN_004_20211210_040250.flac,3045.8,3045.8,fotdro5
KEN_004_20211210_040250.flac,3055.6,3055.6,ratcis1
KEN_004_20211210_040250.flac,3061.1,3061.1,fotdro5
KEN_004_20211210_040250.flac,3073.4,3073.4,fotdro5
KEN_004_20211210_040250.flac,3078.6,3078.6,fotdro5
KEN_004_20211210_040250.flac,3120.0,3120.0,fotdro5
KEN_004_20211210_040250.flac,3124.6,3124.6,wbswea1
KEN_004_20211210_040250.flac,3180.4,3180.4,klacuc1
KEN_004_20211210_040250.flac,3195.0,3195.0,abethr1
KEN_004_20211210_040250.flac,3201.4,3201.4,klacuc1
KEN_004_20211210_040250.flac,3216.1,3216.1,fotdro5
KEN_004_20211210_040250.flac,3220.0,3220.0,fotdro5
KEN_004_20211210_040250.flac,3223.1,3223.1,fotdro5
KEN_004_20211210_040250.flac,3233.6,3233.6,fotdro5
KEN_004_20211210_040250.flac,3240.7,3240.7,fotdro5
KEN_004_20211210_040250.flac,3245.6,3245.6,fotdro5
KEN_004_20211210_040250.flac,3253.8,3253.8,fotdro5
KEN_004_20211210_040250.flac,3270.9,3270.9,reccor
KEN_004_20211210_040250.flac,3281.9,3281.9,rbsrob1
KEN_004_20211210_040250.flac,3285.5,3285.5,wbswea1
KEN_004_20211210_040250.flac,3288.7,3288.7,rbsrob1
KEN_004_20211210_040250.flac,3305.4,3305.4,rbsrob1
KEN_004_20211210_040250.flac,3316.0,3316.0,rbsrob1
KEN_004_20211210_040250.flac,3332.2,3332.2,rbsrob1
KEN_004_20211210_040250.flac,3346.6,3346.6,rbsrob1
KEN_004_20211210_040250.flac,3390.1,3390.1,wbswea1
KEN_004_20211210_040250.flac,3531.1,3531.1,abhori1
KEN_005_20211210_050250.flac,105.7,105.7,purgre2
KEN_005_20211210_050250.flac,357.3,357.3,reccor
KEN_005_20211210_050250.flac,361.0,361.0,reccor
KEN_005_20211210_050250.flac,412.7,412.7,spfbar1
KEN_005_20211210_050250.flac,415.4,415.4,spfbar1
KEN_005_20211210_050250.flac,420.8,420.8,purgre2
KEN_005_20211210_050250.flac,447.9,447.9,ratcis1
KEN_005_20211210_050250.flac,463.5,463.5,ratcis1
KEN_005_20211210_050250.flac,474.4,474.4,ratcis1
KEN_005_20211210_050250.flac,480.7,480.7,ratcis1
KEN_005_20211210_050250.flac,484.9,484.9,purgre2
KEN_005_20211210_050250.flac,485.6,485.6,ratcis1
KEN_005_20211210_050250.flac,488.8,488.8,whrshr1
KEN_005_20211210_050250.flac,491.9,491.9,whrshr1
KEN_005_20211210_050250.flac,501.4,501.4,ratcis1
KEN_005_20211210_050250.flac,506.1,506.1,ratcis1
KEN_005_20211210_050250.flac,509.6,509.6,whihel1
KEN_005_20211210_050250.flac,514.6,514.6,whrshr1
KEN_005_20211210_050250.flac,526.9,526.9,whrshr1
KEN_005_20211210_050250.flac,534.7,534.7,whrshr1
KEN_005_20211210_050250.flac,543.3,543.3,whihel1
KEN_005_20211210_050250.flac,546.5,546.5,rbsrob1
KEN_005_20211210_050250.flac,549.7,549.7,rbsrob1
KEN_005_20211210_050250.flac,555.9,555.9,rbsrob1
KEN_005_20211210_050250.flac,577.0,577.0,rbsrob1
KEN_005_20211210_050250.flac,582.5,582.5,rbsrob1
KEN_005_20211210_050250.flac,591.5,591.5,ratcis1
KEN_005_20211210_050250.flac,595.0,595.0,ratcis1
KEN_005_20211210_050250.flac,602.5,602.5,ratcis1
KEN_005_20211210_050250.flac,606.1,606.1,darbar1
KEN_005_20211210_050250.flac,635.9,635.9,ratcis1
KEN_005_20211210_050250.flac,640.9,640.9,darbar1
KEN_005_20211210_050250.flac,654.5,654.5,darbar1
KEN_005_20211210_050250.flac,671.4,671.4,darbar1
KEN_005_20211210_050250.flac,676.4,676.4,abethr1
KEN_005_20211210_050250.flac,681.7,681.7,klacuc1
KEN_005_20211210_050250.flac,691.2,691.2,didcuc1
KEN_005_20211210_050250.flac,705.5,705.5,darbar1
KEN_005_20211210_050250.flac,707.8,707.8,didcuc1
KEN_005_20211210_050250.flac,718.7,718.7,darbar1
KEN_005_20211210_050250.flac,746.0,746.0,klacuc1
KEN_005_20211210_050250.flac,760.2,760.2,whrshr1
KEN_005_20211210_050250.flac,769.1,769.1,klacuc1
KEN_005_20211210_050250.flac,778.2,778.2,whrshr1
KEN_005_20211210_050250.flac,781.4,781.4,whrshr1
KEN_005_20211210_050250.flac,784.1,784.1,whrshr1
KEN_005_20211210_050250.flac,812.9,812.9,whihel1
KEN_005_20211210_050250.flac,822.4,822.4,whrshr1
KEN_005_20211210_050250.flac,842.1,842.1,blnmou1
KEN_005_20211210_050250.flac,855.3,855.3,combul2
KEN_005_20211210_050250.flac,888.7,888.7,slcbou1
KEN_005_20211210_050250.flac,936.7,936.7,reccor
KEN_005_20211210_050250.flac,944.0,944.0,reccor
KEN_005_20211210_050250.flac,957.1,957.1,slcbou1
KEN_005_20211210_050250.flac,976.1,976.1,combul2
KEN_005_20211210_050250.flac,1017.6,1017.6,rbsrob1
KEN_005_20211210_050250.flac,1025.2,1025.2,rbsrob1
KEN_005_20211210_050250.flac,1032.9,1032.9,whrshr1
KEN_005_20211210_050250.flac,1083.4,1083.4,whbwhe3
KEN_005_20211210_050250.flac,1120.6,1120.6,whbwhe3
KEN_005_20211210_050250.flac,1142.8,1142.8,klacuc1
KEN_005_20211210_050250.flac,1150.6,1150.6,whbwhe3
KEN_005_20211210_050250.flac,1160.3,1160.3,spfbar1
KEN_005_20211210_050250.flac,1163.0,1163.0,spfbar1
KEN_005_20211210_050250.flac,1166.4,1166.4,spfbar1
KEN_005_20211210_050250.flac,1237.4,1237.4,pabspa1
KEN_005_20211210_050250.flac,1241.3,1241.3,pabspa1
KEN_005_20211210_050250.flac,1247.5,1247.5,pabspa1
KEN_005_20211210_050250.flac,1258.8,1258.8,slcbou1
KEN_005_20211210_050250.flac,1286.1,1286.1,slcbou1
KEN_005_20211210_050250.flac,1291.9,1291.9,slcbou1
KEN_005_20211210_050250.flac,1300.2,1300.2,reccor
KEN_005_20211210_050250.flac,1305.8,1305.8,rbsrob1
KEN_005_20211210_050250.flac,1310.9,1310.9,rbsrob1
KEN_005_20211210_050250.flac,1314.8,1314.8,rbsrob1
KEN_005_20211210_050250.flac,1316.6,1316.6,reccor
KEN_005_20211210_050250.flac,1318.7,1318.7,rbsrob1
KEN_005_20211210_050250.flac,1323.3,1323.3,rbsrob1
KEN_005_20211210_050250.flac,1327.5,1327.5,rbsrob1
KEN_005_20211210_050250.flac,1333.1,1333.1,rbsrob1
KEN_005_20211210_050250.flac,1336.9,1336.9,rbsrob1
KEN_005_20211210_050250.flac,1342.3,1342.3,rbsrob1
KEN_005_20211210_050250.flac,1346.4,1346.4,rbsrob1
KEN_005_20211210_050250.flac,1352.0,1352.0,rbsrob1
KEN_005_20211210_050250.flac,1355.6,1355.6,rbsrob1
KEN_005_20211210_050250.flac,1358.9,1358.9,rbsrob1
KEN_005_20211210_050250.flac,1362.6,1362.6,rbsrob1
KEN_005_20211210_050250.flac,1366.0,1366.0,rbsrob1
KEN_005_20211210_050250.flac,1367.8,1367.8,rbsrob1
KEN_005_20211210_050250.flac,1371.5,1371.5,rbsrob1
KEN_005_20211210_050250.flac,1374.9,1374.9,rbsrob1
KEN_005_20211210_050250.flac,1378.3,1378.3,rbsrob1
KEN_005_20211210_050250.flac,1383.5,1383.5,rbsrob1
KEN_005_20211210_050250.flac,1386.9,1386.9,rbsrob1
KEN_005_20211210_050250.flac,1390.4,1390.4,rbsrob1
KEN_005_20211210_050250.flac,1393.9,1393.9,rbsrob1
KEN_005_20211210_050250.flac,1397.8,1397.8,abethr1
KEN_005_20211210_050250.flac,1398.9,1398.9,rbsrob1
KEN_005_20211210_050250.flac,1402.4,1402.4,rbsrob1
KEN_005_20211210_050250.flac,1403.5,1403.5,abethr1
KEN_005_20211210_050250.flac,1403.9,1403.9,rbsrob1
KEN_005_20211210_050250.flac,1407.4,1407.4,rbsrob1
KEN_005_20211210_050250.flac,1411.0,1411.0,rbsrob1
KEN_005_20211210_050250.flac,1412.8,1412.8,rbsrob1
KEN_005_20211210_050250.flac,1416.3,1416.3,rbsrob1
KEN_005_20211210_050250.flac,1419.7,1419.7,rbsrob1
KEN_005_20211210_050250.flac,1423.4,1423.4,rbsrob1
KEN_005_20211210_050250.flac,1427.0,1427.0,rbsrob1
KEN_005_20211210_050250.flac,1430.6,1430.6,rbsrob1
KEN_005_20211210_050250.flac,1435.9,1435.9,rbsrob1
KEN_005_20211210_050250.flac,1441.3,1441.3,rbsrob1
KEN_005_20211210_050250.flac,1444.9,1444.9,rbsrob1
KEN_005_20211210_050250.flac,1448.1,1448.1,reccor
KEN_005_20211210_050250.flac,1448.8,1448.8,rbsrob1
KEN_005_20211210_050250.flac,1452.1,1452.1,rbsrob1
KEN_005_20211210_050250.flac,1452.6,1452.6,abethr1
KEN_005_20211210_050250.flac,1455.6,1455.6,rbsrob1
KEN_005_20211210_050250.flac,1459.4,1459.4,rbsrob1
KEN_005_20211210_050250.flac,1462.8,1462.8,rbsrob1
KEN_005_20211210_050250.flac,1466.4,1466.4,rbsrob1
KEN_005_20211210_050250.flac,1468.1,1468.1,rbsrob1
KEN_005_20211210_050250.flac,1471.6,1471.6,rbsrob1
KEN_005_20211210_050250.flac,1476.7,1476.7,rbsrob1
KEN_005_20211210_050250.flac,1480.5,1480.5,rbsrob1
KEN_005_20211210_050250.flac,1482.2,1482.2,rbsrob1
KEN_005_20211210_050250.flac,1485.8,1485.8,rbsrob1
KEN_005_20211210_050250.flac,1489.6,1489.6,rbsrob1
KEN_005_20211210_050250.flac,1496.6,1496.6,rbsrob1
KEN_005_20211210_050250.flac,1500.6,1500.6,rbsrob1
KEN_005_20211210_050250.flac,1504.2,1504.2,rbsrob1
KEN_005_20211210_050250.flac,1507.9,1507.9,rbsrob1
KEN_005_20211210_050250.flac,1511.6,1511.6,rbsrob1
KEN_005_20211210_050250.flac,1515.4,1515.4,rbsrob1
KEN_005_20211210_050250.flac,1519.5,1519.5,rbsrob1
KEN_005_20211210_050250.flac,1522.1,1522.1,reccor
KEN_005_20211210_050250.flac,1522.9,1522.9,rbsrob1
KEN_005_20211210_050250.flac,1525.3,1525.3,rbsrob1
KEN_005_20211210_050250.flac,1529.3,1529.3,rbsrob1
KEN_005_20211210_050250.flac,1533.6,1533.6,rbsrob1
KEN_005_20211210_050250.flac,1537.2,1537.2,rbsrob1
KEN_005_20211210_050250.flac,1541.2,1541.2,rbsrob1
KEN_005_20211210_050250.flac,1542.1,1542.1,klacuc1
KEN_005_20211210_050250.flac,1546.4,1546.4,rbsrob1
KEN_005_20211210_050250.flac,1549.8,1549.8,rbsrob1
KEN_005_20211210_050250.flac,1554.1,1554.1,rbsrob1
KEN_005_20211210_050250.flac,1561.6,1561.6,rbsrob1
KEN_005_20211210_050250.flac,1565.3,1565.3,rbsrob1
KEN_005_20211210_050250.flac,1571.7,1571.7,rbsrob1
KEN_005_20211210_050250.flac,1575.4,1575.4,rbsrob1
KEN_005_20211210_050250.flac,1583.6,1583.6,rbsrob1
KEN_005_20211210_050250.flac,1584.8,1584.8,klacuc1
KEN_005_20211210_050250.flac,1589.1,1589.1,rbsrob1
KEN_005_20211210_050250.flac,1593.0,1593.0,rbsrob1
KEN_005_20211210_050250.flac,1596.9,1596.9,rbsrob1
KEN_005_20211210_050250.flac,1602.9,1602.9,rbsrob1
KEN_005_20211210_050250.flac,1608.5,1608.5,rbsrob1
KEN_005_20211210_050250.flac,1609.0,1609.0,didcuc1
KEN_005_20211210_050250.flac,1612.3,1612.3,rbsrob1
KEN_005_20211210_050250.flac,1624.0,1624.0,rbsrob1
KEN_005_20211210_050250.flac,1626.5,1626.5,slcbou1
KEN_005_20211210_050250.flac,1631.4,1631.4,rbsrob1
KEN_005_20211210_050250.flac,1642.9,1642.9,rbsrob1
KEN_005_20211210_050250.flac,1650.7,1650.7,rbsrob1
KEN_005_20211210_050250.flac,1655.0,1655.0,rbsrob1
KEN_005_20211210_050250.flac,1661.0,1661.0,rbsrob1
KEN_005_20211210_050250.flac,1665.0,1665.0,rbsrob1
KEN_005_20211210_050250.flac,1668.7,1668.7,rbsrob1
KEN_005_20211210_050250.flac,1673.1,1673.1,rbsrob1
KEN_005_20211210_050250.flac,1680.3,1680.3,rbsrob1
KEN_005_20211210_050250.flac,1684.8,1684.8,rbsrob1
KEN_005_20211210_050250.flac,1802.5,1802.5,abethr1
KEN_005_20211210_050250.flac,1817.0,1817.0,abethr1
KEN_005_20211210_050250.flac,1820.1,1820.1,whrshr1
KEN_005_20211210_050250.flac,1833.7,1833.7,reccor
KEN_005_20211210_050250.flac,1837.7,1837.7,whbwhe3
KEN_005_20211210_050250.flac,1840.3,1840.3,whbwhe3
KEN_005_20211210_050250.flac,1841.2,1841.2,reccor
KEN_005_20211210_050250.flac,1863.2,1863.2,reccor
KEN_005_20211210_050250.flac,1892.2,1892.2,abethr1
KEN_005_20211210_050250.flac,1900.3,1900.3,reccor
KEN_005_20211210_050250.flac,1928.8,1928.8,whrshr1
KEN_005_20211210_050250.flac,1952.0,1952.0,abethr1
KEN_005_20211210_050250.flac,1957.7,1957.7,crefra2
KEN_005_20211210_050250.flac,1966.2,1966.2,abethr1
KEN_005_20211210_050250.flac,1968.5,1968.5,reccor
KEN_005_20211210_050250.flac,1972.9,1972.9,reccor
KEN_005_20211210_050250.flac,1974.1,1974.1,abethr1
KEN_005_20211210_050250.flac,1983.5,1983.5,grywrw1
KEN_005_20211210_050250.flac,1989.6,1989.6,abethr1
KEN_005_20211210_050250.flac,1998.4,1998.4,abethr1
KEN_005_20211210_050250.flac,2013.3,2013.3,wbswea1
KEN_005_20211210_050250.flac,2023.8,2023.8,reccor
KEN_005_20211210_050250.flac,2025.3,2025.3,abethr1
KEN_005_20211210_050250.flac,2033.5,2033.5,whrshr1
KEN_005_20211210_050250.flac,2036.1,2036.1,reccor
KEN_005_20211210_050250.flac,2051.3,2051.3,abethr1
KEN_005_20211210_050250.flac,2064.9,2064.9,reccor
KEN_005_20211210_050250.flac,2066.5,2066.5,rbsrob1
KEN_005_20211210_050250.flac,2080.3,2080.3,rbsrob1
KEN_005_20211210_050250.flac,2081.3,2081.3,klacuc1
KEN_005_20211210_050250.flac,2084.5,2084.5,rbsrob1
KEN_005_20211210_050250.flac,2090.9,2090.9,rbsrob1
KEN_005_20211210_050250.flac,2097.6,2097.6,rbsrob1
KEN_005_20211210_050250.flac,2099.7,2099.7,rbsrob1
KEN_005_20211210_050250.flac,2105.3,2105.3,rbsrob1
KEN_005_20211210_050250.flac,2118.5,2118.5,reccor
KEN_005_20211210_050250.flac,2125.5,2125.5,reccor
KEN_005_20211210_050250.flac,2217.8,2217.8,whbwhe3
KEN_005_20211210_050250.flac,2220.1,2220.1,whbwhe3
KEN_005_20211210_050250.flac,2222.4,2222.4,whbwhe3
KEN_005_20211210_050250.flac,2246.5,2246.5,wbswea1
KEN_005_20211210_050250.flac,2263.7,2263.7,wbswea1
KEN_005_20211210_050250.flac,2299.1,2299.1,slcbou1
KEN_005_20211210_050250.flac,2299.9,2299.9,whrshr1
KEN_005_20211210_050250.flac,2303.9,2303.9,whrshr1
KEN_005_20211210_050250.flac,2309.4,2309.4,rbsrob1
KEN_005_20211210_050250.flac,2317.0,2317.0,rbsrob1
KEN_005_20211210_050250.flac,2322.6,2322.6,rbsrob1
KEN_005_20211210_050250.flac,2325.3,2325.3,slcbou1
KEN_005_20211210_050250.flac,2330.6,2330.6,rbsrob1
KEN_005_20211210_050250.flac,2334.6,2334.6,rbsrob1
KEN_005_20211210_050250.flac,2336.0,2336.0,klacuc1
KEN_005_20211210_050250.flac,2337.5,2337.5,rbsrob1
KEN_005_20211210_050250.flac,2341.2,2341.2,rbsrob1
KEN_005_20211210_050250.flac,2364.6,2364.6,rbsrob1
KEN_005_20211210_050250.flac,2369.4,2369.4,rbsrob1
KEN_005_20211210_050250.flac,2373.8,2373.8,rbsrob1
KEN_005_20211210_050250.flac,2383.5,2383.5,rbsrob1
KEN_005_20211210_050250.flac,2388.8,2388.8,rbsrob1
KEN_005_20211210_050250.flac,2394.7,2394.7,klacuc1
KEN_005_20211210_050250.flac,2401.9,2401.9,rindov
KEN_005_20211210_050250.flac,2403.9,2403.9,rindov
KEN_005_20211210_050250.flac,2406.1,2406.1,rbsrob1
KEN_005_20211210_050250.flac,2410.2,2410.2,rbsrob1
KEN_005_20211210_050250.flac,2412.2,2412.2,rbsrob1
KEN_005_20211210_050250.flac,2452.6,2452.6,reccor
KEN_005_20211210_050250.flac,2477.2,2477.2,wbswea1
KEN_005_20211210_050250.flac,2503.9,2503.9,meypar1
KEN_005_20211210_050250.flac,2504.8,2504.8,ratcis1
KEN_005_20211210_050250.flac,2506.2,2506.2,meypar1
KEN_005_20211210_050250.flac,2507.7,2507.7,grywrw1
KEN_005_20211210_050250.flac,2512.8,2512.8,grywrw1
KEN_005_20211210_050250.flac,2514.4,2514.4,reccor
KEN_005_20211210_050250.flac,2524.2,2524.2,meypar1
KEN_005_20211210_050250.flac,2534.3,2534.3,meypar1
KEN_005_20211210_050250.flac,2537.0,2537.0,meypar1
KEN_005_20211210_050250.flac,2542.9,2542.9,reccor
KEN_005_20211210_050250.flac,2543.8,2543.8,darbar1
KEN_005_20211210_050250.flac,2545.8,2545.8,darbar1
KEN_005_20211210_050250.flac,2549.0,2549.0,darbar1
KEN_005_20211210_050250.flac,2550.2,2550.2,reccor
KEN_005_20211210_050250.flac,2553.2,2553.2,reccor
KEN_005_20211210_050250.flac,2554.4,2554.4,wbswea1
KEN_005_20211210_050250.flac,2556.3,2556.3,reccor
KEN_005_20211210_050250.flac,2559.1,2559.1,reccor
KEN_005_20211210_050250.flac,2561.1,2561.1,wbswea1
KEN_005_20211210_050250.flac,2569.6,2569.6,wbswea1
KEN_005_20211210_050250.flac,2573.8,2573.8,grywrw1
KEN_005_20211210_050250.flac,2587.5,2587.5,grywrw1
KEN_005_20211210_050250.flac,2595.3,2595.3,grywrw1
KEN_005_20211210_050250.flac,2605.0,2605.0,grywrw1
KEN_005_20211210_050250.flac,2640.4,2640.4,klacuc1
KEN_005_20211210_050250.flac,2654.9,2654.9,wbswea1
KEN_005_20211210_050250.flac,2739.6,2739.6,wbswea1
KEN_005_20211210_050250.flac,2742.5,2742.5,rbsrob1
KEN_005_20211210_050250.flac,2745.1,2745.1,rbsrob1
KEN_005_20211210_050250.flac,2779.8,2779.8,rbsrob1
KEN_005_20211210_050250.flac,2787.6,2787.6,rbsrob1
KEN_005_20211210_050250.flac,2789.9,2789.9,rbsrob1
KEN_005_20211210_050250.flac,2795.7,2795.7,rbsrob1
KEN_005_20211210_050250.flac,2798.2,2798.2,rbsrob1
KEN_005_20211210_050250.flac,2800.4,2800.4,rbsrob1
KEN_005_20211210_050250.flac,2805.7,2805.7,rbsrob1
KEN_005_20211210_050250.flac,2853.6,2853.6,fotdro5
KEN_005_20211210_050250.flac,2913.1,2913.1,wbswea1
KEN_005_20211210_050250.flac,2963.9,2963.9,wbswea1
KEN_005_20211210_050250.flac,2974.1,2974.1,didcuc1
KEN_005_20211210_050250.flac,2976.4,2976.4,didcuc1
KEN_005_20211210_050250.flac,2978.4,2978.4,didcuc1
KEN_005_20211210_050250.flac,2982.2,2982.2,didcuc1
KEN_005_20211210_050250.flac,2984.8,2984.8,didcuc1
KEN_005_20211210_050250.flac,2986.3,2986.3,didcuc1
KEN_005_20211210_050250.flac,2993.5,2993.5,whrshr1
KEN_005_20211210_050250.flac,2997.8,2997.8,whrshr1
KEN_005_20211210_050250.flac,2999.0,2999.0,rbsrob1
KEN_005_20211210_050250.flac,3001.9,3001.9,rbsrob1
KEN_005_20211210_050250.flac,3004.0,3004.0,rbsrob1
KEN_005_20211210_050250.flac,3007.2,3007.2,rbsrob1
KEN_005_20211210_050250.flac,3008.5,3008.5,combul2
KEN_005_20211210_050250.flac,3010.6,3010.6,rbsrob1
KEN_005_20211210_050250.flac,3012.3,3012.3,rbsrob1
KEN_005_20211210_050250.flac,3013.0,3013.0,chewea1
KEN_005_20211210_050250.flac,3013.7,3013.7,rbsrob1
KEN_005_20211210_050250.flac,3019.9,3019.9,rbsrob1
KEN_005_20211210_050250.flac,3024.0,3024.0,rbsrob1
KEN_005_20211210_050250.flac,3035.9,3035.9,rbsrob1
KEN_005_20211210_050250.flac,3043.3,3043.3,rbsrob1
KEN_005_20211210_050250.flac,3045.7,3045.7,rbsrob1
KEN_005_20211210_050250.flac,3049.0,3049.0,reccor
KEN_005_20211210_050250.flac,3056.6,3056.6,rbsrob1
KEN_005_20211210_050250.flac,3068.3,3068.3,rbsrob1
KEN_005_20211210_050250.flac,3084.6,3084.6,rbsrob1
KEN_005_20211210_050250.flac,3091.8,3091.8,reccor
KEN_005_20211210_050250.flac,3096.9,3096.9,reccor
KEN_005_20211210_050250.flac,3098.2,3098.2,rbsrob1
KEN_005_20211210_050250.flac,3102.7,3102.7,reccor
KEN_005_20211210_050250.flac,3119.3,3119.3,reccor
KEN_005_20211210_050250.flac,3122.2,3122.2,reccor
KEN_005_20211210_050250.flac,3124.7,3124.7,reccor
KEN_005_20211210_050250.flac,3125.2,3125.2,whihel1
KEN_005_20211210_050250.flac,3131.4,3131.4,didcuc1
KEN_005_20211210_050250.flac,3138.5,3138.5,reccor
KEN_005_20211210_050250.flac,3148.7,3148.7,whrshr1
KEN_005_20211210_050250.flac,3163.7,3163.7,whrshr1
KEN_005_20211210_050250.flac,3174.8,3174.8,reccor
KEN_005_20211210_050250.flac,3181.1,3181.1,wbswea1
KEN_005_20211210_050250.flac,3202.2,3202.2,reccor
KEN_005_20211210_050250.flac,3202.7,3202.7,whihel1
KEN_005_20211210_050250.flac,3206.2,3206.2,whihel1
KEN_005_20211210_050250.flac,3214.8,3214.8,wbswea1
KEN_005_20211210_050250.flac,3220.6,3220.6,reccor
KEN_005_20211210_050250.flac,3228.6,3228.6,rbsrob1
KEN_005_20211210_050250.flac,3230.3,3230.3,whihel1
KEN_005_20211210_050250.flac,3235.1,3235.1,rbsrob1
KEN_005_20211210_050250.flac,3242.1,3242.1,wbswea1
KEN_005_20211210_050250.flac,3245.1,3245.1,rbsrob1
KEN_005_20211210_050250.flac,3249.0,3249.0,rbsrob1
KEN_005_20211210_050250.flac,3251.9,3251.9,whihel1
KEN_005_20211210_050250.flac,3253.0,3253.0,rbsrob1
KEN_005_20211210_050250.flac,3256.7,3256.7,rbsrob1
KEN_005_20211210_050250.flac,3262.8,3262.8,rbsrob1
KEN_005_20211210_050250.flac,3267.9,3267.9,rbsrob1
KEN_005_20211210_050250.flac,3270.6,3270.6,wbswea1
KEN_005_20211210_050250.flac,3293.1,3293.1,reccor
KEN_005_20211210_050250.flac,3301.4,3301.4,wbswea1
KEN_005_20211210_050250.flac,3307.4,3307.4,abethr1
KEN_005_20211210_050250.flac,3317.9,3317.9,combul2
KEN_005_20211210_050250.flac,3319.3,3319.3,reccor
KEN_005_20211210_050250.flac,3326.2,3326.2,reccor
KEN_005_20211210_050250.flac,3329.4,3329.4,reccor
KEN_005_20211210_050250.flac,3332.5,3332.5,wbswea1
KEN_005_20211210_050250.flac,3341.9,3341.9,combul2
KEN_005_20211210_050250.flac,3361.0,3361.0,combul2
KEN_005_20211210_050250.flac,3373.7,3373.7,wbswea1
KEN_005_20211210_050250.flac,3379.0,3379.0,ratcis1
KEN_005_20211210_050250.flac,3393.3,3393.3,reccor
KEN_005_20211210_050250.flac,3401.7,3401.7,ratcis1
KEN_005_20211210_050250.flac,3417.4,3417.4,whrshr1
KEN_005_20211210_050250.flac,3427.3,3427.3,reccor
KEN_005_20211210_050250.flac,3456.3,3456.3,whrshr1
KEN_005_20211210_050250.flac,3459.4,3459.4,ratcis1
KEN_005_20211210_050250.flac,3469.1,3469.1,ratcis1
KEN_005_20211210_050250.flac,3474.4,3474.4,ratcis1
KEN_005_20211210_050250.flac,3482.1,3482.1,wbswea1
KEN_005_20211210_050250.flac,3494.4,3494.4,subbus1
KEN_005_20211210_050250.flac,3499.1,3499.1,ratcis1
KEN_005_20211210_050250.flac,3501.2,3501.2,subbus1
KEN_005_20211210_050250.flac,3504.7,3504.7,subbus1
KEN_005_20211210_050250.flac,3506.0,3506.0,wbswea1
KEN_005_20211210_050250.flac,3507.8,3507.8,subbus1
KEN_005_20211210_050250.flac,3511.6,3511.6,wbswea1
KEN_005_20211210_050250.flac,3514.5,3514.5,subbus1
KEN_005_20211210_050250.flac,3520.7,3520.7,subbus1
KEN_005_20211210_050250.flac,3525.3,3525.3,wbswea1
KEN_005_20211210_050250.flac,3529.9,3529.9,subbus1
KEN_005_20211210_050250.flac,3532.9,3532.9,wbswea1
KEN_005_20211210_050250.flac,3536.3,3536.3,subbus1
KEN_005_20211210_050250.flac,3588.2,3588.2,blacuc1
KEN_005_20211210_050250.flac,3595.6,3595.6,ratcis1
KEN_006_20211211_061446.flac,118.1,118.1,blbpuf2
KEN_006_20211211_061446.flac,129.1,129.1,blbpuf2
KEN_006_20211211_061446.flac,146.3,146.3,norbro1
KEN_006_20211211_061446.flac,183.3,183.3,blnmou1
KEN_006_20211211_061446.flac,185.7,185.7,blbpuf2
KEN_006_20211211_061446.flac,217.7,217.7,blnmou1
KEN_006_20211211_061446.flac,219.4,219.4,blbpuf2
KEN_006_20211211_061446.flac,232.5,232.5,varsun2
KEN_006_20211211_061446.flac,267.4,267.4,gnbcam2
KEN_006_20211211_061446.flac,273.6,273.6,blbpuf2
KEN_006_20211211_061446.flac,286.5,286.5,gnbcam2
KEN_006_20211211_061446.flac,299.8,299.8,gnbcam2
KEN_006_20211211_061446.flac,309.0,309.0,gnbcam2
KEN_006_20211211_061446.flac,323.5,323.5,gnbcam2
KEN_006_20211211_061446.flac,325.8,325.8,blbpuf2
KEN_006_20211211_061446.flac,336.3,336.3,thrnig1
KEN_006_20211211_061446.flac,337.6,337.6,gnbcam2
KEN_006_20211211_061446.flac,347.9,347.9,gnbcam2
KEN_006_20211211_061446.flac,354.0,354.0,blbpuf2
KEN_006_20211211_061446.flac,359.4,359.4,gnbcam2
KEN_006_20211211_061446.flac,370.3,370.3,gnbcam2
KEN_006_20211211_061446.flac,370.7,370.7,slcbou1
KEN_006_20211211_061446.flac,376.6,376.6,slcbou1
KEN_006_20211211_061446.flac,378.0,378.0,gnbcam2
KEN_006_20211211_061446.flac,380.1,380.1,slcbou1
KEN_006_20211211_061446.flac,397.2,397.2,gnbcam2
KEN_006_20211211_061446.flac,414.8,414.8,gnbcam2
KEN_006_20211211_061446.flac,429.3,429.3,blbpuf2
KEN_006_20211211_061446.flac,431.4,431.4,slcbou1
KEN_006_20211211_061446.flac,434.0,434.0,gnbcam2
KEN_006_20211211_061446.flac,443.8,443.8,gnbcam2
KEN_006_20211211_061446.flac,445.6,445.6,slcbou1
KEN_006_20211211_061446.flac,459.3,459.3,gnbcam2
KEN_006_20211211_061446.flac,468.2,468.2,gnbcam2
KEN_006_20211211_061446.flac,469.6,469.6,slcbou1
KEN_006_20211211_061446.flac,480.7,480.7,slcbou1
KEN_006_20211211_061446.flac,488.4,488.4,gnbcam2
KEN_006_20211211_061446.flac,497.1,497.1,slcbou1
KEN_006_20211211_061446.flac,512.9,512.9,varsun2
KEN_006_20211211_061446.flac,518.4,518.4,blbpuf2
KEN_006_20211211_061446.flac,531.3,531.3,slcbou1
KEN_006_20211211_061446.flac,532.9,532.9,colsun2
KEN_006_20211211_061446.flac,540.6,540.6,slcbou1
KEN_006_20211211_061446.flac,544.2,544.2,rufcha2
KEN_006_20211211_061446.flac,565.3,565.3,rufcha2
KEN_006_20211211_061446.flac,568.8,568.8,slcbou1
KEN_006_20211211_061446.flac,580.1,580.1,rufcha2
KEN_006_20211211_061446.flac,597.1,597.1,blbpuf2
KEN_006_20211211_061446.flac,613.6,613.6,varsun2
KEN_006_20211211_061446.flac,649.5,649.5,yelbis1
KEN_006_20211211_061446.flac,653.3,653.3,varsun2
KEN_006_20211211_061446.flac,689.1,689.1,thrnig1
KEN_006_20211211_061446.flac,774.0,774.0,subbus1
KEN_006_20211211_061446.flac,779.3,779.3,colsun2
KEN_006_20211211_061446.flac,796.8,796.8,colsun2
KEN_006_20211211_061446.flac,822.7,822.7,blbpuf2
KEN_006_20211211_061446.flac,858.4,858.4,gnbcam2
KEN_006_20211211_061446.flac,873.5,873.5,gnbcam2
KEN_006_20211211_061446.flac,889.6,889.6,rufcha2
KEN_006_20211211_061446.flac,893.7,893.7,rufcha2
KEN_006_20211211_061446.flac,939.9,939.9,rufcha2
KEN_006_20211211_061446.flac,950.1,950.1,reedov1
KEN_006_20211211_061446.flac,952.1,952.1,rufcha2
KEN_006_20211211_061446.flac,954.5,954.5,subbus1
KEN_006_20211211_061446.flac,963.6,963.6,yelbis1
KEN_006_20211211_061446.flac,970.4,970.4,blbpuf2
KEN_006_20211211_061446.flac,972.8,972.8,subbus1
KEN_006_20211211_061446.flac,976.5,976.5,fotdro5
KEN_006_20211211_061446.flac,978.1,978.1,subbus1
KEN_006_20211211_061446.flac,981.4,981.4,subbus1
KEN_006_20211211_061446.flac,1166.3,1166.3,blbpuf2
KEN_006_20211211_061446.flac,1280.5,1280.5,blbpuf2
KEN_006_20211211_061446.flac,1307.6,1307.6,fotdro5
KEN_006_20211211_061446.flac,1326.9,1326.9,blbpuf2
KEN_006_20211211_061446.flac,1340.9,1340.9,fotdro5
KEN_006_20211211_061446.flac,1361.6,1361.6,fotdro5
KEN_006_20211211_061446.flac,1366.3,1366.3,subbus1
KEN_006_20211211_061446.flac,1371.0,1371.0,subbus1
KEN_006_20211211_061446.flac,1374.6,1374.6,subbus1
KEN_006_20211211_061446.flac,1382.6,1382.6,slcbou1
KEN_006_20211211_061446.flac,1389.9,1389.9,subbus1
KEN_006_20211211_061446.flac,1412.2,1412.2,subbus1
KEN_006_20211211_061446.flac,1415.8,1415.8,subbus1
KEN_006_20211211_061446.flac,1424.7,1424.7,subbus1
KEN_006_20211211_061446.flac,1430.5,1430.5,subbus1
KEN_006_20211211_061446.flac,1436.8,1436.8,subbus1
KEN_006_20211211_061446.flac,1447.9,1447.9,subbus1
KEN_006_20211211_061446.flac,1457.3,1457.3,subbus1
KEN_006_20211211_061446.flac,1483.0,1483.0,fotdro5
KEN_006_20211211_061446.flac,1610.3,1610.3,subbus1
KEN_006_20211211_061446.flac,1615.5,1615.5,gnbcam2
KEN_006_20211211_061446.flac,1617.6,1617.6,subbus1
KEN_006_20211211_061446.flac,1622.9,1622.9,subbus1
KEN_006_20211211_061446.flac,1624.7,1624.7,norbro1
KEN_006_20211211_061446.flac,1628.8,1628.8,varsun2
KEN_006_20211211_061446.flac,1631.5,1631.5,fotdro5
KEN_006_20211211_061446.flac,1639.1,1639.1,varsun2
KEN_006_20211211_061446.flac,1641.8,1641.8,fotdro5
KEN_006_20211211_061446.flac,1654.5,1654.5,eswdov1
KEN_006_20211211_061446.flac,1669.7,1669.7,fotdro5
KEN_006_20211211_061446.flac,1680.9,1680.9,subbus1
KEN_006_20211211_061446.flac,1692.9,1692.9,subbus1
KEN_006_20211211_061446.flac,1712.1,1712.1,subbus1
KEN_006_20211211_061446.flac,1741.4,1741.4,reccor
KEN_006_20211211_061446.flac,1750.2,1750.2,subbus1
KEN_006_20211211_061446.flac,1756.8,1756.8,subbus1
KEN_006_20211211_061446.flac,1764.3,1764.3,fotdro5
KEN_006_20211211_061446.flac,1770.0,1770.0,yebapa1
KEN_006_20211211_061446.flac,1793.6,1793.6,slcbou1
KEN_006_20211211_061446.flac,1801.2,1801.2,fotdro5
KEN_006_20211211_061446.flac,1808.5,1808.5,blbpuf2
KEN_006_20211211_061446.flac,1878.6,1878.6,slcbou1
KEN_006_20211211_061446.flac,1884.5,1884.5,slcbou1
KEN_006_20211211_061446.flac,1912.8,1912.8,slcbou1
KEN_006_20211211_061446.flac,1915.2,1915.2,spewea1
KEN_006_20211211_061446.flac,1921.7,1921.7,slcbou1
KEN_006_20211211_061446.flac,1926.5,1926.5,norbro1
KEN_006_20211211_061446.flac,1933.8,1933.8,norbro1
KEN_006_20211211_061446.flac,1935.9,1935.9,slcbou1
KEN_006_20211211_061446.flac,1939.9,1939.9,blbpuf2
KEN_006_20211211_061446.flac,1950.1,1950.1,fotdro5
KEN_006_20211211_061446.flac,1951.8,1951.8,raybar1
KEN_006_20211211_061446.flac,1962.1,1962.1,raybar1
KEN_006_20211211_061446.flac,1967.8,1967.8,raybar1
KEN_006_20211211_061446.flac,1973.4,1973.4,raybar1
KEN_006_20211211_061446.flac,1978.8,1978.8,fotdro5
KEN_006_20211211_061446.flac,1990.1,1990.1,raybar1
KEN_006_20211211_061446.flac,2007.0,2007.0,raybar1
KEN_006_20211211_061446.flac,2009.3,2009.3,subbus1
KEN_006_20211211_061446.flac,2013.9,2013.9,raybar1
KEN_006_20211211_061446.flac,2016.8,2016.8,subbus1
KEN_006_20211211_061446.flac,2023.9,2023.9,subbus1
KEN_006_20211211_061446.flac,2032.8,2032.8,subbus1
KEN_006_20211211_061446.flac,2038.3,2038.3,subbus1
KEN_006_20211211_061446.flac,2047.5,2047.5,subbus1
KEN_006_20211211_061446.flac,2061.0,2061.0,subbus1
KEN_006_20211211_061446.flac,2070.5,2070.5,subbus1
KEN_006_20211211_061446.flac,2082.3,2082.3,fotdro5
KEN_006_20211211_061446.flac,2085.8,2085.8,spemou2
KEN_006_20211211_061446.flac,2095.0,2095.0,fotdro5
KEN_006_20211211_061446.flac,2114.4,2114.4,fotdro5
KEN_006_20211211_061446.flac,2132.0,2132.0,trobou1
KEN_006_20211211_061446.flac,2214.6,2214.6,varsun2
KEN_006_20211211_061446.flac,2217.2,2217.2,raybar1
KEN_006_20211211_061446.flac,2223.3,2223.3,varsun2
KEN_006_20211211_061446.flac,2224.9,2224.9,raybar1
KEN_006_20211211_061446.flac,2264.6,2264.6,varsun2
KEN_006_20211211_061446.flac,2265.8,2265.8,raybar1
KEN_006_20211211_061446.flac,2275.4,2275.4,yebgre1
KEN_006_20211211_061446.flac,2278.9,2278.9,colsun2
KEN_006_20211211_061446.flac,2282.4,2282.4,blbpuf2
KEN_006_20211211_061446.flac,2283.4,2283.4,yebgre1
KEN_006_20211211_061446.flac,2285.1,2285.1,raybar1
KEN_006_20211211_061446.flac,2291.8,2291.8,raybar1
KEN_006_20211211_061446.flac,2296.9,2296.9,yebgre1
KEN_006_20211211_061446.flac,2300.8,2300.8,raybar1
KEN_006_20211211_061446.flac,2304.2,2304.2,yebgre1
KEN_006_20211211_061446.flac,2312.0,2312.0,raybar1
KEN_006_20211211_061446.flac,2322.4,2322.4,varsun2
KEN_006_20211211_061446.flac,2354.8,2354.8,yebapa1
KEN_006_20211211_061446.flac,2369.5,2369.5,norbro1
KEN_006_20211211_061446.flac,2404.6,2404.6,blbpuf2
KEN_006_20211211_061446.flac,2423.4,2423.4,combul2
KEN_006_20211211_061446.flac,2433.9,2433.9,blbpuf2
KEN_006_20211211_061446.flac,2466.9,2466.9,gnbcam2
KEN_006_20211211_061446.flac,2494.6,2494.6,gnbcam2
KEN_006_20211211_061446.flac,2502.7,2502.7,gnbcam2
KEN_006_20211211_061446.flac,2508.3,2508.3,gnbcam2
KEN_006_20211211_061446.flac,2517.2,2517.2,gnbcam2
KEN_006_20211211_061446.flac,2526.1,2526.1,gnbcam2
KEN_006_20211211_061446.flac,2546.9,2546.9,gnbcam2
KEN_006_20211211_061446.flac,2556.0,2556.0,gnbcam2
KEN_006_20211211_061446.flac,2560.2,2560.2,varsun2
KEN_006_20211211_061446.flac,2563.2,2563.2,gnbcam2
KEN_006_20211211_061446.flac,2601.4,2601.4,combul2
KEN_006_20211211_061446.flac,2602.8,2602.8,slcbou1
KEN_006_20211211_061446.flac,2612.8,2612.8,yebapa1
KEN_006_20211211_061446.flac,2631.1,2631.1,combul2
KEN_006_20211211_061446.flac,2730.5,2730.5,blbpuf2
KEN_006_20211211_061446.flac,2749.9,2749.9,blbpuf2
KEN_006_20211211_061446.flac,2753.9,2753.9,varsun2
KEN_006_20211211_061446.flac,2757.5,2757.5,slcbou1
KEN_006_20211211_061446.flac,2782.2,2782.2,norbro1
KEN_006_20211211_061446.flac,2826.1,2826.1,eswdov1
KEN_006_20211211_061446.flac,2846.8,2846.8,varsun2
KEN_006_20211211_061446.flac,2849.7,2849.7,eswdov1
KEN_006_20211211_061446.flac,2887.7,2887.7,yebapa1
KEN_006_20211211_061446.flac,2898.4,2898.4,afpfly1
KEN_006_20211211_061446.flac,2903.0,2903.0,yebapa1
KEN_006_20211211_061446.flac,2905.5,2905.5,afpfly1
KEN_006_20211211_061446.flac,2908.6,2908.6,yebgre1
KEN_006_20211211_061446.flac,2913.2,2913.2,eswdov1
KEN_006_20211211_061446.flac,2923.1,2923.1,afpfly1
KEN_006_20211211_061446.flac,2926.6,2926.6,yebgre1
KEN_006_20211211_061446.flac,2935.5,2935.5,varsun2
KEN_006_20211211_061446.flac,2936.1,2936.1,yebgre1
KEN_006_20211211_061446.flac,2945.5,2945.5,yebgre1
KEN_006_20211211_061446.flac,2953.0,2953.0,yebgre1
KEN_006_20211211_061446.flac,2961.7,2961.7,blbpuf2
KEN_006_20211211_061446.flac,2976.4,2976.4,slcbou1
KEN_006_20211211_061446.flac,2985.7,2985.7,slcbou1
KEN_006_20211211_061446.flac,2995.6,2995.6,gnbcam2
KEN_006_20211211_061446.flac,2996.5,2996.5,yebgre1
KEN_006_20211211_061446.flac,3004.3,3004.3,gnbcam2
KEN_006_20211211_061446.flac,3007.3,3007.3,yebgre1
KEN_006_20211211_061446.flac,3033.2,3033.2,gnbcam2
KEN_006_20211211_061446.flac,3085.4,3085.4,gnbcam2
KEN_006_20211211_061446.flac,3095.5,3095.5,blbpuf2
KEN_006_20211211_061446.flac,3098.9,3098.9,varsun2
KEN_006_20211211_061446.flac,3125.8,3125.8,varsun2
KEN_006_20211211_061446.flac,3258.7,3258.7,thrnig1
KEN_006_20211211_061446.flac,3294.2,3294.2,eswdov1
KEN_006_20211211_061446.flac,3308.0,3308.0,colsun2
KEN_006_20211211_061446.flac,3320.3,3320.3,colsun2
KEN_006_20211211_061446.flac,3329.1,3329.1,colsun2
KEN_006_20211211_061446.flac,3337.3,3337.3,blbpuf2
KEN_006_20211211_061446.flac,3344.0,3344.0,colsun2
KEN_006_20211211_061446.flac,3354.3,3354.3,colsun2
KEN_006_20211211_061446.flac,3355.5,3355.5,blbpuf2
KEN_006_20211211_061446.flac,3365.9,3365.9,slcbou1
KEN_006_20211211_061446.flac,3371.0,3371.0,blbpuf2
KEN_006_20211211_061446.flac,3374.8,3374.8,colsun2
KEN_006_20211211_061446.flac,3384.5,3384.5,varsun2
KEN_006_20211211_061446.flac,3399.3,3399.3,varsun2
KEN_006_20211211_061446.flac,3408.8,3408.8,blbpuf2
KEN_006_20211211_061446.flac,3411.7,3411.7,colsun2
KEN_006_20211211_061446.flac,3421.0,3421.0,blbpuf2
KEN_006_20211211_061446.flac,3450.0,3450.0,spewea1
KEN_006_20211211_061446.flac,3454.0,3454.0,blbpuf2
KEN_006_20211211_061446.flac,3460.0,3460.0,colsun2
KEN_006_20211211_061446.flac,3503.9,3503.9,slcbou1
KEN_006_20211211_061446.flac,3506.9,3506.9,tafpri1
KEN_006_20211211_061446.flac,3511.5,3511.5,tafpri1
KEN_006_20211211_061446.flac,3521.8,3521.8,blbpuf2
KEN_006_20211211_061446.flac,3582.4,3582.4,varsun2
KEN_007_20211221_035246.flac,384.6,384.6,fotdro5
KEN_007_20211221_035246.flac,388.1,388.1,fotdro5
KEN_007_20211221_035246.flac,394.9,394.9,fotdro5
KEN_007_20211221_035246.flac,400.5,400.5,fotdro5
KEN_007_20211221_035246.flac,410.9,410.9,fotdro5
KEN_007_20211221_035246.flac,415.7,415.7,fotdro5
KEN_007_20211221_035246.flac,419.7,419.7,fotdro5
KEN_007_20211221_035246.flac,425.8,425.8,fotdro5
KEN_007_20211221_035246.flac,448.0,448.0,fotdro5
KEN_007_20211221_035246.flac,487.2,487.2,gnbcam2
KEN_007_20211221_035246.flac,492.5,492.5,fotdro5
KEN_007_20211221_035246.flac,520.9,520.9,afghor1
KEN_007_20211221_035246.flac,523.3,523.3,wbswea1
KEN_007_20211221_035246.flac,525.0,525.0,afghor1
KEN_007_20211221_035246.flac,540.1,540.1,beasun2
KEN_007_20211221_035246.flac,541.6,541.6,afghor1
KEN_007_20211221_035246.flac,545.7,545.7,afghor1
KEN_007_20211221_035246.flac,588.0,588.0,afghor1
KEN_007_20211221_035246.flac,590.6,590.6,afghor1
KEN_007_20211221_035246.flac,680.3,680.3,wbswea1
KEN_007_20211221_035246.flac,702.4,702.4,rbsrob1
KEN_007_20211221_035246.flac,710.1,710.1,rbsrob1
KEN_007_20211221_035246.flac,721.7,721.7,rbsrob1
KEN_007_20211221_035246.flac,729.4,729.4,rbsrob1
KEN_007_20211221_035246.flac,731.0,731.0,wbswea1
KEN_007_20211221_035246.flac,734.2,734.2,rbsrob1
KEN_007_20211221_035246.flac,736.6,736.6,rbsrob1
KEN_007_20211221_035246.flac,740.5,740.5,rbsrob1
KEN_007_20211221_035246.flac,746.4,746.4,wbswea1
KEN_007_20211221_035246.flac,751.0,751.0,rbsrob1
KEN_007_20211221_035246.flac,754.2,754.2,rbsrob1
KEN_007_20211221_035246.flac,756.3,756.3,rbsrob1
KEN_007_20211221_035246.flac,757.9,757.9,rbsrob1
KEN_007_20211221_035246.flac,760.9,760.9,rbsrob1
KEN_007_20211221_035246.flac,763.4,763.4,rbsrob1
KEN_007_20211221_035246.flac,768.0,768.0,rbsrob1
KEN_007_20211221_035246.flac,770.2,770.2,rbsrob1
KEN_007_20211221_035246.flac,774.1,774.1,rbsrob1
KEN_007_20211221_035246.flac,780.0,780.0,rbsrob1
KEN_007_20211221_035246.flac,781.7,781.7,rbsrob1
KEN_007_20211221_035246.flac,786.0,786.0,rbsrob1
KEN_007_20211221_035246.flac,790.6,790.6,rbsrob1
KEN_007_20211221_035246.flac,792.8,792.8,rbsrob1
KEN_007_20211221_035246.flac,795.0,795.0,rbsrob1
KEN_007_20211221_035246.flac,797.6,797.6,rbsrob1
KEN_007_20211221_035246.flac,799.1,799.1,rbsrob1
KEN_007_20211221_035246.flac,801.9,801.9,rbsrob1
KEN_007_20211221_035246.flac,806.5,806.5,rbsrob1
KEN_007_20211221_035246.flac,808.5,808.5,rbsrob1
KEN_007_20211221_035246.flac,811.1,811.1,rbsrob1
KEN_007_20211221_035246.flac,812.5,812.5,rbsrob1
KEN_007_20211221_035246.flac,815.3,815.3,rbsrob1
KEN_007_20211221_035246.flac,817.3,817.3,rbsrob1
KEN_007_20211221_035246.flac,820.7,820.7,rbsrob1
KEN_007_20211221_035246.flac,825.1,825.1,rbsrob1
KEN_007_20211221_035246.flac,827.8,827.8,rbsrob1
KEN_007_20211221_035246.flac,831.4,831.4,rbsrob1
KEN_007_20211221_035246.flac,834.8,834.8,rbsrob1
KEN_007_20211221_035246.flac,835.7,835.7,rbsrob1
KEN_007_20211221_035246.flac,838.2,838.2,rbsrob1
KEN_007_20211221_035246.flac,839.8,839.8,rbsrob1
KEN_007_20211221_035246.flac,843.4,843.4,rbsrob1
KEN_007_20211221_035246.flac,845.6,845.6,rbsrob1
KEN_007_20211221_035246.flac,848.6,848.6,rbsrob1
KEN_007_20211221_035246.flac,851.9,851.9,rbsrob1
KEN_007_20211221_035246.flac,853.8,853.8,rbsrob1
KEN_007_20211221_035246.flac,856.2,856.2,rbsrob1
KEN_007_20211221_035246.flac,858.0,858.0,rbsrob1
KEN_007_20211221_035246.flac,860.3,860.3,rbsrob1
KEN_007_20211221_035246.flac,869.7,869.7,rbsrob1
KEN_007_20211221_035246.flac,872.9,872.9,rbsrob1
KEN_007_20211221_035246.flac,875.0,875.0,rbsrob1
KEN_007_20211221_035246.flac,877.1,877.1,rbsrob1
KEN_007_20211221_035246.flac,882.4,882.4,rbsrob1
KEN_007_20211221_035246.flac,887.4,887.4,rbsrob1
KEN_007_20211221_035246.flac,889.2,889.2,rbsrob1
KEN_007_20211221_035246.flac,894.5,894.5,rbsrob1
KEN_007_20211221_035246.flac,896.4,896.4,rbsrob1
KEN_007_20211221_035246.flac,916.8,916.8,gnbcam2
KEN_007_20211221_035246.flac,922.3,922.3,rbsrob1
KEN_007_20211221_035246.flac,929.2,929.2,rbsrob1
KEN_007_20211221_035246.flac,933.4,933.4,rbsrob1
KEN_007_20211221_035246.flac,936.8,936.8,rbsrob1
KEN_007_20211221_035246.flac,938.8,938.8,rbsrob1
KEN_007_20211221_035246.flac,940.8,940.8,rbsrob1
KEN_007_20211221_035246.flac,941.3,941.3,litwea1
KEN_007_20211221_035246.flac,945.2,945.2,rbsrob1
KEN_007_20211221_035246.flac,947.9,947.9,rbsrob1
KEN_007_20211221_035246.flac,951.1,951.1,rbsrob1
KEN_007_20211221_035246.flac,955.4,955.4,rbsrob1
KEN_007_20211221_035246.flac,958.0,958.0,rbsrob1
KEN_007_20211221_035246.flac,962.7,962.7,wbswea1
KEN_007_20211221_035246.flac,971.5,971.5,wbgbir1
KEN_007_20211221_035246.flac,974.1,974.1,wbgbir1
KEN_007_20211221_035246.flac,978.3,978.3,rbsrob1
KEN_007_20211221_035246.flac,980.5,980.5,rbsrob1
KEN_007_20211221_035246.flac,988.5,988.5,rbsrob1
KEN_007_20211221_035246.flac,996.3,996.3,rbsrob1
KEN_007_20211221_035246.flac,1004.7,1004.7,rbsrob1
KEN_007_20211221_035246.flac,1014.4,1014.4,rbsrob1
KEN_007_20211221_035246.flac,1018.9,1018.9,rbsrob1
KEN_007_20211221_035246.flac,1038.0,1038.0,rbsrob1
KEN_007_20211221_035246.flac,1039.9,1039.9,rbsrob1
KEN_007_20211221_035246.flac,1044.6,1044.6,rbsrob1
KEN_007_20211221_035246.flac,1051.6,1051.6,rbsrob1
KEN_007_20211221_035246.flac,1056.5,1056.5,rbsrob1
KEN_007_20211221_035246.flac,1058.9,1058.9,rbsrob1
KEN_007_20211221_035246.flac,1062.4,1062.4,rbsrob1
KEN_007_20211221_035246.flac,1071.1,1071.1,rbsrob1
KEN_007_20211221_035246.flac,1073.9,1073.9,rbsrob1
KEN_007_20211221_035246.flac,1076.4,1076.4,rbsrob1
KEN_007_20211221_035246.flac,1096.4,1096.4,rbsrob1
KEN_007_20211221_035246.flac,1106.9,1106.9,rbsrob1
KEN_007_20211221_035246.flac,1108.9,1108.9,rbsrob1
KEN_007_20211221_035246.flac,1111.4,1111.4,rbsrob1
KEN_007_20211221_035246.flac,1118.2,1118.2,rbsrob1
KEN_007_20211221_035246.flac,1120.4,1120.4,rbsrob1
KEN_007_20211221_035246.flac,1123.3,1123.3,rbsrob1
KEN_007_20211221_035246.flac,1125.4,1125.4,rbsrob1
KEN_007_20211221_035246.flac,1130.2,1130.2,rbsrob1
KEN_007_20211221_035246.flac,1132.4,1132.4,rbsrob1
KEN_007_20211221_035246.flac,1137.7,1137.7,rbsrob1
KEN_007_20211221_035246.flac,1163.3,1163.3,rbsrob1
KEN_007_20211221_035246.flac,1176.9,1176.9,afghor1
KEN_007_20211221_035246.flac,1177.6,1177.6,rbsrob1
KEN_007_20211221_035246.flac,1180.0,1180.0,rbsrob1
KEN_007_20211221_035246.flac,1182.5,1182.5,rbsrob1
KEN_007_20211221_035246.flac,1187.6,1187.6,rbsrob1
KEN_007_20211221_035246.flac,1192.9,1192.9,rbsrob1
KEN_007_20211221_035246.flac,1202.0,1202.0,rbsrob1
KEN_007_20211221_035246.flac,1206.7,1206.7,afghor1
KEN_007_20211221_035246.flac,1210.0,1210.0,rbsrob1
KEN_007_20211221_035246.flac,1212.6,1212.6,wbswea1
KEN_007_20211221_035246.flac,1236.3,1236.3,wbswea1
KEN_007_20211221_035246.flac,1265.1,1265.1,rbsrob1
KEN_007_20211221_035246.flac,1266.0,1266.0,afghor1
KEN_007_20211221_035246.flac,1267.7,1267.7,afghor1
KEN_007_20211221_035246.flac,1267.8,1267.8,rbsrob1
KEN_007_20211221_035246.flac,1281.8,1281.8,wbswea1
KEN_007_20211221_035246.flac,1285.5,1285.5,fotdro5
KEN_007_20211221_035246.flac,1290.3,1290.3,fotdro5
KEN_007_20211221_035246.flac,1296.1,1296.1,wbgbir1
KEN_007_20211221_035246.flac,1298.9,1298.9,wbgbir1
KEN_007_20211221_035246.flac,1301.8,1301.8,wbgbir1
KEN_007_20211221_035246.flac,1304.5,1304.5,rbsrob1
KEN_007_20211221_035246.flac,1330.1,1330.1,wbswea1
KEN_007_20211221_035246.flac,1343.8,1343.8,afghor1
KEN_007_20211221_035246.flac,1347.3,1347.3,afghor1
KEN_007_20211221_035246.flac,1348.4,1348.4,rbsrob1
KEN_007_20211221_035246.flac,1353.6,1353.6,afghor1
KEN_007_20211221_035246.flac,1363.7,1363.7,beasun2
KEN_007_20211221_035246.flac,1367.4,1367.4,rbsrob1
KEN_007_20211221_035246.flac,1371.8,1371.8,wbswea1
KEN_007_20211221_035246.flac,1373.2,1373.2,wbswea1
KEN_007_20211221_035246.flac,1394.9,1394.9,afghor1
KEN_007_20211221_035246.flac,1403.8,1403.8,gnbcam2
KEN_007_20211221_035246.flac,1417.5,1417.5,gnbcam2
KEN_007_20211221_035246.flac,1426.1,1426.1,wbswea1
KEN_007_20211221_035246.flac,1432.3,1432.3,afghor1
KEN_007_20211221_035246.flac,1434.2,1434.2,afghor1
KEN_007_20211221_035246.flac,1457.0,1457.0,beasun2
KEN_007_20211221_035246.flac,1462.7,1462.7,wbswea1
KEN_007_20211221_035246.flac,1465.2,1465.2,wbgbir1
KEN_007_20211221_035246.flac,1468.3,1468.3,wbgbir1
KEN_007_20211221_035246.flac,1477.0,1477.0,gnbcam2
KEN_007_20211221_035246.flac,1481.1,1481.1,wbswea1
KEN_007_20211221_035246.flac,1486.7,1486.7,gnbcam2
KEN_007_20211221_035246.flac,1502.7,1502.7,wbgbir1
KEN_007_20211221_035246.flac,1514.4,1514.4,lesmaw1
KEN_007_20211221_035246.flac,1515.2,1515.2,wbswea1
KEN_007_20211221_035246.flac,1528.5,1528.5,spfwea1
KEN_007_20211221_035246.flac,1531.0,1531.0,spfwea1
KEN_007_20211221_035246.flac,1537.9,1537.9,spfwea1
KEN_007_20211221_035246.flac,1541.9,1541.9,gnbcam2
KEN_007_20211221_035246.flac,1550.2,1550.2,combul2
KEN_007_20211221_035246.flac,1554.6,1554.6,combul2
KEN_007_20211221_035246.flac,1564.5,1564.5,gnbcam2
KEN_007_20211221_035246.flac,1578.9,1578.9,slcbou1
KEN_007_20211221_035246.flac,1587.8,1587.8,rbsrob1
KEN_007_20211221_035246.flac,1590.0,1590.0,rbsrob1
KEN_007_20211221_035246.flac,1592.5,1592.5,rbsrob1
KEN_007_20211221_035246.flac,1595.1,1595.1,rbsrob1
KEN_007_20211221_035246.flac,1597.5,1597.5,rbsrob1
KEN_007_20211221_035246.flac,1599.3,1599.3,gnbcam2
KEN_007_20211221_035246.flac,1599.8,1599.8,rbsrob1
KEN_007_20211221_035246.flac,1602.3,1602.3,rbsrob1
KEN_007_20211221_035246.flac,1607.1,1607.1,rbsrob1
KEN_007_20211221_035246.flac,1609.9,1609.9,gnbcam2
KEN_007_20211221_035246.flac,1610.3,1610.3,rbsrob1
KEN_007_20211221_035246.flac,1644.6,1644.6,fotdro5
KEN_007_20211221_035246.flac,1647.5,1647.5,fotdro5
KEN_007_20211221_035246.flac,1653.6,1653.6,fotdro5
KEN_007_20211221_035246.flac,1655.7,1655.7,fotdro5
KEN_007_20211221_035246.flac,1656.7,1656.7,fotdro5
KEN_007_20211221_035246.flac,1658.9,1658.9,fotdro5
KEN_007_20211221_035246.flac,1665.1,1665.1,fotdro5
KEN_007_20211221_035246.flac,1672.3,1672.3,fotdro5
KEN_007_20211221_035246.flac,1674.8,1674.8,gnbcam2
KEN_007_20211221_035246.flac,1679.2,1679.2,fotdro5
KEN_007_20211221_035246.flac,1683.0,1683.0,fotdro5
KEN_007_20211221_035246.flac,1686.8,1686.8,somtit4
KEN_007_20211221_035246.flac,1688.0,1688.0,fotdro5
KEN_007_20211221_035246.flac,1692.0,1692.0,fotdro5
KEN_007_20211221_035246.flac,1694.1,1694.1,fotdro5
KEN_007_20211221_035246.flac,1698.2,1698.2,fotdro5
KEN_007_20211221_035246.flac,1703.1,1703.1,fotdro5
KEN_007_20211221_035246.flac,1704.7,1704.7,rehwea1
KEN_007_20211221_035246.flac,1707.5,1707.5,fotdro5
KEN_007_20211221_035246.flac,1711.9,1711.9,somtit4
KEN_007_20211221_035246.flac,1712.2,1712.2,fotdro5
KEN_007_20211221_035246.flac,1714.9,1714.9,fotdro5
KEN_007_20211221_035246.flac,1716.8,1716.8,fotdro5
KEN_007_20211221_035246.flac,1719.8,1719.8,fotdro5
KEN_007_20211221_035246.flac,1720.3,1720.3,fotdro5
KEN_007_20211221_035246.flac,1720.5,1720.5,rehwea1
KEN_007_20211221_035246.flac,1721.0,1721.0,fotdro5
KEN_007_20211221_035246.flac,1723.9,1723.9,rehwea1
KEN_007_20211221_035246.flac,1724.7,1724.7,gnbcam2
KEN_007_20211221_035246.flac,1725.0,1725.0,fotdro5
KEN_007_20211221_035246.flac,1727.9,1727.9,fotdro5
KEN_007_20211221_035246.flac,1730.9,1730.9,rehwea1
KEN_007_20211221_035246.flac,1732.0,1732.0,fotdro5
KEN_007_20211221_035246.flac,1732.8,1732.8,gnbcam2
KEN_007_20211221_035246.flac,1736.4,1736.4,fotdro5
KEN_007_20211221_035246.flac,1740.7,1740.7,fotdro5
KEN_007_20211221_035246.flac,1745.1,1745.1,fotdro5
KEN_007_20211221_035246.flac,1748.7,1748.7,fotdro5
KEN_007_20211221_035246.flac,1751.2,1751.2,fotdro5
KEN_007_20211221_035246.flac,1758.7,1758.7,fotdro5
KEN_007_20211221_035246.flac,1759.1,1759.1,rehwea1
KEN_007_20211221_035246.flac,1786.0,1786.0,rbsrob1
KEN_007_20211221_035246.flac,1788.0,1788.0,rbsrob1
KEN_007_20211221_035246.flac,1790.1,1790.1,rbsrob1
KEN_007_20211221_035246.flac,1792.0,1792.0,rbsrob1
KEN_007_20211221_035246.flac,1794.5,1794.5,rbsrob1
KEN_007_20211221_035246.flac,1798.6,1798.6,rbsrob1
KEN_007_20211221_035246.flac,1804.4,1804.4,rbsrob1
KEN_007_20211221_035246.flac,1845.4,1845.4,fotdro5
KEN_007_20211221_035246.flac,1850.2,1850.2,fotdro5
KEN_007_20211221_035246.flac,1852.4,1852.4,wbswea1
KEN_007_20211221_035246.flac,1853.9,1853.9,wbswea1
KEN_007_20211221_035246.flac,1856.3,1856.3,fotdro5
KEN_007_20211221_035246.flac,1859.9,1859.9,fotdro5
KEN_007_20211221_035246.flac,1862.4,1862.4,fotdro5
KEN_007_20211221_035246.flac,1862.7,1862.7,wbswea1
KEN_007_20211221_035246.flac,1863.5,1863.5,fotdro5
KEN_007_20211221_035246.flac,1864.5,1864.5,wbswea1
KEN_007_20211221_035246.flac,1867.5,1867.5,fotdro5
KEN_007_20211221_035246.flac,1869.8,1869.8,fotdro5
KEN_007_20211221_035246.flac,1875.5,1875.5,fotdro5
KEN_007_20211221_035246.flac,1877.2,1877.2,fotdro5
KEN_007_20211221_035246.flac,1882.1,1882.1,fotdro5
KEN_007_20211221_035246.flac,1884.4,1884.4,wbswea1
KEN_007_20211221_035246.flac,1887.3,1887.3,fotdro5
KEN_007_20211221_035246.flac,1889.2,1889.2,wbswea1
KEN_007_20211221_035246.flac,1892.5,1892.5,fotdro5
KEN_007_20211221_035246.flac,1900.2,1900.2,wbswea1
KEN_007_20211221_035246.flac,1901.6,1901.6,fotdro5
KEN_007_20211221_035246.flac,1909.8,1909.8,fotdro5
KEN_007_20211221_035246.flac,1910.8,1910.8,wbswea1
KEN_007_20211221_035246.flac,1917.3,1917.3,wbswea1
KEN_007_20211221_035246.flac,1928.0,1928.0,gnbcam2
KEN_007_20211221_035246.flac,1934.9,1934.9,fotdro5
KEN_007_20211221_035246.flac,1940.6,1940.6,wbswea1
KEN_007_20211221_035246.flac,1950.0,1950.0,beasun2
KEN_007_20211221_035246.flac,1954.0,1954.0,beasun2
KEN_007_20211221_035246.flac,1957.7,1957.7,somtit4
KEN_007_20211221_035246.flac,1958.5,1958.5,somtit4
KEN_007_20211221_035246.flac,1959.9,1959.9,somtit4
KEN_007_20211221_035246.flac,1966.8,1966.8,somtit4
KEN_007_20211221_035246.flac,1979.8,1979.8,wbswea1
KEN_007_20211221_035246.flac,1987.4,1987.4,wbswea1
KEN_007_20211221_035246.flac,1992.3,1992.3,gnbcam2
KEN_007_20211221_035246.flac,1997.2,1997.2,fotdro5
KEN_007_20211221_035246.flac,2035.4,2035.4,somtit4
KEN_007_20211221_035246.flac,2073.0,2073.0,gnbcam2
KEN_007_20211221_035246.flac,2102.3,2102.3,combul2
KEN_007_20211221_035246.flac,2118.1,2118.1,fotdro5
KEN_007_20211221_035246.flac,2119.5,2119.5,wbswea1
KEN_007_20211221_035246.flac,2120.9,2120.9,wbswea1
KEN_007_20211221_035246.flac,2124.7,2124.7,combul2
KEN_007_20211221_035246.flac,2157.3,2157.3,fotdro5
KEN_007_20211221_035246.flac,2163.9,2163.9,fotdro5
KEN_007_20211221_035246.flac,2168.6,2168.6,slcbou1
KEN_007_20211221_035246.flac,2169.9,2169.9,somtit4
KEN_007_20211221_035246.flac,2211.6,2211.6,wbswea1
KEN_007_20211221_035246.flac,2217.6,2217.6,fotdro5
KEN_007_20211221_035246.flac,2229.8,2229.8,fotdro5
KEN_007_20211221_035246.flac,2231.7,2231.7,yebapa1
KEN_007_20211221_035246.flac,2239.4,2239.4,fotdro5
KEN_007_20211221_035246.flac,2246.3,2246.3,fotdro5
KEN_007_20211221_035246.flac,2247.9,2247.9,wbswea1
KEN_007_20211221_035246.flac,2255.1,2255.1,fotdro5
KEN_007_20211221_035246.flac,2262.5,2262.5,fotdro5
KEN_007_20211221_035246.flac,2282.2,2282.2,fotdro5
KEN_007_20211221_035246.flac,2284.6,2284.6,slcbou1
KEN_007_20211221_035246.flac,2285.4,2285.4,slcbou1
KEN_007_20211221_035246.flac,2288.0,2288.0,slcbou1
KEN_007_20211221_035246.flac,2289.4,2289.4,fotdro5
KEN_007_20211221_035246.flac,2290.6,2290.6,wbswea1
KEN_007_20211221_035246.flac,2302.5,2302.5,wbswea1
KEN_007_20211221_035246.flac,2307.0,2307.0,brcsta1
KEN_007_20211221_035246.flac,2327.8,2327.8,wbswea1
KEN_007_20211221_035246.flac,2333.5,2333.5,combul2
KEN_007_20211221_035246.flac,2345.5,2345.5,slcbou1
KEN_007_20211221_035246.flac,2354.2,2354.2,slcbou1
KEN_007_20211221_035246.flac,2360.0,2360.0,slcbou1
KEN_007_20211221_035246.flac,2366.2,2366.2,slcbou1
KEN_007_20211221_035246.flac,2368.8,2368.8,slcbou1
KEN_007_20211221_035246.flac,2376.7,2376.7,slcbou1
KEN_007_20211221_035246.flac,2379.4,2379.4,slcbou1
KEN_007_20211221_035246.flac,2461.8,2461.8,rbsrob1
KEN_007_20211221_035246.flac,2483.8,2483.8,rbsrob1
KEN_007_20211221_035246.flac,2487.8,2487.8,rbsrob1
KEN_007_20211221_035246.flac,2492.6,2492.6,rbsrob1
KEN_007_20211221_035246.flac,2496.7,2496.7,rbsrob1
KEN_007_20211221_035246.flac,2500.6,2500.6,rbsrob1
KEN_007_20211221_035246.flac,2527.5,2527.5,wbswea1
KEN_007_20211221_035246.flac,2530.4,2530.4,rehwea1
KEN_007_20211221_035246.flac,2546.3,2546.3,gnbcam2
KEN_007_20211221_035246.flac,2549.3,2549.3,lesmaw1
KEN_007_20211221_035246.flac,2551.2,2551.2,lesmaw1
KEN_007_20211221_035246.flac,2555.1,2555.1,lesmaw1
KEN_007_20211221_035246.flac,2560.3,2560.3,rehwea1
KEN_007_20211221_035246.flac,2561.8,2561.8,gnbcam2
KEN_007_20211221_035246.flac,2565.3,2565.3,gnbcam2
KEN_007_20211221_035246.flac,2566.0,2566.0,rehwea1
KEN_007_20211221_035246.flac,2568.1,2568.1,fotdro5
KEN_007_20211221_035246.flac,2569.8,2569.8,fotdro5
KEN_007_20211221_035246.flac,2571.3,2571.3,lesmaw1
KEN_007_20211221_035246.flac,2572.4,2572.4,fotdro5
KEN_007_20211221_035246.flac,2578.2,2578.2,fotdro5
KEN_007_20211221_035246.flac,2582.0,2582.0,fotdro5
KEN_007_20211221_035246.flac,2582.5,2582.5,gnbcam2
KEN_007_20211221_035246.flac,2584.9,2584.9,yebapa1
KEN_007_20211221_035246.flac,2586.1,2586.1,yebapa1
KEN_007_20211221_035246.flac,2587.3,2587.3,yebapa1
KEN_007_20211221_035246.flac,2589.0,2589.0,yebapa1
KEN_007_20211221_035246.flac,2592.0,2592.0,fotdro5
KEN_007_20211221_035246.flac,2593.3,2593.3,wbgbir1
KEN_007_20211221_035246.flac,2595.1,2595.1,yebapa1
KEN_007_20211221_035246.flac,2595.5,2595.5,fotdro5
KEN_007_20211221_035246.flac,2596.9,2596.9,yebapa1
KEN_007_20211221_035246.flac,2605.8,2605.8,gnbcam2
KEN_007_20211221_035246.flac,2607.0,2607.0,fotdro5
KEN_007_20211221_035246.flac,2614.3,2614.3,somtit4
KEN_007_20211221_035246.flac,2616.5,2616.5,fotdro5
KEN_007_20211221_035246.flac,2626.6,2626.6,fotdro5
KEN_007_20211221_035246.flac,2651.7,2651.7,fotdro5
KEN_007_20211221_035246.flac,2658.6,2658.6,fotdro5
KEN_007_20211221_035246.flac,2673.3,2673.3,fotdro5
KEN_007_20211221_035246.flac,2689.7,2689.7,fotdro5
KEN_007_20211221_035246.flac,2710.0,2710.0,fotdro5
KEN_007_20211221_035246.flac,2717.1,2717.1,fotdro5
KEN_007_20211221_035246.flac,2722.8,2722.8,brtcha1
KEN_007_20211221_035246.flac,2724.9,2724.9,fotdro5
KEN_007_20211221_035246.flac,2736.1,2736.1,fotdro5
KEN_007_20211221_035246.flac,2741.2,2741.2,brtcha1
KEN_007_20211221_035246.flac,2743.7,2743.7,lesmaw1
KEN_007_20211221_035246.flac,2761.2,2761.2,brtcha1
KEN_007_20211221_035246.flac,2763.4,2763.4,fotdro5
KEN_007_20211221_035246.flac,2766.2,2766.2,brtcha1
KEN_007_20211221_035246.flac,2771.8,2771.8,brtcha1
KEN_007_20211221_035246.flac,2775.2,2775.2,fotdro5
KEN_007_20211221_035246.flac,2777.2,2777.2,brtcha1
KEN_007_20211221_035246.flac,2781.6,2781.6,brtcha1
KEN_007_20211221_035246.flac,2784.1,2784.1,kvbsun1
KEN_007_20211221_035246.flac,2787.1,2787.1,brtcha1
KEN_007_20211221_035246.flac,2788.3,2788.3,kvbsun1
KEN_007_20211221_035246.flac,2792.0,2792.0,fotdro5
KEN_007_20211221_035246.flac,2797.4,2797.4,brtcha1
KEN_007_20211221_035246.flac,2801.3,2801.3,lesmaw1
KEN_007_20211221_035246.flac,2801.8,2801.8,kvbsun1
KEN_007_20211221_035246.flac,2807.0,2807.0,brtcha1
KEN_007_20211221_035246.flac,2812.7,2812.7,wbswea1
KEN_007_20211221_035246.flac,2817.2,2817.2,lesmaw1
KEN_007_20211221_035246.flac,2836.4,2836.4,brtcha1
KEN_007_20211221_035246.flac,2838.3,2838.3,kvbsun1
KEN_007_20211221_035246.flac,2841.5,2841.5,brtcha1
KEN_007_20211221_035246.flac,2845.0,2845.0,kvbsun1
KEN_007_20211221_035246.flac,2846.1,2846.1,brtcha1
KEN_007_20211221_035246.flac,2847.9,2847.9,kvbsun1
KEN_007_20211221_035246.flac,2862.1,2862.1,brtcha1
KEN_007_20211221_035246.flac,2870.0,2870.0,kvbsun1
KEN_007_20211221_035246.flac,2871.9,2871.9,brtcha1
KEN_007_20211221_035246.flac,2873.0,2873.0,kvbsun1
KEN_007_20211221_035246.flac,2874.9,2874.9,wbswea1
KEN_007_20211221_035246.flac,2877.0,2877.0,rufcha2
KEN_007_20211221_035246.flac,2878.9,2878.9,rufcha2
KEN_007_20211221_035246.flac,2880.5,2880.5,rufcha2
KEN_007_20211221_035246.flac,2884.2,2884.2,kvbsun1
KEN_007_20211221_035246.flac,2885.7,2885.7,kvbsun1
KEN_007_20211221_035246.flac,2888.4,2888.4,kvbsun1
KEN_007_20211221_035246.flac,2889.4,2889.4,wbswea1
KEN_007_20211221_035246.flac,2893.7,2893.7,kvbsun1
KEN_007_20211221_035246.flac,2897.3,2897.3,kvbsun1
KEN_007_20211221_035246.flac,2904.9,2904.9,kvbsun1
KEN_007_20211221_035246.flac,2906.9,2906.9,kvbsun1
KEN_007_20211221_035246.flac,2916.8,2916.8,kvbsun1
KEN_007_20211221_035246.flac,2923.4,2923.4,sccsun2
KEN_007_20211221_035246.flac,2925.1,2925.1,kvbsun1
KEN_007_20211221_035246.flac,2946.1,2946.1,spmthr1
KEN_007_20211221_035246.flac,2948.6,2948.6,rufcha2
KEN_007_20211221_035246.flac,2949.1,2949.1,kvbsun1
KEN_007_20211221_035246.flac,2950.1,2950.1,rufcha2
KEN_007_20211221_035246.flac,2957.4,2957.4,rufcha2
KEN_007_20211221_035246.flac,2958.5,2958.5,rufcha2
KEN_007_20211221_035246.flac,2961.7,2961.7,rufcha2
KEN_007_20211221_035246.flac,2962.4,2962.4,rufcha2
KEN_007_20211221_035246.flac,3005.4,3005.4,wbswea1
KEN_007_20211221_035246.flac,3013.5,3013.5,kvbsun1
KEN_007_20211221_035246.flac,3019.4,3019.4,afghor1
KEN_007_20211221_035246.flac,3030.9,3030.9,wbswea1
KEN_007_20211221_035246.flac,3036.9,3036.9,lesmaw1
KEN_007_20211221_035246.flac,3085.4,3085.4,mcptit1
KEN_007_20211221_035246.flac,3105.0,3105.0,wbswea1
KEN_007_20211221_035246.flac,3112.4,3112.4,wbswea1
KEN_007_20211221_035246.flac,3118.4,3118.4,gnbcam2
KEN_007_20211221_035246.flac,3123.2,3123.2,fotdro5
KEN_007_20211221_035246.flac,3132.6,3132.6,fotdro5
KEN_007_20211221_035246.flac,3139.7,3139.7,afghor1
KEN_007_20211221_035246.flac,3141.3,3141.3,afghor1
KEN_007_20211221_035246.flac,3145.5,3145.5,fotdro5
KEN_007_20211221_035246.flac,3147.1,3147.1,fotdro5
KEN_007_20211221_035246.flac,3152.1,3152.1,fotdro5
KEN_007_20211221_035246.flac,3155.5,3155.5,fotdro5
KEN_007_20211221_035246.flac,3159.6,3159.6,wbswea1
KEN_007_20211221_035246.flac,3164.4,3164.4,fotdro5
KEN_007_20211221_035246.flac,3165.1,3165.1,rufcha2
KEN_007_20211221_035246.flac,3168.0,3168.0,fotdro5
KEN_007_20211221_035246.flac,3173.1,3173.1,wbswea1
KEN_007_20211221_035246.flac,3175.3,3175.3,fotdro5
KEN_007_20211221_035246.flac,3178.0,3178.0,fotdro5
KEN_007_20211221_035246.flac,3180.9,3180.9,fotdro5
KEN_007_20211221_035246.flac,3183.0,3183.0,fotdro5
KEN_007_20211221_035246.flac,3184.8,3184.8,fotdro5
KEN_007_20211221_035246.flac,3186.7,3186.7,fotdro5
KEN_007_20211221_035246.flac,3190.9,3190.9,fotdro5
KEN_007_20211221_035246.flac,3193.5,3193.5,fotdro5
KEN_007_20211221_035246.flac,3196.6,3196.6,fotdro5
KEN_007_20211221_035246.flac,3203.7,3203.7,fotdro5
KEN_007_20211221_035246.flac,3207.4,3207.4,fotdro5
KEN_007_20211221_035246.flac,3209.6,3209.6,fotdro5
KEN_007_20211221_035246.flac,3211.5,3211.5,fotdro5
KEN_007_20211221_035246.flac,3213.5,3213.5,fotdro5
KEN_007_20211221_035246.flac,3214.7,3214.7,ruegls1
KEN_007_20211221_035246.flac,3216.7,3216.7,ruegls1
KEN_007_20211221_035246.flac,3218.6,3218.6,fotdro5
KEN_007_20211221_035246.flac,3219.9,3219.9,fotdro5
KEN_007_20211221_035246.flac,3221.2,3221.2,fotdro5
KEN_007_20211221_035246.flac,3223.4,3223.4,fotdro5
KEN_007_20211221_035246.flac,3224.9,3224.9,fotdro5
KEN_007_20211221_035246.flac,3227.6,3227.6,wbswea1
KEN_007_20211221_035246.flac,3229.7,3229.7,fotdro5
KEN_007_20211221_035246.flac,3232.7,3232.7,fotdro5
KEN_007_20211221_035246.flac,3237.8,3237.8,fotdro5
KEN_007_20211221_035246.flac,3239.9,3239.9,fotdro5
KEN_007_20211221_035246.flac,3241.7,3241.7,gnbcam2
KEN_007_20211221_035246.flac,3245.5,3245.5,fotdro5
KEN_007_20211221_035246.flac,3254.1,3254.1,fotdro5
KEN_007_20211221_035246.flac,3260.5,3260.5,fotdro5
KEN_007_20211221_035246.flac,3264.8,3264.8,fotdro5
KEN_007_20211221_035246.flac,3267.5,3267.5,grywrw1
KEN_007_20211221_035246.flac,3268.2,3268.2,afgfly1
KEN_007_20211221_035246.flac,3271.1,3271.1,fotdro5
KEN_007_20211221_035246.flac,3273.1,3273.1,yebapa1
KEN_007_20211221_035246.flac,3275.3,3275.3,afgfly1
KEN_007_20211221_035246.flac,3287.5,3287.5,wbswea1
KEN_007_20211221_035246.flac,3288.6,3288.6,fotdro5
KEN_007_20211221_035246.flac,3289.1,3289.1,gnbcam2
KEN_007_20211221_035246.flac,3290.8,3290.8,fotdro5
KEN_007_20211221_035246.flac,3291.0,3291.0,gnbcam2
KEN_007_20211221_035246.flac,3294.0,3294.0,afgfly1
KEN_007_20211221_035246.flac,3299.5,3299.5,afgfly1
KEN_007_20211221_035246.flac,3309.5,3309.5,wbswea1
KEN_007_20211221_035246.flac,3315.2,3315.2,gnbcam2
KEN_007_20211221_035246.flac,3325.9,3325.9,gnbcam2
KEN_007_20211221_035246.flac,3329.1,3329.1,yebapa1
KEN_007_20211221_035246.flac,3330.0,3330.0,gnbcam2
KEN_007_20211221_035246.flac,3331.2,3331.2,yebapa1
KEN_007_20211221_035246.flac,3332.1,3332.1,gnbcam2
KEN_007_20211221_035246.flac,3333.0,3333.0,yebapa1
KEN_007_20211221_035246.flac,3337.3,3337.3,gnbcam2
KEN_007_20211221_035246.flac,3342.5,3342.5,gnbcam2
KEN_007_20211221_035246.flac,3347.3,3347.3,gnbcam2
KEN_007_20211221_035246.flac,3357.3,3357.3,yebapa1
KEN_007_20211221_035246.flac,3364.0,3364.0,yebapa1
KEN_007_20211221_035246.flac,3371.6,3371.6,afgfly1
KEN_007_20211221_035246.flac,3372.9,3372.9,yebapa1
KEN_007_20211221_035246.flac,3421.7,3421.7,yebapa1
KEN_007_20211221_035246.flac,3435.8,3435.8,yebapa1
KEN_007_20211221_035246.flac,3449.6,3449.6,yebapa1
KEN_007_20211221_035246.flac,3452.1,3452.1,spfwea1
KEN_007_20211221_035246.flac,3453.3,3453.3,spfwea1
KEN_007_20211221_035246.flac,3455.6,3455.6,spfwea1
KEN_007_20211221_035246.flac,3475.7,3475.7,wbswea1
KEN_007_20211221_035246.flac,3475.9,3475.9,spfwea1
KEN_007_20211221_035246.flac,3485.1,3485.1,spfwea1
KEN_007_20211221_035246.flac,3498.7,3498.7,spfwea1
KEN_007_20211221_035246.flac,3503.9,3503.9,wbswea1
KEN_007_20211221_035246.flac,3516.7,3516.7,spfwea1
KEN_007_20211221_035246.flac,3526.6,3526.6,spfwea1
KEN_007_20211221_035246.flac,3534.1,3534.1,spfwea1
KEN_007_20211221_035246.flac,3543.7,3543.7,spfwea1
KEN_007_20211221_035246.flac,3547.3,3547.3,spfwea1
KEN_007_20211221_035246.flac,3556.2,3556.2,spfwea1
KEN_007_20211221_035246.flac,3569.3,3569.3,spfwea1
KEN_007_20211221_035246.flac,3582.3,3582.3,spfwea1
KEN_007_20211221_035246.flac,3591.6,3591.6,rbsrob1
KEN_007_20211221_035246.flac,3595.7,3595.7,rbsrob1
KEN_008_20211221_045246.flac,0.6,0.6,rbsrob1
KEN_008_20211221_045246.flac,5.0,5.0,rbsrob1
KEN_008_20211221_045246.flac,12.7,12.7,rbsrob1
KEN_008_20211221_045246.flac,16.5,16.5,rbsrob1
KEN_008_20211221_045246.flac,21.6,21.6,rbsrob1
KEN_008_20211221_045246.flac,24.2,24.2,rbsrob1
KEN_008_20211221_045246.flac,27.4,27.4,rbsrob1
KEN_008_20211221_045246.flac,30.4,30.4,rbsrob1
KEN_008_20211221_045246.flac,32.9,32.9,rbsrob1
KEN_008_20211221_045246.flac,35.5,35.5,rbsrob1
KEN_008_20211221_045246.flac,39.5,39.5,rbsrob1
KEN_008_20211221_045246.flac,70.6,70.6,spfwea1
KEN_008_20211221_045246.flac,73.2,73.2,spfwea1
KEN_008_20211221_045246.flac,79.2,79.2,spfwea1
KEN_008_20211221_045246.flac,90.2,90.2,spfwea1
KEN_008_20211221_045246.flac,107.7,107.7,spfwea1
KEN_008_20211221_045246.flac,115.6,115.6,spfwea1
KEN_008_20211221_045246.flac,118.3,118.3,spfwea1
KEN_008_20211221_045246.flac,126.7,126.7,spfwea1
KEN_008_20211221_045246.flac,189.4,189.4,wbgbir1
KEN_008_20211221_045246.flac,249.4,249.4,bltbar1
KEN_008_20211221_045246.flac,250.6,250.6,bltbar1
KEN_008_20211221_045246.flac,264.4,264.4,reftin1
KEN_008_20211221_045246.flac,285.7,285.7,wbgbir1
KEN_008_20211221_045246.flac,287.9,287.9,wbgbir1
KEN_008_20211221_045246.flac,322.9,322.9,wbgbir1
KEN_008_20211221_045246.flac,376.8,376.8,mcptit1
KEN_008_20211221_045246.flac,397.4,397.4,mcptit1
KEN_008_20211221_045246.flac,406.0,406.0,mcptit1
KEN_008_20211221_045246.flac,414.3,414.3,mcptit1
KEN_008_20211221_045246.flac,420.2,420.2,mcptit1
KEN_008_20211221_045246.flac,425.1,425.1,mcptit1
KEN_008_20211221_045246.flac,435.7,435.7,mcptit1
KEN_008_20211221_045246.flac,442.4,442.4,mcptit1
KEN_008_20211221_045246.flac,444.9,444.9,wbswea1
KEN_008_20211221_045246.flac,457.5,457.5,mcptit1
KEN_008_20211221_045246.flac,463.7,463.7,mcptit1
KEN_008_20211221_045246.flac,474.0,474.0,mcptit1
KEN_008_20211221_045246.flac,477.1,477.1,mcptit1
KEN_008_20211221_045246.flac,478.2,478.2,slcbou1
KEN_008_20211221_045246.flac,482.6,482.6,slcbou1
KEN_008_20211221_045246.flac,487.6,487.6,mcptit1
KEN_008_20211221_045246.flac,498.9,498.9,yebapa1
KEN_008_20211221_045246.flac,506.0,506.0,yebapa1
KEN_008_20211221_045246.flac,510.9,510.9,yebapa1
KEN_008_20211221_045246.flac,561.2,561.2,kvbsun1
KEN_008_20211221_045246.flac,637.5,637.5,kvbsun1
KEN_008_20211221_045246.flac,641.7,641.7,kvbsun1
KEN_008_20211221_045246.flac,644.8,644.8,kvbsun1
KEN_008_20211221_045246.flac,665.3,665.3,kvbsun1
KEN_008_20211221_045246.flac,670.1,670.1,kvbsun1
KEN_008_20211221_045246.flac,674.1,674.1,yebapa1
KEN_008_20211221_045246.flac,677.0,677.0,kvbsun1
KEN_008_20211221_045246.flac,686.0,686.0,yebapa1
KEN_008_20211221_045246.flac,693.8,693.8,kvbsun1
KEN_008_20211221_045246.flac,701.6,701.6,yebapa1
KEN_008_20211221_045246.flac,707.6,707.6,yebapa1
KEN_008_20211221_045246.flac,716.3,716.3,yebapa1
KEN_008_20211221_045246.flac,754.2,754.2,wbswea1
KEN_008_20211221_045246.flac,765.4,765.4,beasun2
KEN_008_20211221_045246.flac,776.3,776.3,mcptit1
KEN_008_20211221_045246.flac,782.1,782.1,wbswea1
KEN_008_20211221_045246.flac,810.7,810.7,wbswea1
KEN_008_20211221_045246.flac,826.3,826.3,wbswea1
KEN_008_20211221_045246.flac,897.7,897.7,wbswea1
KEN_008_20211221_045246.flac,938.6,938.6,wbswea1
KEN_008_20211221_045246.flac,982.7,982.7,wbswea1
KEN_008_20211221_045246.flac,1004.3,1004.3,wbswea1
KEN_008_20211221_045246.flac,1031.8,1031.8,spmthr1
KEN_008_20211221_045246.flac,1036.2,1036.2,spmthr1
KEN_008_20211221_045246.flac,1070.7,1070.7,beasun2
KEN_008_20211221_045246.flac,1081.8,1081.8,yebere1
KEN_008_20211221_045246.flac,1088.8,1088.8,yebere1
KEN_008_20211221_045246.flac,1095.3,1095.3,yebere1
KEN_008_20211221_045246.flac,1107.3,1107.3,yebere1
KEN_008_20211221_045246.flac,1112.3,1112.3,yebere1
KEN_008_20211221_045246.flac,1121.4,1121.4,yebere1
KEN_008_20211221_045246.flac,1142.3,1142.3,slcbou1
KEN_008_20211221_045246.flac,1143.0,1143.0,kvbsun1
KEN_008_20211221_045246.flac,1144.4,1144.4,bltbar1
KEN_008_20211221_045246.flac,1146.7,1146.7,yebapa1
KEN_008_20211221_045246.flac,1151.5,1151.5,yebapa1
KEN_008_20211221_045246.flac,1161.6,1161.6,yebapa1
KEN_008_20211221_045246.flac,1165.4,1165.4,yebapa1
KEN_008_20211221_045246.flac,1167.7,1167.7,rbsrob1
KEN_008_20211221_045246.flac,1169.1,1169.1,yebapa1
KEN_008_20211221_045246.flac,1185.0,1185.0,rbsrob1
KEN_008_20211221_045246.flac,1221.9,1221.9,kvbsun1
KEN_008_20211221_045246.flac,1225.0,1225.0,rbsrob1
KEN_008_20211221_045246.flac,1232.2,1232.2,kvbsun1
KEN_008_20211221_045246.flac,1233.9,1233.9,kvbsun1
KEN_008_20211221_045246.flac,1236.0,1236.0,kvbsun1
KEN_008_20211221_045246.flac,1241.4,1241.4,kvbsun1
KEN_008_20211221_045246.flac,1245.3,1245.3,kvbsun1
KEN_008_20211221_045246.flac,1247.8,1247.8,kvbsun1
KEN_008_20211221_045246.flac,1250.8,1250.8,rbsrob1
KEN_008_20211221_045246.flac,1261.3,1261.3,kvbsun1
KEN_008_20211221_045246.flac,1262.9,1262.9,kvbsun1
KEN_008_20211221_045246.flac,1265.6,1265.6,kvbsun1
KEN_008_20211221_045246.flac,1267.7,1267.7,kvbsun1
KEN_008_20211221_045246.flac,1275.9,1275.9,kvbsun1
KEN_008_20211221_045246.flac,1282.3,1282.3,kvbsun1
KEN_008_20211221_045246.flac,1332.2,1332.2,rbsrob1
KEN_008_20211221_045246.flac,1375.3,1375.3,rbsrob1
KEN_008_20211221_045246.flac,1377.6,1377.6,rbsrob1
KEN_008_20211221_045246.flac,1379.5,1379.5,rbsrob1
KEN_008_20211221_045246.flac,1380.7,1380.7,rbsrob1
KEN_008_20211221_045246.flac,1382.0,1382.0,rbsrob1
KEN_008_20211221_045246.flac,1385.5,1385.5,rbsrob1
KEN_008_20211221_045246.flac,1390.7,1390.7,rbsrob1
KEN_008_20211221_045246.flac,1394.5,1394.5,rbsrob1
KEN_008_20211221_045246.flac,1398.7,1398.7,rbsrob1
KEN_008_20211221_045246.flac,1404.4,1404.4,rbsrob1
KEN_008_20211221_045246.flac,1410.0,1410.0,rbsrob1
KEN_008_20211221_045246.flac,1413.8,1413.8,rbsrob1
KEN_008_20211221_045246.flac,1419.2,1419.2,rbsrob1
KEN_008_20211221_045246.flac,1560.5,1560.5,wbgbir1
KEN_008_20211221_045246.flac,1627.4,1627.4,beasun2
KEN_008_20211221_045246.flac,1667.5,1667.5,mcptit1
KEN_008_20211221_045246.flac,1672.2,1672.2,mcptit1
KEN_008_20211221_045246.flac,1677.4,1677.4,mcptit1
KEN_008_20211221_045246.flac,1680.8,1680.8,mcptit1
KEN_008_20211221_045246.flac,1685.0,1685.0,mcptit1
KEN_008_20211221_045246.flac,1688.2,1688.2,mcptit1
KEN_008_20211221_045246.flac,1690.0,1690.0,mcptit1
KEN_008_20211221_045246.flac,1694.7,1694.7,mcptit1
KEN_008_20211221_045246.flac,1695.7,1695.7,rbsrob1
KEN_008_20211221_045246.flac,1699.7,1699.7,mcptit1
KEN_008_20211221_045246.flac,1701.9,1701.9,rbsrob1
KEN_008_20211221_045246.flac,1702.2,1702.2,mcptit1
KEN_008_20211221_045246.flac,1704.9,1704.9,rbsrob1
KEN_008_20211221_045246.flac,1707.6,1707.6,rbsrob1
KEN_008_20211221_045246.flac,1708.6,1708.6,mcptit1
KEN_008_20211221_045246.flac,1711.4,1711.4,mcptit1
KEN_008_20211221_045246.flac,1712.6,1712.6,rbsrob1
KEN_008_20211221_045246.flac,1715.5,1715.5,rbsrob1
KEN_008_20211221_045246.flac,1716.9,1716.9,mcptit1
KEN_008_20211221_045246.flac,1719.3,1719.3,mcptit1
KEN_008_20211221_045246.flac,1721.4,1721.4,beasun2
KEN_008_20211221_045246.flac,1722.4,1722.4,mcptit1
KEN_008_20211221_045246.flac,1725.1,1725.1,mcptit1
KEN_008_20211221_045246.flac,1728.8,1728.8,beasun2
KEN_008_20211221_045246.flac,1730.2,1730.2,mcptit1
KEN_008_20211221_045246.flac,1735.9,1735.9,mcptit1
KEN_008_20211221_045246.flac,1738.9,1738.9,mcptit1
KEN_008_20211221_045246.flac,1746.6,1746.6,mcptit1
KEN_008_20211221_045246.flac,1752.6,1752.6,mcptit1
KEN_008_20211221_045246.flac,1753.7,1753.7,beasun2
KEN_008_20211221_045246.flac,1755.9,1755.9,mcptit1
KEN_008_20211221_045246.flac,1760.5,1760.5,mcptit1
KEN_008_20211221_045246.flac,1764.6,1764.6,mcptit1
KEN_008_20211221_045246.flac,1771.3,1771.3,mcptit1
KEN_008_20211221_045246.flac,1782.5,1782.5,wbswea1
KEN_008_20211221_045246.flac,1794.1,1794.1,beasun2
KEN_008_20211221_045246.flac,1802.7,1802.7,mcptit1
KEN_008_20211221_045246.flac,1808.8,1808.8,wbswea1
KEN_008_20211221_045246.flac,1814.0,1814.0,rbsrob1
KEN_008_20211221_045246.flac,1814.4,1814.4,mcptit1
KEN_008_20211221_045246.flac,1819.0,1819.0,rbsrob1
KEN_008_20211221_045246.flac,1823.0,1823.0,rbsrob1
KEN_008_20211221_045246.flac,1826.1,1826.1,rbsrob1
KEN_008_20211221_045246.flac,1831.5,1831.5,rbsrob1
KEN_008_20211221_045246.flac,1835.5,1835.5,rbsrob1
KEN_008_20211221_045246.flac,1841.9,1841.9,rbsrob1
KEN_008_20211221_045246.flac,1845.7,1845.7,rbsrob1
KEN_008_20211221_045246.flac,1854.6,1854.6,rbsrob1
KEN_008_20211221_045246.flac,1859.7,1859.7,rbsrob1
KEN_008_20211221_045246.flac,1864.7,1864.7,rbsrob1
KEN_008_20211221_045246.flac,1869.0,1869.0,rbsrob1
KEN_008_20211221_045246.flac,1870.7,1870.7,mcptit1
KEN_008_20211221_045246.flac,1874.0,1874.0,rbsrob1
KEN_008_20211221_045246.flac,1881.4,1881.4,mcptit1
KEN_008_20211221_045246.flac,1881.6,1881.6,rbsrob1
KEN_008_20211221_045246.flac,1885.0,1885.0,rbsrob1
KEN_008_20211221_045246.flac,1892.0,1892.0,rbsrob1
KEN_008_20211221_045246.flac,1895.6,1895.6,yebapa1
KEN_008_20211221_045246.flac,1896.4,1896.4,rbsrob1
KEN_008_20211221_045246.flac,1909.0,1909.0,rbsrob1
KEN_008_20211221_045246.flac,1912.4,1912.4,rbsrob1
KEN_008_20211221_045246.flac,1916.1,1916.1,rbsrob1
KEN_008_20211221_045246.flac,1921.0,1921.0,rbsrob1
KEN_008_20211221_045246.flac,1923.1,1923.1,rbsrob1
KEN_008_20211221_045246.flac,1923.3,1923.3,refwar2
KEN_008_20211221_045246.flac,1925.5,1925.5,refwar2
KEN_008_20211221_045246.flac,1927.1,1927.1,rbsrob1
KEN_008_20211221_045246.flac,1929.8,1929.8,rbsrob1
KEN_008_20211221_045246.flac,1935.1,1935.1,refwar2
KEN_008_20211221_045246.flac,1937.8,1937.8,refwar2
KEN_008_20211221_045246.flac,1942.1,1942.1,rbsrob1
KEN_008_20211221_045246.flac,1945.3,1945.3,rbsrob1
KEN_008_20211221_045246.flac,1949.2,1949.2,rbsrob1
KEN_008_20211221_045246.flac,1951.5,1951.5,wbgbir1
KEN_008_20211221_045246.flac,1951.6,1951.6,rbsrob1
KEN_008_20211221_045246.flac,1954.9,1954.9,rbsrob1
KEN_008_20211221_045246.flac,1959.5,1959.5,rbsrob1
KEN_008_20211221_045246.flac,1963.2,1963.2,afgfly1
KEN_008_20211221_045246.flac,1965.5,1965.5,rbsrob1
KEN_008_20211221_045246.flac,1971.7,1971.7,afgfly1
KEN_008_20211221_045246.flac,1974.0,1974.0,rbsrob1
KEN_008_20211221_045246.flac,1976.5,1976.5,rbsrob1
KEN_008_20211221_045246.flac,1982.9,1982.9,afgfly1
KEN_008_20211221_045246.flac,1985.6,1985.6,afgfly1
KEN_008_20211221_045246.flac,1994.1,1994.1,spmthr1
KEN_008_20211221_045246.flac,1997.7,1997.7,afgfly1
KEN_008_20211221_045246.flac,2001.6,2001.6,spmthr1
KEN_008_20211221_045246.flac,2007.4,2007.4,yebapa1
KEN_008_20211221_045246.flac,2011.1,2011.1,yebapa1
KEN_008_20211221_045246.flac,2020.4,2020.4,yebapa1
KEN_008_20211221_045246.flac,2025.9,2025.9,rbsrob1
KEN_008_20211221_045246.flac,2032.5,2032.5,yebapa1
KEN_008_20211221_045246.flac,2050.4,2050.4,rbsrob1
KEN_008_20211221_045246.flac,2099.7,2099.7,mcptit1
KEN_008_20211221_045246.flac,2100.7,2100.7,bltbar1
KEN_008_20211221_045246.flac,2102.6,2102.6,bltbar1
KEN_008_20211221_045246.flac,2105.7,2105.7,bltbar1
KEN_008_20211221_045246.flac,2108.6,2108.6,bltbar1
KEN_008_20211221_045246.flac,2112.2,2112.2,bltbar1
KEN_008_20211221_045246.flac,2124.8,2124.8,yebapa1
KEN_008_20211221_045246.flac,2133.4,2133.4,wbgbir1
KEN_008_20211221_045246.flac,2138.1,2138.1,yebapa1
KEN_008_20211221_045246.flac,2141.6,2141.6,mcptit1
KEN_008_20211221_045246.flac,2145.0,2145.0,mcptit1
KEN_008_20211221_045246.flac,2148.7,2148.7,mcptit1
KEN_008_20211221_045246.flac,2153.2,2153.2,mcptit1
KEN_008_20211221_045246.flac,2159.8,2159.8,rufcha2
KEN_008_20211221_045246.flac,2163.3,2163.3,refwar2
KEN_008_20211221_045246.flac,2165.3,2165.3,mcptit1
KEN_008_20211221_045246.flac,2168.9,2168.9,mcptit1
KEN_008_20211221_045246.flac,2169.7,2169.7,rufcha2
KEN_008_20211221_045246.flac,2171.8,2171.8,refwar2
KEN_008_20211221_045246.flac,2173.2,2173.2,yebapa1
KEN_008_20211221_045246.flac,2187.9,2187.9,mcptit1
KEN_008_20211221_045246.flac,2192.1,2192.1,refwar2
KEN_008_20211221_045246.flac,2196.4,2196.4,refwar2
KEN_008_20211221_045246.flac,2198.6,2198.6,mcptit1
KEN_008_20211221_045246.flac,2204.9,2204.9,mcptit1
KEN_008_20211221_045246.flac,2206.4,2206.4,refwar2
KEN_008_20211221_045246.flac,2211.9,2211.9,mcptit1
KEN_008_20211221_045246.flac,2214.1,2214.1,mcptit1
KEN_008_20211221_045246.flac,2225.3,2225.3,mcptit1
KEN_008_20211221_045246.flac,2314.6,2314.6,mcptit1
KEN_008_20211221_045246.flac,2318.0,2318.0,mcptit1
KEN_008_20211221_045246.flac,2323.1,2323.1,mcptit1
KEN_008_20211221_045246.flac,2328.3,2328.3,mcptit1
KEN_008_20211221_045246.flac,2334.9,2334.9,mcptit1
KEN_008_20211221_045246.flac,2340.2,2340.2,mcptit1
KEN_008_20211221_045246.flac,2344.1,2344.1,mcptit1
KEN_008_20211221_045246.flac,2348.3,2348.3,mcptit1
KEN_008_20211221_045246.flac,2355.3,2355.3,mcptit1
KEN_008_20211221_045246.flac,2360.0,2360.0,mcptit1
KEN_008_20211221_045246.flac,2366.5,2366.5,bltbar1
KEN_008_20211221_045246.flac,2382.1,2382.1,mcptit1
KEN_008_20211221_045246.flac,2386.3,2386.3,mcptit1
KEN_008_20211221_045246.flac,2394.6,2394.6,mcptit1
KEN_008_20211221_045246.flac,2398.5,2398.5,mcptit1
KEN_008_20211221_045246.flac,2411.4,2411.4,mcptit1
KEN_008_20211221_045246.flac,2416.2,2416.2,mcptit1
KEN_008_20211221_045246.flac,2424.6,2424.6,mcptit1
KEN_008_20211221_045246.flac,2430.2,2430.2,mcptit1
KEN_008_20211221_045246.flac,2436.4,2436.4,mcptit1
KEN_008_20211221_045246.flac,2444.2,2444.2,mcptit1
KEN_008_20211221_045246.flac,2457.0,2457.0,mcptit1
KEN_008_20211221_045246.flac,2462.2,2462.2,mcptit1
KEN_008_20211221_045246.flac,2477.1,2477.1,mcptit1
KEN_008_20211221_045246.flac,2492.4,2492.4,mcptit1
KEN_008_20211221_045246.flac,2511.3,2511.3,mcptit1
KEN_008_20211221_045246.flac,2515.7,2515.7,wbgbir1
KEN_008_20211221_045246.flac,2520.5,2520.5,mcptit1
KEN_008_20211221_045246.flac,2524.6,2524.6,mcptit1
KEN_008_20211221_045246.flac,2529.4,2529.4,mcptit1
KEN_008_20211221_045246.flac,2532.6,2532.6,mcptit1
KEN_008_20211221_045246.flac,2535.7,2535.7,mcptit1
KEN_008_20211221_045246.flac,2537.6,2537.6,mcptit1
KEN_008_20211221_045246.flac,2540.4,2540.4,mcptit1
KEN_008_20211221_045246.flac,2543.0,2543.0,mcptit1
KEN_008_20211221_045246.flac,2547.0,2547.0,mcptit1
KEN_008_20211221_045246.flac,2573.8,2573.8,rufcha2
KEN_008_20211221_045246.flac,2575.3,2575.3,mcptit1
KEN_008_20211221_045246.flac,2576.9,2576.9,rufcha2
KEN_008_20211221_045246.flac,2579.7,2579.7,rufcha2
KEN_008_20211221_045246.flac,2613.6,2613.6,wbgbir1
KEN_008_20211221_045246.flac,2621.2,2621.2,mcptit1
KEN_008_20211221_045246.flac,2624.3,2624.3,mcptit1
KEN_008_20211221_045246.flac,2640.3,2640.3,mcptit1
KEN_008_20211221_045246.flac,2643.4,2643.4,mcptit1
KEN_008_20211221_045246.flac,2647.5,2647.5,mcptit1
KEN_008_20211221_045246.flac,2682.1,2682.1,rufcha2
KEN_008_20211221_045246.flac,2687.9,2687.9,rufcha2
KEN_008_20211221_045246.flac,2694.4,2694.4,rufcha2
KEN_008_20211221_045246.flac,2697.1,2697.1,rufcha2
KEN_008_20211221_045246.flac,2700.1,2700.1,rufcha2
KEN_008_20211221_045246.flac,2713.2,2713.2,rufcha2
KEN_008_20211221_045246.flac,2720.3,2720.3,rufcha2
KEN_008_20211221_045246.flac,2722.7,2722.7,wbgbir1
KEN_008_20211221_045246.flac,2725.8,2725.8,rufcha2
KEN_008_20211221_045246.flac,2727.9,2727.9,wbgbir1
KEN_008_20211221_045246.flac,2732.4,2732.4,rufcha2
KEN_008_20211221_045246.flac,2738.1,2738.1,rufcha2
KEN_008_20211221_045246.flac,2782.1,2782.1,refwar2
KEN_008_20211221_045246.flac,2790.2,2790.2,refwar2
KEN_008_20211221_045246.flac,2857.9,2857.9,wbswea1
KEN_008_20211221_045246.flac,2871.0,2871.0,wbswea1
KEN_008_20211221_045246.flac,2902.4,2902.4,wbswea1
KEN_008_20211221_045246.flac,2935.5,2935.5,wbgbir1
KEN_008_20211221_045246.flac,2959.7,2959.7,wbswea1
KEN_008_20211221_045246.flac,2963.4,2963.4,wbswea1
KEN_008_20211221_045246.flac,2982.0,2982.0,wbswea1
KEN_008_20211221_045246.flac,2994.2,2994.2,yebapa1
KEN_008_20211221_045246.flac,3002.5,3002.5,wbswea1
KEN_008_20211221_045246.flac,3026.3,3026.3,yebapa1
KEN_008_20211221_045246.flac,3038.4,3038.4,yebapa1
KEN_008_20211221_045246.flac,3056.8,3056.8,beasun2
KEN_008_20211221_045246.flac,3062.8,3062.8,beasun2
KEN_008_20211221_045246.flac,3071.9,3071.9,beasun2
KEN_008_20211221_045246.flac,3077.3,3077.3,beasun2
KEN_008_20211221_045246.flac,3083.4,3083.4,beasun2
KEN_008_20211221_045246.flac,3089.6,3089.6,beasun2
KEN_008_20211221_045246.flac,3102.1,3102.1,beasun2
KEN_008_20211221_045246.flac,3106.9,3106.9,yebapa1
KEN_008_20211221_045246.flac,3113.3,3113.3,beasun2
KEN_008_20211221_045246.flac,3132.7,3132.7,wbswea1
KEN_008_20211221_045246.flac,3137.3,3137.3,bltbar1
KEN_008_20211221_045246.flac,3146.4,3146.4,bltbar1
KEN_008_20211221_045246.flac,3149.9,3149.9,bltbar1
KEN_008_20211221_045246.flac,3160.7,3160.7,rbsrob1
KEN_008_20211221_045246.flac,3166.7,3166.7,wbswea1
KEN_008_20211221_045246.flac,3193.1,3193.1,yebapa1
KEN_008_20211221_045246.flac,3217.1,3217.1,yebapa1
KEN_008_20211221_045246.flac,3259.9,3259.9,rbsrob1
KEN_008_20211221_045246.flac,3524.1,3524.1,wbswea1
KEN_008_20211221_045246.flac,3551.0,3551.0,wbswea1
KEN_008_20211221_045246.flac,3557.4,3557.4,wbgbir1
KEN_008_20211221_045246.flac,3561.0,3561.0,wbswea1
KEN_008_20211221_045246.flac,3570.8,3570.8,wbswea1
KEN_008_20211221_045246.flac,3590.5,3590.5,pygbat1
KEN_008_20211221_045246.flac,3598.5,3598.5,pygbat1
KEN_008_20211221_045246.flac,3599.7,3599.7,pygbat1
KEN_009_20211221_051244.flac,1.9,1.9,moccha1
KEN_009_20211221_051244.flac,22.7,22.7,moccha1
KEN_009_20211221_051244.flac,27.3,27.3,moccha1
KEN_009_20211221_051244.flac,32.4,32.4,moccha1
KEN_009_20211221_051244.flac,37.3,37.3,moccha1
KEN_009_20211221_051244.flac,41.6,41.6,whbwea1
KEN_009_20211221_051244.flac,65.1,65.1,norcro1
KEN_009_20211221_051244.flac,71.3,71.3,norcro1
KEN_009_20211221_051244.flac,78.2,78.2,norcro1
KEN_009_20211221_051244.flac,84.2,84.2,norcro1
KEN_009_20211221_051244.flac,103.8,103.8,norcro1
KEN_009_20211221_051244.flac,112.7,112.7,gyhbus1
KEN_009_20211221_051244.flac,113.7,113.7,gyhbus1
KEN_009_20211221_051244.flac,114.3,114.3,gyhbus1
KEN_009_20211221_051244.flac,115.5,115.5,gyhbus1
KEN_009_20211221_051244.flac,117.1,117.1,gyhbus1
KEN_009_20211221_051244.flac,118.2,118.2,gyhbus1
KEN_009_20211221_051244.flac,119.8,119.8,gyhbus1
KEN_009_20211221_051244.flac,121.0,121.0,gyhbus1
KEN_009_20211221_051244.flac,122.9,122.9,gyhbus1
KEN_009_20211221_051244.flac,136.3,136.3,norcro1
KEN_009_20211221_051244.flac,197.4,197.4,grwpyt1
KEN_009_20211221_051244.flac,199.7,199.7,grwpyt1
KEN_009_20211221_051244.flac,203.2,203.2,grwpyt1
KEN_009_20211221_051244.flac,203.5,203.5,rbsrob1
KEN_009_20211221_051244.flac,207.2,207.2,rbsrob1
KEN_009_20211221_051244.flac,210.3,210.3,grwpyt1
KEN_009_20211221_051244.flac,210.5,210.5,rbsrob1
KEN_009_20211221_051244.flac,211.9,211.9,grwpyt1
KEN_009_20211221_051244.flac,213.7,213.7,grwpyt1
KEN_009_20211221_051244.flac,219.4,219.4,grwpyt1
KEN_009_20211221_051244.flac,221.3,221.3,grwpyt1
KEN_009_20211221_051244.flac,226.1,226.1,rbsrob1
KEN_009_20211221_051244.flac,229.3,229.3,rbsrob1
KEN_009_20211221_051244.flac,234.8,234.8,grwpyt1
KEN_009_20211221_051244.flac,240.2,240.2,grwpyt1
KEN_009_20211221_051244.flac,251.2,251.2,rbsrob1
KEN_009_20211221_051244.flac,253.7,253.7,rbsrob1
KEN_009_20211221_051244.flac,256.7,256.7,grwpyt1
KEN_009_20211221_051244.flac,257.0,257.0,rbsrob1
KEN_009_20211221_051244.flac,266.9,266.9,grwpyt1
KEN_009_20211221_051244.flac,283.9,283.9,fotdro5
KEN_009_20211221_051244.flac,297.0,297.0,rbsrob1
KEN_009_20211221_051244.flac,301.5,301.5,rbsrob1
KEN_009_20211221_051244.flac,303.2,303.2,rbsrob1
KEN_009_20211221_051244.flac,305.8,305.8,rbsrob1
KEN_009_20211221_051244.flac,307.2,307.2,rbsrob1
KEN_009_20211221_051244.flac,309.8,309.8,fotdro5
KEN_009_20211221_051244.flac,311.0,311.0,rbsrob1
KEN_009_20211221_051244.flac,318.3,318.3,rbsrob1
KEN_009_20211221_051244.flac,321.1,321.1,rbsrob1
KEN_009_20211221_051244.flac,324.5,324.5,rbsrob1
KEN_009_20211221_051244.flac,331.4,331.4,rbsrob1
KEN_009_20211221_051244.flac,334.6,334.6,rbsrob1
KEN_009_20211221_051244.flac,338.0,338.0,rbsrob1
KEN_009_20211221_051244.flac,348.0,348.0,fotdro5
KEN_009_20211221_051244.flac,350.2,350.2,rbsrob1
KEN_009_20211221_051244.flac,356.7,356.7,rbsrob1
KEN_009_20211221_051244.flac,359.8,359.8,rbsrob1
KEN_009_20211221_051244.flac,363.4,363.4,rbsrob1
KEN_009_20211221_051244.flac,370.7,370.7,rbsrob1
KEN_009_20211221_051244.flac,375.2,375.2,rbsrob1
KEN_009_20211221_051244.flac,386.7,386.7,wbswea1
KEN_009_20211221_051244.flac,392.2,392.2,rbsrob1
KEN_009_20211221_051244.flac,395.7,395.7,rbsrob1
KEN_009_20211221_051244.flac,426.3,426.3,rbsrob1
KEN_009_20211221_051244.flac,461.8,461.8,fotdro5
KEN_009_20211221_051244.flac,462.6,462.6,fotdro5
KEN_009_20211221_051244.flac,463.4,463.4,afgfly1
KEN_009_20211221_051244.flac,464.5,464.5,fotdro5
KEN_009_20211221_051244.flac,470.9,470.9,fotdro5
KEN_009_20211221_051244.flac,472.0,472.0,fotdro5
KEN_009_20211221_051244.flac,473.3,473.3,fotdro5
KEN_009_20211221_051244.flac,474.4,474.4,fotdro5
KEN_009_20211221_051244.flac,487.8,487.8,wbswea1
KEN_009_20211221_051244.flac,489.8,489.8,wbswea1
KEN_009_20211221_051244.flac,495.6,495.6,afgfly1
KEN_009_20211221_051244.flac,498.4,498.4,afgfly1
KEN_009_20211221_051244.flac,501.0,501.0,afgfly1
KEN_009_20211221_051244.flac,502.2,502.2,afgfly1
KEN_009_20211221_051244.flac,503.2,503.2,afgfly1
KEN_009_20211221_051244.flac,505.9,505.9,afgfly1
KEN_009_20211221_051244.flac,510.2,510.2,afgfly1
KEN_009_20211221_051244.flac,511.8,511.8,fotdro5
KEN_009_20211221_051244.flac,513.0,513.0,fotdro5
KEN_009_20211221_051244.flac,513.7,513.7,fotdro5
KEN_009_20211221_051244.flac,514.7,514.7,fotdro5
KEN_009_20211221_051244.flac,516.9,516.9,afgfly1
KEN_009_20211221_051244.flac,523.2,523.2,fotdro5
KEN_009_20211221_051244.flac,524.1,524.1,fotdro5
KEN_009_20211221_051244.flac,525.5,525.5,fotdro5
KEN_009_20211221_051244.flac,527.7,527.7,afgfly1
KEN_009_20211221_051244.flac,530.8,530.8,afgfly1
KEN_009_20211221_051244.flac,531.7,531.7,blnmou1
KEN_009_20211221_051244.flac,532.5,532.5,fotdro5
KEN_009_20211221_051244.flac,534.1,534.1,fotdro5
KEN_009_20211221_051244.flac,536.3,536.3,afgfly1
KEN_009_20211221_051244.flac,542.2,542.2,fotdro5
KEN_009_20211221_051244.flac,546.3,546.3,afgfly1
KEN_009_20211221_051244.flac,548.4,548.4,fotdro5
KEN_009_20211221_051244.flac,551.6,551.6,blnmou1
KEN_009_20211221_051244.flac,553.8,553.8,fotdro5
KEN_009_20211221_051244.flac,560.7,560.7,blnmou1
KEN_009_20211221_051244.flac,563.8,563.8,blnmou1
KEN_009_20211221_051244.flac,567.0,567.0,blnmou1
KEN_009_20211221_051244.flac,569.2,569.2,blnmou1
KEN_009_20211221_051244.flac,570.9,570.9,blnmou1
KEN_009_20211221_051244.flac,573.2,573.2,blnmou1
KEN_009_20211221_051244.flac,575.7,575.7,blnmou1
KEN_009_20211221_051244.flac,579.4,579.4,carwoo1
KEN_009_20211221_051244.flac,583.2,583.2,grwpyt1
KEN_009_20211221_051244.flac,663.3,663.3,reftin1
KEN_009_20211221_051244.flac,664.7,664.7,reftin1
KEN_009_20211221_051244.flac,666.0,666.0,reftin1
KEN_009_20211221_051244.flac,667.2,667.2,reftin1
KEN_009_20211221_051244.flac,668.5,668.5,reftin1
KEN_009_20211221_051244.flac,669.7,669.7,reftin1
KEN_009_20211221_051244.flac,670.9,670.9,reftin1
KEN_009_20211221_051244.flac,672.1,672.1,reftin1
KEN_009_20211221_051244.flac,673.4,673.4,reftin1
KEN_009_20211221_051244.flac,674.6,674.6,reftin1
KEN_009_20211221_051244.flac,675.9,675.9,reftin1
KEN_009_20211221_051244.flac,681.5,681.5,moccha1
KEN_009_20211221_051244.flac,683.0,683.0,moccha1
KEN_009_20211221_051244.flac,684.8,684.8,moccha1
KEN_009_20211221_051244.flac,688.6,688.6,moccha1
KEN_009_20211221_051244.flac,703.1,703.1,moccha1
KEN_009_20211221_051244.flac,705.3,705.3,moccha1
KEN_009_20211221_051244.flac,711.2,711.2,moccha1
KEN_009_20211221_051244.flac,719.1,719.1,moccha1
KEN_009_20211221_051244.flac,726.7,726.7,moccha1
KEN_009_20211221_051244.flac,731.5,731.5,moccha1
KEN_009_20211221_051244.flac,735.8,735.8,moccha1
KEN_009_20211221_051244.flac,738.4,738.4,moccha1
KEN_009_20211221_051244.flac,740.9,740.9,moccha1
KEN_009_20211221_051244.flac,744.3,744.3,moccha1
KEN_009_20211221_051244.flac,746.5,746.5,moccha1
KEN_009_20211221_051244.flac,747.5,747.5,moccha1
KEN_009_20211221_051244.flac,750.9,750.9,moccha1
KEN_009_20211221_051244.flac,785.7,785.7,moccha1
KEN_009_20211221_051244.flac,805.4,805.4,moccha1
KEN_009_20211221_051244.flac,810.9,810.9,moccha1
KEN_009_20211221_051244.flac,814.2,814.2,whbwea1
KEN_009_20211221_051244.flac,826.4,826.4,wbswea1
KEN_009_20211221_051244.flac,828.6,828.6,wbswea1
KEN_009_20211221_051244.flac,873.3,873.3,moccha1
KEN_009_20211221_051244.flac,875.3,875.3,moccha1
KEN_009_20211221_051244.flac,877.3,877.3,moccha1
KEN_009_20211221_051244.flac,891.2,891.2,moccha1
KEN_009_20211221_051244.flac,895.0,895.0,moccha1
KEN_009_20211221_051244.flac,968.7,968.7,whbwea1
KEN_009_20211221_051244.flac,977.0,977.0,whbwea1
KEN_009_20211221_051244.flac,978.8,978.8,whbwea1
KEN_009_20211221_051244.flac,981.8,981.8,mcptit1
KEN_009_20211221_051244.flac,982.6,982.6,mcptit1
KEN_009_20211221_051244.flac,997.0,997.0,blnmou1
KEN_009_20211221_051244.flac,998.6,998.6,yebapa1
KEN_009_20211221_051244.flac,1007.5,1007.5,yebapa1
KEN_009_20211221_051244.flac,1010.2,1010.2,blnmou1
KEN_009_20211221_051244.flac,1022.1,1022.1,blnmou1
KEN_009_20211221_051244.flac,1036.0,1036.0,yebapa1
KEN_009_20211221_051244.flac,1086.6,1086.6,rbsrob1
KEN_009_20211221_051244.flac,1088.8,1088.8,rbsrob1
KEN_009_20211221_051244.flac,1092.0,1092.0,rbsrob1
KEN_009_20211221_051244.flac,1094.8,1094.8,wbswea1
KEN_009_20211221_051244.flac,1117.7,1117.7,wbswea1
KEN_009_20211221_051244.flac,1173.2,1173.2,wbswea1
KEN_009_20211221_051244.flac,1196.9,1196.9,moccha1
KEN_009_20211221_051244.flac,1221.2,1221.2,kvbsun1
KEN_009_20211221_051244.flac,1224.2,1224.2,kvbsun1
KEN_009_20211221_051244.flac,1236.7,1236.7,somtit4
KEN_009_20211221_051244.flac,1239.6,1239.6,somtit4
KEN_009_20211221_051244.flac,1264.7,1264.7,somtit4
KEN_009_20211221_051244.flac,1265.3,1265.3,somtit4
KEN_009_20211221_051244.flac,1270.8,1270.8,afgfly1
KEN_009_20211221_051244.flac,1274.6,1274.6,afgfly1
KEN_009_20211221_051244.flac,1278.6,1278.6,norcro1
KEN_009_20211221_051244.flac,1279.6,1279.6,norcro1
KEN_009_20211221_051244.flac,1283.1,1283.1,wbgbir1
KEN_009_20211221_051244.flac,1285.1,1285.1,norcro1
KEN_009_20211221_051244.flac,1293.3,1293.3,norcro1
KEN_009_20211221_051244.flac,1294.9,1294.9,afgfly1
KEN_009_20211221_051244.flac,1296.0,1296.0,somtit4
KEN_009_20211221_051244.flac,1299.7,1299.7,somtit4
KEN_009_20211221_051244.flac,1303.2,1303.2,somtit4
KEN_009_20211221_051244.flac,1305.8,1305.8,norcro1
KEN_009_20211221_051244.flac,1308.3,1308.3,combul2
KEN_009_20211221_051244.flac,1315.9,1315.9,afgfly1
KEN_009_20211221_051244.flac,1328.0,1328.0,afgfly1
KEN_009_20211221_051244.flac,1334.9,1334.9,afgfly1
KEN_009_20211221_051244.flac,1342.1,1342.1,whbwea1
KEN_009_20211221_051244.flac,1343.4,1343.4,afgfly1
KEN_009_20211221_051244.flac,1347.7,1347.7,rbsrob1
KEN_009_20211221_051244.flac,1349.7,1349.7,afgfly1
KEN_009_20211221_051244.flac,1352.8,1352.8,afgfly1
KEN_009_20211221_051244.flac,1362.7,1362.7,afgfly1
KEN_009_20211221_051244.flac,1393.3,1393.3,rbsrob1
KEN_009_20211221_051244.flac,1408.7,1408.7,rbsrob1
KEN_009_20211221_051244.flac,1414.4,1414.4,rbsrob1
KEN_009_20211221_051244.flac,1444.3,1444.3,moccha1
KEN_009_20211221_051244.flac,1445.6,1445.6,moccha1
KEN_009_20211221_051244.flac,1446.1,1446.1,moccha1
KEN_009_20211221_051244.flac,1448.5,1448.5,rbsrob1
KEN_009_20211221_051244.flac,1467.8,1467.8,rbsrob1
KEN_009_20211221_051244.flac,1483.9,1483.9,rbsrob1
KEN_009_20211221_051244.flac,1486.5,1486.5,rbsrob1
KEN_009_20211221_051244.flac,1488.8,1488.8,rbsrob1
KEN_009_20211221_051244.flac,1494.9,1494.9,rbsrob1
KEN_009_20211221_051244.flac,1515.7,1515.7,moccha1
KEN_009_20211221_051244.flac,1516.2,1516.2,rbsrob1
KEN_009_20211221_051244.flac,1518.6,1518.6,rbsrob1
KEN_009_20211221_051244.flac,1522.2,1522.2,moccha1
KEN_009_20211221_051244.flac,1537.2,1537.2,rbsrob1
KEN_009_20211221_051244.flac,1569.5,1569.5,litwea1
KEN_009_20211221_051244.flac,1569.8,1569.8,rbsrob1
KEN_009_20211221_051244.flac,1575.7,1575.7,rbsrob1
KEN_009_20211221_051244.flac,1577.9,1577.9,blnmou1
KEN_009_20211221_051244.flac,1578.6,1578.6,rbsrob1
KEN_009_20211221_051244.flac,1581.9,1581.9,blnmou1
KEN_009_20211221_051244.flac,1591.6,1591.6,rbsrob1
KEN_009_20211221_051244.flac,1593.5,1593.5,grwpyt1
KEN_009_20211221_051244.flac,1594.6,1594.6,rbsrob1
KEN_009_20211221_051244.flac,1596.9,1596.9,grwpyt1
KEN_009_20211221_051244.flac,1599.4,1599.4,grwpyt1
KEN_009_20211221_051244.flac,1600.6,1600.6,rbsrob1
KEN_009_20211221_051244.flac,1604.7,1604.7,grwpyt1
KEN_009_20211221_051244.flac,1606.8,1606.8,grwpyt1
KEN_009_20211221_051244.flac,1607.1,1607.1,rbsrob1
KEN_009_20211221_051244.flac,1609.4,1609.4,grwpyt1
KEN_009_20211221_051244.flac,1612.3,1612.3,grwpyt1
KEN_009_20211221_051244.flac,1613.1,1613.1,grwpyt1
KEN_009_20211221_051244.flac,1614.4,1614.4,grwpyt1
KEN_009_20211221_051244.flac,1617.7,1617.7,grwpyt1
KEN_009_20211221_051244.flac,1619.6,1619.6,combul2
KEN_009_20211221_051244.flac,1620.2,1620.2,grwpyt1
KEN_009_20211221_051244.flac,1620.9,1620.9,grwpyt1
KEN_009_20211221_051244.flac,1621.5,1621.5,combul2
KEN_009_20211221_051244.flac,1621.7,1621.7,grwpyt1
KEN_009_20211221_051244.flac,1622.5,1622.5,grwpyt1
KEN_009_20211221_051244.flac,1623.2,1623.2,combul2
KEN_009_20211221_051244.flac,1623.7,1623.7,grwpyt1
KEN_009_20211221_051244.flac,1625.0,1625.0,grwpyt1
KEN_009_20211221_051244.flac,1625.8,1625.8,grwpyt1
KEN_009_20211221_051244.flac,1628.4,1628.4,grwpyt1
KEN_009_20211221_051244.flac,1630.5,1630.5,grwpyt1
KEN_009_20211221_051244.flac,1632.1,1632.1,grwpyt1
KEN_009_20211221_051244.flac,1632.7,1632.7,rbsrob1
KEN_009_20211221_051244.flac,1632.9,1632.9,grwpyt1
KEN_009_20211221_051244.flac,1636.0,1636.0,grwpyt1
KEN_009_20211221_051244.flac,1637.1,1637.1,grwpyt1
KEN_009_20211221_051244.flac,1638.4,1638.4,grwpyt1
KEN_009_20211221_051244.flac,1638.6,1638.6,rbsrob1
KEN_009_20211221_051244.flac,1639.9,1639.9,grwpyt1
KEN_009_20211221_051244.flac,1640.7,1640.7,grwpyt1
KEN_009_20211221_051244.flac,1643.9,1643.9,grwpyt1
KEN_009_20211221_051244.flac,1645.3,1645.3,grwpyt1
KEN_009_20211221_051244.flac,1646.6,1646.6,grwpyt1
KEN_009_20211221_051244.flac,1648.8,1648.8,grwpyt1
KEN_009_20211221_051244.flac,1650.5,1650.5,grwpyt1
KEN_009_20211221_051244.flac,1651.1,1651.1,rbsrob1
KEN_009_20211221_051244.flac,1651.3,1651.3,grwpyt1
KEN_009_20211221_051244.flac,1652.2,1652.2,grwpyt1
KEN_009_20211221_051244.flac,1652.4,1652.4,afgfly1
KEN_009_20211221_051244.flac,1653.4,1653.4,rbsrob1
KEN_009_20211221_051244.flac,1653.7,1653.7,grwpyt1
KEN_009_20211221_051244.flac,1654.6,1654.6,grwpyt1
KEN_009_20211221_051244.flac,1655.9,1655.9,grwpyt1
KEN_009_20211221_051244.flac,1659.8,1659.8,grwpyt1
KEN_009_20211221_051244.flac,1660.8,1660.8,blnmou1
KEN_009_20211221_051244.flac,1661.2,1661.2,grwpyt1
KEN_009_20211221_051244.flac,1662.2,1662.2,afgfly1
KEN_009_20211221_051244.flac,1662.5,1662.5,grwpyt1
KEN_009_20211221_051244.flac,1663.9,1663.9,grwpyt1
KEN_009_20211221_051244.flac,1665.9,1665.9,grwpyt1
KEN_009_20211221_051244.flac,1666.5,1666.5,afgfly1
KEN_009_20211221_051244.flac,1666.8,1666.8,grwpyt1
KEN_009_20211221_051244.flac,1667.7,1667.7,grwpyt1
KEN_009_20211221_051244.flac,1668.8,1668.8,rbsrob1
KEN_009_20211221_051244.flac,1671.3,1671.3,grwpyt1
KEN_009_20211221_051244.flac,1672.2,1672.2,blnmou1
KEN_009_20211221_051244.flac,1674.9,1674.9,grwpyt1
KEN_009_20211221_051244.flac,1677.0,1677.0,blnmou1
KEN_009_20211221_051244.flac,1679.4,1679.4,grwpyt1
KEN_009_20211221_051244.flac,1681.5,1681.5,blnmou1
KEN_009_20211221_051244.flac,1683.1,1683.1,grwpyt1
KEN_009_20211221_051244.flac,1684.0,1684.0,grwpyt1
KEN_009_20211221_051244.flac,1684.2,1684.2,blnmou1
KEN_009_20211221_051244.flac,1685.8,1685.8,grwpyt1
KEN_009_20211221_051244.flac,1686.7,1686.7,blnmou1
KEN_009_20211221_051244.flac,1691.2,1691.2,grwpyt1
KEN_009_20211221_051244.flac,1696.2,1696.2,grwpyt1
KEN_009_20211221_051244.flac,1697.5,1697.5,grwpyt1
KEN_009_20211221_051244.flac,1699.0,1699.0,grwpyt1
KEN_009_20211221_051244.flac,1699.8,1699.8,grwpyt1
KEN_009_20211221_051244.flac,1701.5,1701.5,grwpyt1
KEN_009_20211221_051244.flac,1704.5,1704.5,grwpyt1
KEN_009_20211221_051244.flac,1705.3,1705.3,grwpyt1
KEN_009_20211221_051244.flac,1706.2,1706.2,grwpyt1
KEN_009_20211221_051244.flac,1707.8,1707.8,grwpyt1
KEN_009_20211221_051244.flac,1709.5,1709.5,grwpyt1
KEN_009_20211221_051244.flac,1711.4,1711.4,grwpyt1
KEN_009_20211221_051244.flac,1713.4,1713.4,grwpyt1
KEN_009_20211221_051244.flac,1714.6,1714.6,grwpyt1
KEN_009_20211221_051244.flac,1715.5,1715.5,grwpyt1
KEN_009_20211221_051244.flac,1717.8,1717.8,grwpyt1
KEN_009_20211221_051244.flac,1719.6,1719.6,grwpyt1
KEN_009_20211221_051244.flac,1721.4,1721.4,grwpyt1
KEN_009_20211221_051244.flac,1723.3,1723.3,grwpyt1
KEN_009_20211221_051244.flac,1725.2,1725.2,grwpyt1
KEN_009_20211221_051244.flac,1731.6,1731.6,grwpyt1
KEN_009_20211221_051244.flac,1732.0,1732.0,yebapa1
KEN_009_20211221_051244.flac,1733.1,1733.1,yebapa1
KEN_009_20211221_051244.flac,1735.9,1735.9,grwpyt1
KEN_009_20211221_051244.flac,1737.2,1737.2,grwpyt1
KEN_009_20211221_051244.flac,1738.7,1738.7,grwpyt1
KEN_009_20211221_051244.flac,1741.1,1741.1,grwpyt1
KEN_009_20211221_051244.flac,1743.8,1743.8,grwpyt1
KEN_009_20211221_051244.flac,1745.8,1745.8,rbsrob1
KEN_009_20211221_051244.flac,1747.6,1747.6,rbsrob1
KEN_009_20211221_051244.flac,1749.3,1749.3,grwpyt1
KEN_009_20211221_051244.flac,1751.4,1751.4,grwpyt1
KEN_009_20211221_051244.flac,1762.5,1762.5,blnmou1
KEN_009_20211221_051244.flac,1765.4,1765.4,blnmou1
KEN_009_20211221_051244.flac,1768.5,1768.5,blnmou1
KEN_009_20211221_051244.flac,1769.0,1769.0,whbwea1
KEN_009_20211221_051244.flac,1770.0,1770.0,blnmou1
KEN_009_20211221_051244.flac,1772.1,1772.1,blnmou1
KEN_009_20211221_051244.flac,1802.1,1802.1,rbsrob1
KEN_009_20211221_051244.flac,1816.0,1816.0,whbwea1
KEN_009_20211221_051244.flac,1818.5,1818.5,rbsrob1
KEN_009_20211221_051244.flac,1821.4,1821.4,moccha1
KEN_009_20211221_051244.flac,1822.9,1822.9,moccha1
KEN_009_20211221_051244.flac,1824.2,1824.2,moccha1
KEN_009_20211221_051244.flac,1826.1,1826.1,moccha1
KEN_009_20211221_051244.flac,1827.5,1827.5,moccha1
KEN_009_20211221_051244.flac,1830.7,1830.7,moccha1
KEN_009_20211221_051244.flac,1832.7,1832.7,blnmou1
KEN_009_20211221_051244.flac,1834.1,1834.1,moccha1
KEN_009_20211221_051244.flac,1836.8,1836.8,moccha1
KEN_009_20211221_051244.flac,1840.6,1840.6,moccha1
KEN_009_20211221_051244.flac,1842.0,1842.0,moccha1
KEN_009_20211221_051244.flac,1845.9,1845.9,moccha1
KEN_009_20211221_051244.flac,1848.5,1848.5,moccha1
KEN_009_20211221_051244.flac,1849.1,1849.1,blnmou1
KEN_009_20211221_051244.flac,1850.3,1850.3,moccha1
KEN_009_20211221_051244.flac,1852.7,1852.7,blnmou1
KEN_009_20211221_051244.flac,1855.7,1855.7,blnmou1
KEN_009_20211221_051244.flac,1857.8,1857.8,moccha1
KEN_009_20211221_051244.flac,1858.4,1858.4,blnmou1
KEN_009_20211221_051244.flac,1858.6,1858.6,moccha1
KEN_009_20211221_051244.flac,1863.6,1863.6,moccha1
KEN_009_20211221_051244.flac,1868.2,1868.2,blnmou1
KEN_009_20211221_051244.flac,1881.4,1881.4,moccha1
KEN_009_20211221_051244.flac,1887.1,1887.1,moccha1
KEN_009_20211221_051244.flac,1891.3,1891.3,moccha1
KEN_009_20211221_051244.flac,1896.7,1896.7,moccha1
KEN_009_20211221_051244.flac,1899.3,1899.3,moccha1
KEN_009_20211221_051244.flac,1902.9,1902.9,moccha1
KEN_009_20211221_051244.flac,1906.1,1906.1,moccha1
KEN_009_20211221_051244.flac,1914.3,1914.3,moccha1
KEN_010_20211225_054000.flac,0.8,0.8,spemou2
KEN_010_20211225_054000.flac,1.2,1.2,wbrcha2
KEN_010_20211225_054000.flac,5.8,5.8,refcro1
KEN_010_20211225_054000.flac,9.4,9.4,supsta1
KEN_010_20211225_054000.flac,10.6,10.6,wbrcha2
KEN_010_20211225_054000.flac,12.7,12.7,refcro1
KEN_010_20211225_054000.flac,15.2,15.2,wbrcha2
KEN_010_20211225_054000.flac,16.9,16.9,spemou2
KEN_010_20211225_054000.flac,18.8,18.8,refcro1
KEN_010_20211225_054000.flac,23.7,23.7,spemou2
KEN_010_20211225_054000.flac,25.1,25.1,wbrcha2
KEN_010_20211225_054000.flac,27.4,27.4,wbswea1
KEN_010_20211225_054000.flac,29.5,29.5,wbswea1
KEN_010_20211225_054000.flac,32.4,32.4,refcro1
KEN_010_20211225_054000.flac,35.9,35.9,spemou2
KEN_010_20211225_054000.flac,36.9,36.9,spemou2
KEN_010_20211225_054000.flac,38.4,38.4,refcro1
KEN_010_20211225_054000.flac,40.3,40.3,wbrcha2
KEN_010_20211225_054000.flac,41.2,41.2,spemou2
KEN_010_20211225_054000.flac,42.9,42.9,refcro1
KEN_010_20211225_054000.flac,46.9,46.9,spemou2
KEN_010_20211225_054000.flac,50.4,50.4,refcro1
KEN_010_20211225_054000.flac,52.2,52.2,wbrcha2
KEN_010_20211225_054000.flac,54.9,54.9,refcro1
KEN_010_20211225_054000.flac,57.8,57.8,spmthr1
KEN_010_20211225_054000.flac,58.2,58.2,wbrcha2
KEN_010_20211225_054000.flac,58.9,58.9,wbswea1
KEN_010_20211225_054000.flac,61.4,61.4,spmthr1
KEN_010_20211225_054000.flac,62.7,62.7,wbrcha2
KEN_010_20211225_054000.flac,64.8,64.8,spemou2
KEN_010_20211225_054000.flac,67.0,67.0,refcro1
KEN_010_20211225_054000.flac,76.7,76.7,spemou2
KEN_010_20211225_054000.flac,77.2,77.2,refcro1
KEN_010_20211225_054000.flac,80.5,80.5,spemou2
KEN_010_20211225_054000.flac,83.3,83.3,spemou2
KEN_010_20211225_054000.flac,109.7,109.7,wbswea1
KEN_010_20211225_054000.flac,128.3,128.3,spemou2
KEN_010_20211225_054000.flac,141.9,141.9,spemou2
KEN_010_20211225_054000.flac,148.8,148.8,spemou2
KEN_010_20211225_054000.flac,155.7,155.8,spemou2
KEN_010_20211225_054000.flac,160.0,160.0,refcro1
KEN_010_20211225_054000.flac,173.4,173.4,spemou2
KEN_010_20211225_054000.flac,176.7,176.7,varsun2
KEN_010_20211225_054000.flac,184.1,184.1,spemou2
KEN_010_20211225_054000.flac,188.5,188.5,refcro1
KEN_010_20211225_054000.flac,196.8,196.8,spemou2
KEN_010_20211225_054000.flac,206.8,206.8,wbrcha2
KEN_010_20211225_054000.flac,217.3,217.3,wbswea1
KEN_010_20211225_054000.flac,219.8,219.8,spemou2
KEN_010_20211225_054000.flac,226.8,226.8,refcro1
KEN_010_20211225_054000.flac,230.3,230.3,spemou2
KEN_010_20211225_054000.flac,235.8,235.8,spemou2
KEN_010_20211225_054000.flac,243.3,243.3,nubwoo1
KEN_010_20211225_054000.flac,245.7,245.7,spemou2
KEN_010_20211225_054000.flac,248.1,248.1,thrnig1
KEN_010_20211225_054000.flac,263.2,263.2,spemou2
KEN_010_20211225_054000.flac,271.9,271.9,spemou2
KEN_010_20211225_054000.flac,277.0,277.0,spemou2
KEN_010_20211225_054000.flac,283.8,283.8,spemou2
KEN_010_20211225_054000.flac,294.7,294.7,spemou2
KEN_010_20211225_054000.flac,306.5,306.5,spemou2
KEN_010_20211225_054000.flac,307.7,307.7,bagwea1
KEN_010_20211225_054000.flac,309.9,309.9,rehwea1
KEN_010_20211225_054000.flac,312.6,312.6,rehwea1
KEN_010_20211225_054000.flac,316.6,316.6,spemou2
KEN_010_20211225_054000.flac,319.2,319.2,rehwea1
KEN_010_20211225_054000.flac,321.6,321.6,wbswea1
KEN_010_20211225_054000.flac,325.9,325.9,spemou2
KEN_010_20211225_054000.flac,334.3,334.3,spemou2
KEN_010_20211225_054000.flac,341.7,341.7,rehwea1
KEN_010_20211225_054000.flac,342.5,342.5,spemou2
KEN_010_20211225_054000.flac,347.8,347.8,spemou2
KEN_010_20211225_054000.flac,356.6,356.6,wbswea1
KEN_010_20211225_054000.flac,364.2,364.2,wbswea1
KEN_010_20211225_054000.flac,383.5,383.5,afpfly1
KEN_010_20211225_054000.flac,391.8,391.8,afpfly1
KEN_010_20211225_054000.flac,398.0,398.0,rehwea1
KEN_010_20211225_054000.flac,408.6,408.6,rehwea1
KEN_010_20211225_054000.flac,411.7,411.7,rehwea1
KEN_010_20211225_054000.flac,422.0,422.0,rehwea1
KEN_010_20211225_054000.flac,425.5,425.5,whbwhe3
KEN_010_20211225_054000.flac,431.1,431.1,rehwea1
KEN_010_20211225_054000.flac,435.1,435.1,whbwhe3
KEN_010_20211225_054000.flac,437.5,437.5,rehwea1
KEN_010_20211225_054000.flac,442.1,442.1,wbswea1
KEN_010_20211225_054000.flac,445.5,445.5,rehwea1
KEN_010_20211225_054000.flac,451.7,451.7,wbswea1
KEN_010_20211225_054000.flac,453.8,453.8,rehwea1
KEN_010_20211225_054000.flac,458.6,458.6,refcro1
KEN_010_20211225_054000.flac,459.3,459.3,spemou2
KEN_010_20211225_054000.flac,463.8,463.8,rehwea1
KEN_010_20211225_054000.flac,466.1,466.1,wbswea1
KEN_010_20211225_054000.flac,470.0,470.0,rehwea1
KEN_010_20211225_054000.flac,472.1,472.1,refcro1
KEN_010_20211225_054000.flac,474.1,474.1,spemou2
KEN_010_20211225_054000.flac,478.7,478.7,rehwea1
KEN_010_20211225_054000.flac,483.6,483.6,rehwea1
KEN_010_20211225_054000.flac,488.8,488.8,spemou2
KEN_010_20211225_054000.flac,490.2,490.2,rehwea1
KEN_010_20211225_054000.flac,494.9,494.9,gnbcam2
KEN_010_20211225_054000.flac,496.3,496.3,rehwea1
KEN_010_20211225_054000.flac,498.4,498.4,gnbcam2
KEN_010_20211225_054000.flac,501.7,501.7,gnbcam2
KEN_010_20211225_054000.flac,504.2,504.2,rehwea1
KEN_010_20211225_054000.flac,507.1,507.1,refcro1
KEN_010_20211225_054000.flac,509.1,509.1,gnbcam2
KEN_010_20211225_054000.flac,512.7,512.7,rehwea1
KEN_010_20211225_054000.flac,514.1,514.1,refcro1
KEN_010_20211225_054000.flac,514.7,514.7,gnbcam2
KEN_010_20211225_054000.flac,518.8,518.8,refcro1
KEN_010_20211225_054000.flac,519.2,519.2,gnbcam2
KEN_010_20211225_054000.flac,520.3,520.3,nubwoo1
KEN_010_20211225_054000.flac,524.2,524.2,spemou2
KEN_010_20211225_054000.flac,526.1,526.1,refcro1
KEN_010_20211225_054000.flac,528.3,528.3,rehwea1
KEN_010_20211225_054000.flac,530.3,530.3,refcro1
KEN_010_20211225_054000.flac,536.4,536.4,rehwea1
KEN_010_20211225_054000.flac,537.4,537.4,refcro1
KEN_010_20211225_054000.flac,539.6,539.6,rehwea1
KEN_010_20211225_054000.flac,540.5,540.5,spemou2
KEN_010_20211225_054000.flac,544.6,544.7,spemou2
KEN_010_20211225_054000.flac,564.7,564.7,spemou2
KEN_010_20211225_054000.flac,570.0,570.0,spemou2
KEN_010_20211225_054000.flac,575.5,575.5,spemou2
KEN_010_20211225_054000.flac,583.7,583.7,refcro1
KEN_010_20211225_054000.flac,585.7,585.7,spemou2
KEN_010_20211225_054000.flac,587.3,587.3,bagwea1
KEN_010_20211225_054000.flac,593.1,593.1,bagwea1
KEN_010_20211225_054000.flac,595.9,595.9,spemou2
KEN_010_20211225_054000.flac,598.7,598.7,bagwea1
KEN_010_20211225_054000.flac,607.9,607.9,spemou2
KEN_010_20211225_054000.flac,613.1,613.1,spemou2
KEN_010_20211225_054000.flac,624.4,624.4,spemou2
KEN_010_20211225_054000.flac,629.5,629.5,refcro1
KEN_010_20211225_054000.flac,635.7,635.7,rerswa1
KEN_010_20211225_054000.flac,640.5,640.5,spemou2
KEN_010_20211225_054000.flac,645.8,645.8,bagwea1
KEN_010_20211225_054000.flac,652.6,652.6,spemou2
KEN_010_20211225_054000.flac,667.5,667.5,spemou2
KEN_010_20211225_054000.flac,668.8,668.8,refcro1
KEN_010_20211225_054000.flac,672.9,672.9,spemou2
KEN_010_20211225_054000.flac,682.4,682.4,spemou2
KEN_010_20211225_054000.flac,686.6,686.6,spmthr1
KEN_010_20211225_054000.flac,688.2,688.2,spemou2
KEN_010_20211225_054000.flac,689.4,689.4,spmthr1
KEN_010_20211225_054000.flac,698.7,698.7,refcro1
KEN_010_20211225_054000.flac,714.3,714.3,spemou2
KEN_010_20211225_054000.flac,722.7,722.7,refcro1
KEN_010_20211225_054000.flac,726.7,726.7,spemou2
KEN_010_20211225_054000.flac,735.7,735.7,spemou2
KEN_010_20211225_054000.flac,741.2,741.2,spemou2
KEN_010_20211225_054000.flac,746.7,746.7,spemou2
KEN_010_20211225_054000.flac,753.0,753.0,spemou2
KEN_010_20211225_054000.flac,761.8,761.8,tafpri1
KEN_010_20211225_054000.flac,763.1,763.1,spemou2
KEN_010_20211225_054000.flac,765.8,765.8,reccor
KEN_010_20211225_054000.flac,767.9,767.9,thrnig1
KEN_010_20211225_054000.flac,772.0,772.0,spemou2
KEN_010_20211225_054000.flac,773.1,773.1,reccor
KEN_010_20211225_054000.flac,775.5,775.5,purgre2
KEN_010_20211225_054000.flac,777.9,777.9,spemou2
KEN_010_20211225_054000.flac,779.2,779.2,tafpri1
KEN_010_20211225_054000.flac,781.8,781.8,spemou2
KEN_010_20211225_054000.flac,784.4,784.4,spemou2
KEN_010_20211225_054000.flac,786.6,786.6,spemou2
KEN_010_20211225_054000.flac,794.0,794.0,spemou2
KEN_010_20211225_054000.flac,794.7,794.7,tafpri1
KEN_010_20211225_054000.flac,796.7,796.7,spemou2
KEN_010_20211225_054000.flac,799.1,799.1,spemou2
KEN_010_20211225_054000.flac,803.9,803.9,spemou2
KEN_010_20211225_054000.flac,806.0,806.0,spemou2
KEN_010_20211225_054000.flac,808.0,808.0,spemou2
KEN_010_20211225_054000.flac,811.8,811.8,spemou2
KEN_010_20211225_054000.flac,819.4,819.4,spemou2
KEN_010_20211225_054000.flac,823.0,823.0,spemou2
KEN_010_20211225_054000.flac,825.7,825.7,spemou2
KEN_010_20211225_054000.flac,828.6,828.6,spemou2
KEN_010_20211225_054000.flac,834.9,834.9,spemou2
KEN_010_20211225_054000.flac,853.2,853.2,spemou2
KEN_010_20211225_054000.flac,893.4,893.4,refcro1
KEN_010_20211225_054000.flac,904.2,904.2,spemou2
KEN_010_20211225_054000.flac,935.1,935.1,reccor
KEN_010_20211225_054000.flac,938.1,938.1,gnbcam2
KEN_010_20211225_054000.flac,942.4,942.4,reccor
KEN_010_20211225_054000.flac,946.2,946.2,rerswa1
KEN_010_20211225_054000.flac,951.0,951.0,reccor
KEN_010_20211225_054000.flac,966.8,966.8,reccor
KEN_010_20211225_054000.flac,972.0,972.0,reccor
KEN_010_20211225_054000.flac,978.6,978.6,reccor
KEN_010_20211225_054000.flac,991.4,991.4,reccor
KEN_010_20211225_054000.flac,997.7,997.7,reccor
KEN_010_20211225_054000.flac,1016.5,1016.5,gnbcam2
KEN_010_20211225_054000.flac,1023.4,1023.4,gnbcam2
KEN_010_20211225_054000.flac,1025.0,1025.0,spemou2
KEN_010_20211225_054000.flac,1041.7,1041.7,spmthr1
KEN_010_20211225_054000.flac,1067.1,1067.1,gnbcam2
KEN_010_20211225_054000.flac,1068.1,1068.1,reccor
KEN_010_20211225_054000.flac,1083.2,1083.2,gnbcam2
KEN_010_20211225_054000.flac,1087.3,1087.3,gnbcam2
KEN_010_20211225_054000.flac,1089.7,1089.7,reccor
KEN_010_20211225_054000.flac,1093.7,1093.7,gnbcam2
KEN_010_20211225_054000.flac,1098.8,1098.8,gnbcam2
KEN_010_20211225_054000.flac,1113.6,1113.6,reccor
KEN_010_20211225_054000.flac,1116.6,1116.6,ratcis1
KEN_010_20211225_054000.flac,1118.7,1118.7,ratcis1
KEN_010_20211225_054000.flac,1120.9,1120.9,ratcis1
KEN_010_20211225_054000.flac,1125.7,1125.7,reccor
KEN_010_20211225_054000.flac,1129.2,1129.2,ratcis1
KEN_010_20211225_054000.flac,1135.6,1135.6,reccor
KEN_010_20211225_054000.flac,1136.3,1136.3,ratcis1
KEN_010_20211225_054000.flac,1137.7,1137.7,reccor
KEN_010_20211225_054000.flac,1141.9,1141.9,ratcis1
KEN_010_20211225_054000.flac,1146.3,1146.3,reccor
KEN_010_20211225_054000.flac,1149.5,1149.5,ratcis1
KEN_010_20211225_054000.flac,1152.0,1152.0,reccor
KEN_010_20211225_054000.flac,1160.1,1160.1,ratcis1
KEN_010_20211225_054000.flac,1166.9,1166.9,ratcis1
KEN_010_20211225_054000.flac,1171.3,1171.3,supsta1
KEN_010_20211225_054000.flac,1220.1,1220.1,reccor
KEN_010_20211225_054000.flac,1225.4,1225.4,spemou2
KEN_010_20211225_054000.flac,1237.6,1237.6,reccor
KEN_010_20211225_054000.flac,1243.3,1243.3,wbswea1
KEN_010_20211225_054000.flac,1277.4,1277.4,wbswea1
KEN_010_20211225_054000.flac,1282.7,1282.7,rehwea1
KEN_010_20211225_054000.flac,1352.6,1352.6,combul2
KEN_010_20211225_054000.flac,1394.6,1394.6,wbswea1
KEN_010_20211225_054000.flac,1423.6,1423.6,wbswea1
KEN_010_20211225_054000.flac,1428.3,1428.3,wbswea1
KEN_010_20211225_054000.flac,1431.3,1431.3,wbswea1
KEN_010_20211225_054000.flac,1432.3,1432.3,nubwoo1
KEN_010_20211225_054000.flac,1443.2,1443.2,wbswea1
KEN_010_20211225_054000.flac,1498.0,1498.0,refcro1
KEN_010_20211225_054000.flac,1500.8,1500.8,rerswa1
KEN_010_20211225_054000.flac,1587.1,1587.1,nubwoo1
KEN_010_20211225_054000.flac,1588.7,1588.7,bagwea1
KEN_010_20211225_054000.flac,1596.5,1596.5,bagwea1
KEN_010_20211225_054000.flac,1605.0,1605.0,bagwea1
KEN_010_20211225_054000.flac,1620.7,1620.7,bagwea1
KEN_010_20211225_054000.flac,1651.5,1651.5,spmthr1
KEN_010_20211225_054000.flac,1654.8,1654.8,spmthr1
KEN_010_20211225_054000.flac,1740.7,1740.7,rerswa1
KEN_010_20211225_054000.flac,1752.2,1752.2,supsta1
KEN_010_20211225_054000.flac,1801.6,1801.6,wbswea1
KEN_010_20211225_054000.flac,1852.1,1852.1,reccor
KEN_010_20211225_054000.flac,1856.5,1856.5,rerswa1
KEN_010_20211225_054000.flac,1861.0,1861.0,reccor
KEN_010_20211225_054000.flac,1867.1,1867.1,reccor
KEN_010_20211225_054000.flac,1895.1,1895.1,blnmou1
KEN_010_20211225_054000.flac,1900.1,1900.1,reccor
KEN_010_20211225_054000.flac,1908.8,1908.8,supsta1
KEN_010_20211225_054000.flac,1914.1,1914.1,rerswa1
KEN_010_20211225_054000.flac,1915.6,1915.6,supsta1
KEN_010_20211225_054000.flac,1920.8,1920.8,meypar1
KEN_010_20211225_054000.flac,1927.5,1927.5,reccor
KEN_010_20211225_054000.flac,1934.0,1934.0,blnmou1
KEN_010_20211225_054000.flac,1954.1,1954.1,wbswea1
KEN_010_20211225_054000.flac,1963.6,1963.6,supsta1
KEN_010_20211225_054000.flac,2050.7,2050.7,wbswea1
KEN_010_20211225_054000.flac,2128.1,2128.1,supsta1
KEN_010_20211225_054000.flac,2132.7,2132.7,supsta1
KEN_010_20211225_054000.flac,2163.4,2163.4,reftin1
KEN_010_20211225_054000.flac,2201.8,2201.8,spmthr1
KEN_010_20211225_054000.flac,2212.6,2212.6,subbus1
KEN_010_20211225_054000.flac,2213.0,2213.0,spmthr1
KEN_010_20211225_054000.flac,2213.9,2213.9,sccsun2
KEN_010_20211225_054000.flac,2217.1,2217.1,sccsun2
KEN_010_20211225_054000.flac,2219.0,2219.0,subbus1
KEN_010_20211225_054000.flac,2219.3,2219.3,spmthr1
KEN_010_20211225_054000.flac,2225.2,2225.2,subbus1
KEN_010_20211225_054000.flac,2226.5,2226.5,sccsun2
KEN_010_20211225_054000.flac,2230.3,2230.3,sccsun2
KEN_010_20211225_054000.flac,2241.8,2241.8,subbus1
KEN_010_20211225_054000.flac,2242.4,2242.4,spmthr1
KEN_010_20211225_054000.flac,2275.9,2275.9,wbswea1
KEN_010_20211225_054000.flac,2328.1,2328.1,wbswea1
KEN_010_20211225_054000.flac,2417.8,2417.8,reccor
KEN_010_20211225_054000.flac,2427.5,2427.5,reccor
KEN_010_20211225_054000.flac,2468.6,2468.6,wbswea1
KEN_010_20211225_054000.flac,2590.9,2590.9,rindov
KEN_010_20211225_054000.flac,2604.0,2604.0,slcbou1
KEN_010_20211225_054000.flac,2608.9,2608.9,slcbou1
KEN_010_20211225_054000.flac,2825.3,2825.3,meypar1
KEN_010_20211225_054000.flac,2840.7,2840.7,meypar1
KEN_010_20211225_054000.flac,2849.4,2849.4,reccor
KEN_010_20211225_054000.flac,3015.2,3015.2,bagwea1
KEN_010_20211225_054000.flac,3034.2,3034.2,bagwea1
KEN_010_20211225_054000.flac,3044.7,3044.7,nubwoo1
KEN_010_20211225_054000.flac,3057.9,3057.9,meypar1
KEN_010_20211225_054000.flac,3062.8,3062.8,varsun2
KEN_010_20211225_054000.flac,3076.6,3076.6,rindov
KEN_010_20211225_054000.flac,3099.7,3099.7,meypar1
KEN_010_20211225_054000.flac,3111.6,3111.6,ratcis1
KEN_010_20211225_054000.flac,3186.9,3186.9,marsun2
KEN_010_20211225_054000.flac,3247.0,3247.0,spemou2
KEN_010_20211225_054000.flac,3273.1,3273.1,reccor
KEN_010_20211225_054000.flac,3375.2,3375.2,reisee2
KEN_010_20211225_054000.flac,3376.6,3376.6,wbswea1
KEN_010_20211225_054000.flac,3378.7,3378.7,reisee2
KEN_010_20211225_054000.flac,3384.5,3384.5,reisee2
KEN_010_20211225_054000.flac,3391.6,3391.6,reisee2
KEN_010_20211225_054000.flac,3393.3,3393.3,spmthr1
KEN_010_20211225_054000.flac,3396.2,3396.2,marsun2
KEN_010_20211225_054000.flac,3397.6,3397.6,spmthr1
KEN_010_20211225_054000.flac,3399.5,3399.5,sccsun2
KEN_010_20211225_054000.flac,3400.8,3400.8,spmthr1
KEN_010_20211225_054000.flac,3407.7,3407.7,spmthr1
KEN_010_20211225_054000.flac,3419.5,3419.5,marsun2
KEN_010_20211225_054000.flac,3423.3,3423.3,spmthr1
KEN_010_20211225_054000.flac,3430.2,3430.2,spmthr1
KEN_010_20211225_054000.flac,3437.8,3437.8,marsun2
KEN_010_20211225_054000.flac,3446.3,3446.3,marsun2
KEN_010_20211225_054000.flac,3453.1,3453.1,marsun2
KEN_010_20211225_054000.flac,3465.2,3465.2,marsun2
KEN_010_20211225_054000.flac,3492.4,3492.4,marsun2
KEN_010_20211225_054000.flac,3498.6,3498.6,afpfly1
KEN_010_20211225_054000.flac,3509.5,3509.5,marsun2
KEN_010_20211225_054000.flac,3514.9,3514.9,marsun2
KEN_010_20211225_054000.flac,3521.4,3521.4,marsun2
KEN_010_20211225_054000.flac,3528.3,3528.3,wbswea1
KEN_010_20211225_054000.flac,3530.8,3530.8,sccsun2
KEN_010_20211225_054000.flac,3538.7,3538.7,marsun2
KEN_010_20211225_054000.flac,3541.4,3541.4,sccsun2
KEN_010_20211225_054000.flac,3553.4,3553.4,rerswa1
KEN_010_20211225_054000.flac,3560.0,3560.0,marsun2
KEN_010_20211225_054000.flac,3566.2,3566.2,marsun2
KEN_010_20211225_054000.flac,3572.0,3572.0,marsun2
KEN_010_20211225_054000.flac,3577.2,3577.2,marsun2
KEN_010_20211225_054000.flac,3582.4,3582.4,marsun2
KEN_010_20211225_054000.flac,3588.5,3588.5,marsun2
KEN_010_20211225_054000.flac,3595.7,3595.7,marsun2
KEN_011_20211228_032418.flac,72.3,72.3,marsun2
KEN_011_20211228_032418.flac,77.5,77.5,marsun2
KEN_011_20211228_032418.flac,82.4,82.4,marsun2
KEN_011_20211228_032418.flac,87.5,87.5,sccsun2
KEN_011_20211228_032418.flac,89.6,89.6,marsun2
KEN_011_20211228_032418.flac,91.9,91.9,reccor
KEN_011_20211228_032418.flac,93.2,93.2,wbswea1
KEN_011_20211228_032418.flac,95.2,95.2,reccor
KEN_011_20211228_032418.flac,101.2,101.2,marsun2
KEN_011_20211228_032418.flac,101.7,101.7,combul2
KEN_011_20211228_032418.flac,104.5,104.5,marsun2
KEN_011_20211228_032418.flac,107.2,107.2,ratcis1
KEN_011_20211228_032418.flac,109.6,109.6,marsun2
KEN_011_20211228_032418.flac,114.9,114.9,wbswea1
KEN_011_20211228_032418.flac,116.2,116.2,combul2
KEN_011_20211228_032418.flac,116.3,116.3,marsun2
KEN_011_20211228_032418.flac,118.9,118.9,marsun2
KEN_011_20211228_032418.flac,123.4,123.4,marsun2
KEN_011_20211228_032418.flac,127.3,127.3,marsun2
KEN_011_20211228_032418.flac,130.7,130.7,marsun2
KEN_011_20211228_032418.flac,133.0,133.0,marsun2
KEN_011_20211228_032418.flac,135.4,135.4,combul2
KEN_011_20211228_032418.flac,138.3,138.3,reccor
KEN_011_20211228_032418.flac,145.7,145.7,marsun2
KEN_011_20211228_032418.flac,148.6,148.6,combul2
KEN_011_20211228_032418.flac,156.3,156.3,wbswea1
KEN_011_20211228_032418.flac,159.6,159.6,marsun2
KEN_011_20211228_032418.flac,160.3,160.3,sccsun2
KEN_011_20211228_032418.flac,162.8,162.8,combul2
KEN_011_20211228_032418.flac,170.3,170.3,combul2
KEN_011_20211228_032418.flac,171.4,171.4,marsun2
KEN_011_20211228_032418.flac,173.8,173.8,sccsun2
KEN_011_20211228_032418.flac,178.6,178.6,combul2
KEN_011_20211228_032418.flac,187.4,187.4,combul2
KEN_011_20211228_032418.flac,191.2,191.2,purgre2
KEN_011_20211228_032418.flac,192.0,192.0,reccor
KEN_011_20211228_032418.flac,196.9,196.9,combul2
KEN_011_20211228_032418.flac,198.0,198.0,marsun2
KEN_011_20211228_032418.flac,200.2,200.2,reccor
KEN_011_20211228_032418.flac,202.0,202.0,tafpri1
KEN_011_20211228_032418.flac,203.7,203.7,tafpri1
KEN_011_20211228_032418.flac,205.6,205.6,combul2
KEN_011_20211228_032418.flac,206.6,206.6,marsun2
KEN_011_20211228_032418.flac,207.4,207.4,tafpri1
KEN_011_20211228_032418.flac,210.5,210.5,tafpri1
KEN_011_20211228_032418.flac,213.7,213.7,marsun2
KEN_011_20211228_032418.flac,215.9,215.9,combul2
KEN_011_20211228_032418.flac,217.1,217.1,marsun2
KEN_011_20211228_032418.flac,219.5,219.5,marsun2
KEN_011_20211228_032418.flac,222.2,222.2,marsun2
KEN_011_20211228_032418.flac,223.9,223.9,purgre2
KEN_011_20211228_032418.flac,231.0,231.0,tafpri1
KEN_011_20211228_032418.flac,234.2,234.2,marsun2
KEN_011_20211228_032418.flac,235.3,235.3,wbswea1
KEN_011_20211228_032418.flac,244.0,244.0,tafpri1
KEN_011_20211228_032418.flac,249.6,249.6,supsta1
KEN_011_20211228_032418.flac,256.0,256.0,wbswea1
KEN_011_20211228_032418.flac,264.8,264.8,tafpri1
KEN_011_20211228_032418.flac,268.4,268.4,sccsun2
KEN_011_20211228_032418.flac,272.2,272.2,tafpri1
KEN_011_20211228_032418.flac,276.6,276.6,tafpri1
KEN_011_20211228_032418.flac,279.9,279.9,tafpri1
KEN_011_20211228_032418.flac,288.2,288.2,rufcha2
KEN_011_20211228_032418.flac,293.5,293.5,rufcha2
KEN_011_20211228_032418.flac,295.1,295.1,nubwoo1
KEN_011_20211228_032418.flac,298.1,298.1,wbswea1
KEN_011_20211228_032418.flac,299.8,299.8,marsun2
KEN_011_20211228_032418.flac,307.0,307.0,reccor
KEN_011_20211228_032418.flac,311.0,311.0,rufcha2
KEN_011_20211228_032418.flac,322.1,322.1,reccor
KEN_011_20211228_032418.flac,323.8,323.8,sccsun2
KEN_011_20211228_032418.flac,326.8,326.8,combul2
KEN_011_20211228_032418.flac,335.3,335.3,combul2
KEN_011_20211228_032418.flac,336.3,336.3,wfbeat1
KEN_011_20211228_032418.flac,338.3,338.3,wbswea1
KEN_011_20211228_032418.flac,341.2,341.2,rufcha2
KEN_011_20211228_032418.flac,342.6,342.6,sccsun2
KEN_011_20211228_032418.flac,351.9,351.9,rufcha2
KEN_011_20211228_032418.flac,353.3,353.3,sccsun2
KEN_011_20211228_032418.flac,355.4,355.4,reccor
KEN_011_20211228_032418.flac,359.2,359.2,rufcha2
KEN_011_20211228_032418.flac,361.1,361.1,wbswea1
KEN_011_20211228_032418.flac,364.6,364.6,combul2
KEN_011_20211228_032418.flac,371.2,371.2,rufcha2
KEN_011_20211228_032418.flac,371.9,371.9,reccor
KEN_011_20211228_032418.flac,373.9,373.9,combul2
KEN_011_20211228_032418.flac,376.0,376.0,rufcha2
KEN_011_20211228_032418.flac,378.1,378.2,rufcha2
KEN_011_20211228_032418.flac,380.5,380.5,rufcha2
KEN_011_20211228_032418.flac,383.1,383.1,gabgos2
KEN_011_20211228_032418.flac,385.6,385.6,rufcha2
KEN_011_20211228_032418.flac,386.0,386.0,combul2
KEN_011_20211228_032418.flac,387.0,387.0,wbswea1
KEN_011_20211228_032418.flac,388.2,388.2,rufcha2
KEN_011_20211228_032418.flac,391.6,391.6,marsun2
KEN_011_20211228_032418.flac,392.3,392.3,rufcha2
KEN_011_20211228_032418.flac,397.4,397.4,rufcha2
KEN_011_20211228_032418.flac,398.5,398.5,marsun2
KEN_011_20211228_032418.flac,402.8,402.8,rufcha2
KEN_011_20211228_032418.flac,405.6,405.6,rufcha2
KEN_011_20211228_032418.flac,407.1,407.1,marsun2
KEN_011_20211228_032418.flac,408.9,408.9,rufcha2
KEN_011_20211228_032418.flac,411.4,411.4,marsun2
KEN_011_20211228_032418.flac,414.9,414.9,marsun2
KEN_011_20211228_032418.flac,417.6,417.6,marsun2
KEN_011_20211228_032418.flac,420.8,420.8,marsun2
KEN_011_20211228_032418.flac,429.9,429.9,marsun2
KEN_011_20211228_032418.flac,434.3,434.3,marsun2
KEN_011_20211228_032418.flac,436.1,436.1,sccsun2
KEN_011_20211228_032418.flac,438.1,438.1,marsun2
KEN_011_20211228_032418.flac,440.7,440.7,sccsun2
KEN_011_20211228_032418.flac,441.9,441.9,whbwea1
KEN_011_20211228_032418.flac,448.3,448.3,whbwea1
KEN_011_20211228_032418.flac,448.6,448.6,marsun2
KEN_011_20211228_032418.flac,454.2,454.2,whbwea1
KEN_011_20211228_032418.flac,456.4,456.4,wbswea1
KEN_011_20211228_032418.flac,465.8,465.8,whbwea1
KEN_011_20211228_032418.flac,469.4,469.4,marsun2
KEN_011_20211228_032418.flac,472.3,472.3,marsun2
KEN_011_20211228_032418.flac,483.6,483.6,whbwea1
KEN_011_20211228_032418.flac,491.1,491.1,sccsun2
KEN_011_20211228_032418.flac,500.9,500.9,whbwea1
KEN_011_20211228_032418.flac,504.6,504.6,nubwoo1
KEN_011_20211228_032418.flac,507.4,507.4,spemou2
KEN_011_20211228_032418.flac,508.9,508.9,marsun2
KEN_011_20211228_032418.flac,510.0,510.0,whbwea1
KEN_011_20211228_032418.flac,510.8,510.8,spemou2
KEN_011_20211228_032418.flac,512.9,512.9,marsun2
KEN_011_20211228_032418.flac,518.1,518.1,whbwea1
KEN_011_20211228_032418.flac,522.6,522.6,spemou2
KEN_011_20211228_032418.flac,526.2,526.2,sccsun2
KEN_011_20211228_032418.flac,539.4,539.4,spemou2
KEN_011_20211228_032418.flac,545.6,545.6,grewoo2
KEN_011_20211228_032418.flac,551.0,551.0,spemou2
KEN_011_20211228_032418.flac,566.1,566.1,spemou2
KEN_011_20211228_032418.flac,567.3,567.3,combul2
KEN_011_20211228_032418.flac,576.7,576.7,combul2
KEN_011_20211228_032418.flac,592.0,592.0,spemou2
KEN_011_20211228_032418.flac,601.6,601.6,blnmou1
KEN_011_20211228_032418.flac,610.7,610.7,wbswea1
KEN_011_20211228_032418.flac,611.1,611.1,combul2
KEN_011_20211228_032418.flac,617.3,617.3,reccor
KEN_011_20211228_032418.flac,629.0,629.0,reccor
KEN_011_20211228_032418.flac,645.3,645.3,ruegls1
KEN_011_20211228_032418.flac,649.4,649.4,ruegls1
KEN_011_20211228_032418.flac,651.2,651.2,spemou2
KEN_011_20211228_032418.flac,684.2,684.2,spemou2
KEN_011_20211228_032418.flac,694.5,694.5,reccor
KEN_011_20211228_032418.flac,696.3,696.3,spemou2
KEN_011_20211228_032418.flac,700.1,700.1,reccor
KEN_011_20211228_032418.flac,710.4,710.4,purgre2
KEN_011_20211228_032418.flac,715.2,715.2,purgre2
KEN_011_20211228_032418.flac,727.0,727.0,marsun2
KEN_011_20211228_032418.flac,743.9,743.9,marsun2
KEN_011_20211228_032418.flac,762.0,762.0,grewoo2
KEN_011_20211228_032418.flac,764.5,764.5,sccsun2
KEN_011_20211228_032418.flac,769.5,769.5,marsun2
KEN_011_20211228_032418.flac,770.7,770.7,whbwea1
KEN_011_20211228_032418.flac,773.5,773.5,wbswea1
KEN_011_20211228_032418.flac,776.1,776.1,marsun2
KEN_011_20211228_032418.flac,796.2,796.2,wbswea1
KEN_011_20211228_032418.flac,803.2,803.2,wbswea1
KEN_011_20211228_032418.flac,807.5,807.5,wbswea1
KEN_011_20211228_032418.flac,814.7,814.7,whbwea1
KEN_011_20211228_032418.flac,841.7,841.7,wbswea1
KEN_011_20211228_032418.flac,843.9,843.9,whbwea1
KEN_011_20211228_032418.flac,858.1,858.1,wbswea1
KEN_011_20211228_032418.flac,864.8,864.8,sccsun2
KEN_011_20211228_032418.flac,868.2,868.2,sccsun2
KEN_011_20211228_032418.flac,871.0,871.0,whbwea1
KEN_011_20211228_032418.flac,890.0,890.0,sccsun2
KEN_011_20211228_032418.flac,897.5,897.5,whbwea1
KEN_011_20211228_032418.flac,904.3,904.3,wbswea1
KEN_011_20211228_032418.flac,913.2,913.2,whbwea1
KEN_011_20211228_032418.flac,916.7,916.7,spemou2
KEN_011_20211228_032418.flac,920.0,920.0,whbwea1
KEN_011_20211228_032418.flac,935.3,935.3,whbwea1
KEN_011_20211228_032418.flac,938.2,938.2,rehwea1
KEN_011_20211228_032418.flac,939.9,939.9,rehwea1
KEN_011_20211228_032418.flac,942.7,942.7,rehwea1
KEN_011_20211228_032418.flac,943.5,943.5,whbwea1
KEN_011_20211228_032418.flac,945.2,945.2,rehwea1
KEN_011_20211228_032418.flac,946.6,946.6,rehwea1
KEN_011_20211228_032418.flac,948.0,948.0,rehwea1
KEN_011_20211228_032418.flac,949.9,949.9,rehwea1
KEN_011_20211228_032418.flac,953.0,953.0,marsun2
KEN_011_20211228_032418.flac,960.0,960.0,marsun2
KEN_011_20211228_032418.flac,962.0,962.0,wbrcha2
KEN_011_20211228_032418.flac,964.0,964.0,grewoo2
KEN_011_20211228_032418.flac,966.9,966.9,marsun2
KEN_011_20211228_032418.flac,968.1,968.1,grewoo2
KEN_011_20211228_032418.flac,970.6,970.6,rehwea1
KEN_011_20211228_032418.flac,971.4,971.4,grewoo2
KEN_011_20211228_032418.flac,973.6,973.6,slcbou1
KEN_011_20211228_032418.flac,974.4,974.4,rehwea1
KEN_011_20211228_032418.flac,990.4,990.4,blnmou1
KEN_011_20211228_032418.flac,991.1,991.1,spemou2
KEN_011_20211228_032418.flac,1024.1,1024.1,rehwea1
KEN_011_20211228_032418.flac,1030.2,1030.2,marsun2
KEN_011_20211228_032418.flac,1044.0,1044.0,wbswea1
KEN_011_20211228_032418.flac,1051.0,1051.0,refbar2
KEN_011_20211228_032418.flac,1054.3,1054.3,refbar2
KEN_011_20211228_032418.flac,1056.8,1056.8,sccsun2
KEN_011_20211228_032418.flac,1059.9,1059.9,wbswea1
KEN_011_20211228_032418.flac,1061.8,1061.8,whbwea1
KEN_011_20211228_032418.flac,1069.0,1069.0,whbwea1
KEN_011_20211228_032418.flac,1071.1,1071.1,slcbou1
KEN_011_20211228_032418.flac,1074.7,1074.7,slcbou1
KEN_011_20211228_032418.flac,1081.3,1081.3,whbwea1
KEN_011_20211228_032418.flac,1103.7,1103.7,whbcou1
KEN_011_20211228_032418.flac,1104.8,1104.8,ratcis1
KEN_011_20211228_032418.flac,1105.9,1105.9,whbcou1
KEN_011_20211228_032418.flac,1108.8,1108.8,whbcou1
KEN_011_20211228_032418.flac,1110.6,1110.6,gnbcam2
KEN_011_20211228_032418.flac,1126.3,1126.3,ratcis1
KEN_011_20211228_032418.flac,1141.0,1141.0,wbswea1
KEN_011_20211228_032418.flac,1147.5,1147.5,sccsun2
KEN_011_20211228_032418.flac,1153.7,1153.7,sccsun2
KEN_011_20211228_032418.flac,1160.2,1160.2,sccsun2
KEN_011_20211228_032418.flac,1173.1,1173.1,reccor
KEN_011_20211228_032418.flac,1175.1,1175.1,sccsun2
KEN_011_20211228_032418.flac,1179.4,1179.4,sccsun2
KEN_011_20211228_032418.flac,1185.9,1185.9,wbswea1
KEN_011_20211228_032418.flac,1193.9,1193.9,sccsun2
KEN_011_20211228_032418.flac,1201.4,1201.4,wbswea1
KEN_011_20211228_032418.flac,1205.0,1205.0,whbwea1
KEN_011_20211228_032418.flac,1219.0,1219.0,whbwea1
KEN_011_20211228_032418.flac,1221.2,1221.2,wbswea1
KEN_011_20211228_032418.flac,1226.0,1226.0,whbwea1
KEN_011_20211228_032418.flac,1227.8,1227.8,rehwea1
KEN_011_20211228_032418.flac,1241.8,1241.8,whbwea1
KEN_011_20211228_032418.flac,1253.1,1253.1,whbwea1
KEN_011_20211228_032418.flac,1261.8,1261.8,whbwea1
KEN_011_20211228_032418.flac,1265.7,1265.7,marsun2
KEN_011_20211228_032418.flac,1271.6,1271.6,whbwea1
KEN_011_20211228_032418.flac,1273.8,1273.8,whbwea1
KEN_011_20211228_032418.flac,1274.9,1274.9,wbswea1
KEN_011_20211228_032418.flac,1276.6,1276.6,marsun2
KEN_011_20211228_032418.flac,1281.8,1281.8,whbwea1
KEN_011_20211228_032418.flac,1294.6,1294.6,whbwea1
KEN_011_20211228_032418.flac,1305.5,1305.5,whbwea1
KEN_011_20211228_032418.flac,1312.0,1312.0,whbwea1
KEN_011_20211228_032418.flac,1315.1,1315.1,ruegls1
KEN_011_20211228_032418.flac,1315.8,1315.8,refbar2
KEN_011_20211228_032418.flac,1319.0,1319.0,refbar2
KEN_011_20211228_032418.flac,1320.8,1320.8,whbwea1
KEN_011_20211228_032418.flac,1322.3,1322.3,combul2
KEN_011_20211228_032418.flac,1324.0,1324.0,refbar2
KEN_011_20211228_032418.flac,1330.0,1330.0,whbwea1
KEN_011_20211228_032418.flac,1338.8,1338.8,sccsun2
KEN_011_20211228_032418.flac,1342.4,1342.4,whbwea1
KEN_011_20211228_032418.flac,1354.3,1354.3,whbwea1
KEN_011_20211228_032418.flac,1362.8,1362.8,whbwea1
KEN_011_20211228_032418.flac,1367.6,1367.6,reccor
KEN_011_20211228_032418.flac,1377.8,1377.8,whbwea1
KEN_011_20211228_032418.flac,1382.1,1382.1,reccor
KEN_011_20211228_032418.flac,1391.7,1391.7,spemou2
KEN_011_20211228_032418.flac,1398.4,1398.4,whbwea1
KEN_011_20211228_032418.flac,1406.0,1406.0,slcbou1
KEN_011_20211228_032418.flac,1408.6,1408.6,sccsun2
KEN_011_20211228_032418.flac,1413.1,1413.1,slcbou1
KEN_011_20211228_032418.flac,1414.6,1414.6,whbwea1
KEN_011_20211228_032418.flac,1419.2,1419.2,combul2
KEN_011_20211228_032418.flac,1427.0,1427.0,marsun2
KEN_011_20211228_032418.flac,1429.7,1429.7,combul2
KEN_011_20211228_032418.flac,1435.8,1435.8,wbswea1
KEN_011_20211228_032418.flac,1443.9,1443.9,marsun2
KEN_011_20211228_032418.flac,1450.1,1450.1,whbwea1
KEN_011_20211228_032418.flac,1453.6,1453.6,reccor
KEN_011_20211228_032418.flac,1462.4,1462.4,marsun2
KEN_011_20211228_032418.flac,1473.2,1473.2,ruegls1
KEN_011_20211228_032418.flac,1474.2,1474.2,whbwea1
KEN_011_20211228_032418.flac,1475.6,1475.6,whbwea1
KEN_011_20211228_032418.flac,1483.3,1483.3,whbwea1
KEN_011_20211228_032418.flac,1484.8,1484.8,wbswea1
KEN_011_20211228_032418.flac,1487.9,1487.9,rindov
KEN_011_20211228_032418.flac,1489.0,1489.0,whbwea1
KEN_011_20211228_032418.flac,1500.7,1500.7,whbwea1
KEN_011_20211228_032418.flac,1503.4,1503.4,combul2
KEN_011_20211228_032418.flac,1513.7,1513.7,rindov
KEN_011_20211228_032418.flac,1516.0,1516.0,whbwea1
KEN_011_20211228_032418.flac,1526.1,1526.1,whbwea1
KEN_011_20211228_032418.flac,1534.7,1534.7,combul2
KEN_011_20211228_032418.flac,1539.4,1539.4,wbswea1
KEN_011_20211228_032418.flac,1544.4,1544.4,whbwea1
KEN_011_20211228_032418.flac,1550.8,1550.8,whbwea1
KEN_011_20211228_032418.flac,1566.1,1566.1,whbwea1
KEN_011_20211228_032418.flac,1573.5,1573.5,whbwea1
KEN_011_20211228_032418.flac,1575.8,1575.8,wbswea1
KEN_011_20211228_032418.flac,1582.4,1582.4,whbwea1
KEN_011_20211228_032418.flac,1591.0,1591.0,gnbcam2
KEN_011_20211228_032418.flac,1591.9,1591.9,rindov
KEN_011_20211228_032418.flac,1597.3,1597.3,whbwea1
KEN_011_20211228_032418.flac,1599.8,1599.8,rindov
KEN_011_20211228_032418.flac,1602.4,1602.4,ratcis1
KEN_011_20211228_032418.flac,1614.3,1614.3,rindov
KEN_011_20211228_032418.flac,1618.3,1618.3,combul2
KEN_011_20211228_032418.flac,1619.7,1619.7,whbwea1
KEN_011_20211228_032418.flac,1622.8,1622.8,rindov
KEN_011_20211228_032418.flac,1627.8,1627.8,rindov
KEN_011_20211228_032418.flac,1633.8,1633.8,ratcis1
KEN_011_20211228_032418.flac,1636.3,1636.3,ratcis1
KEN_011_20211228_032418.flac,1645.8,1645.8,ratcis1
KEN_011_20211228_032418.flac,1648.2,1648.2,rindov
KEN_011_20211228_032418.flac,1652.2,1652.2,ruegls1
KEN_011_20211228_032418.flac,1656.8,1656.8,rindov
KEN_011_20211228_032418.flac,1670.6,1670.6,sccsun2
KEN_011_20211228_032418.flac,1672.8,1672.8,sccsun2
KEN_011_20211228_032418.flac,1675.8,1675.8,rindov
KEN_011_20211228_032418.flac,1676.7,1676.7,ruegls1
KEN_011_20211228_032418.flac,1681.0,1681.0,ruegls1
KEN_011_20211228_032418.flac,1682.8,1682.8,rindov
KEN_011_20211228_032418.flac,1683.6,1683.6,sccsun2
KEN_011_20211228_032418.flac,1685.3,1685.3,sccsun2
KEN_011_20211228_032418.flac,1688.3,1688.3,rindov
KEN_011_20211228_032418.flac,1692.2,1692.2,wbswea1
KEN_011_20211228_032418.flac,1694.7,1694.7,whbwea1
KEN_011_20211228_032418.flac,1706.3,1706.3,ruegls1
KEN_011_20211228_032418.flac,1711.3,1711.3,wbswea1
KEN_011_20211228_032418.flac,1715.6,1715.6,whbwea1
KEN_011_20211228_032418.flac,1741.3,1741.3,sccsun2
KEN_011_20211228_032418.flac,1741.8,1741.8,subbus1
KEN_011_20211228_032418.flac,1750.1,1750.1,ruegls1
KEN_011_20211228_032418.flac,1754.1,1754.1,wbswea1
KEN_011_20211228_032418.flac,1757.2,1757.2,refbar2
KEN_011_20211228_032418.flac,1759.8,1759.8,refbar2
KEN_011_20211228_032418.flac,1779.4,1779.4,whbwea1
KEN_011_20211228_032418.flac,1798.9,1798.9,ruegls1
KEN_011_20211228_032418.flac,1804.1,1804.1,ratcis1
KEN_011_20211228_032418.flac,1809.8,1809.8,marsun2
KEN_011_20211228_032418.flac,1824.8,1824.8,sccsun2
KEN_011_20211228_032418.flac,1828.1,1828.1,sccsun2
KEN_011_20211228_032418.flac,1839.2,1839.2,ruegls1
KEN_011_20211228_032418.flac,1858.5,1858.5,ruegls1
KEN_011_20211228_032418.flac,1871.7,1871.7,ruegls1
KEN_011_20211228_032418.flac,1876.4,1876.4,ruegls1
KEN_011_20211228_032418.flac,1879.9,1879.9,ruegls1
KEN_011_20211228_032418.flac,1880.8,1880.8,blnmou1
KEN_011_20211228_032418.flac,1882.0,1882.0,sccsun2
KEN_011_20211228_032418.flac,1908.1,1908.1,sccsun2
KEN_011_20211228_032418.flac,1913.3,1913.3,wbswea1
KEN_011_20211228_032418.flac,1921.1,1921.1,sccsun2
KEN_011_20211228_032418.flac,1926.1,1926.1,wbswea1
KEN_011_20211228_032418.flac,1936.4,1936.4,sccsun2
KEN_011_20211228_032418.flac,1949.1,1949.1,wbswea1
KEN_011_20211228_032418.flac,1969.1,1969.1,wbswea1
KEN_011_20211228_032418.flac,1979.1,1979.1,wbswea1
KEN_011_20211228_032418.flac,1992.0,1992.0,rindov
KEN_011_20211228_032418.flac,1993.0,1993.0,rindov
KEN_011_20211228_032418.flac,2002.7,2002.7,whbwea1
KEN_011_20211228_032418.flac,2022.0,2022.0,whbwea1
KEN_011_20211228_032418.flac,2028.7,2028.7,ruegls1
KEN_011_20211228_032418.flac,2030.9,2030.9,ruegls1
KEN_011_20211228_032418.flac,2046.2,2046.2,ruegls1
KEN_011_20211228_032418.flac,2056.6,2056.6,whbwea1
KEN_011_20211228_032418.flac,2057.9,2057.9,slcbou1
KEN_011_20211228_032418.flac,2063.9,2063.9,slcbou1
KEN_011_20211228_032418.flac,2072.3,2072.3,wbswea1
KEN_011_20211228_032418.flac,2090.9,2090.9,gabgos2
KEN_011_20211228_032418.flac,2096.0,2096.0,whbwea1
KEN_011_20211228_032418.flac,2098.0,2098.0,marsun2
KEN_011_20211228_032418.flac,2112.4,2112.4,marsun2
KEN_011_20211228_032418.flac,2117.9,2117.9,gabgos2
KEN_011_20211228_032418.flac,2126.2,2126.2,marsun2
KEN_011_20211228_032418.flac,2134.7,2134.7,reccor
KEN_011_20211228_032418.flac,2146.2,2146.2,marsun2
KEN_011_20211228_032418.flac,2154.6,2154.6,whbwea1
KEN_011_20211228_032418.flac,2162.5,2162.5,sccsun2
KEN_011_20211228_032418.flac,2167.0,2167.0,sccsun2
KEN_011_20211228_032418.flac,2184.1,2184.1,sccsun2
KEN_011_20211228_032418.flac,2188.0,2188.0,whbwea1
KEN_011_20211228_032418.flac,2195.8,2195.8,reccor
KEN_011_20211228_032418.flac,2198.0,2198.0,whbwea1
KEN_011_20211228_032418.flac,2201.5,2201.5,reccor
KEN_011_20211228_032418.flac,2212.9,2212.9,reccor
KEN_011_20211228_032418.flac,2217.0,2217.0,reccor
KEN_011_20211228_032418.flac,2220.2,2220.2,reccor
KEN_011_20211228_032418.flac,2222.8,2222.8,sccsun2
KEN_011_20211228_032418.flac,2225.1,2225.1,reccor
KEN_011_20211228_032418.flac,2236.3,2236.3,reccor
KEN_011_20211228_032418.flac,2267.7,2267.7,ruegls1
KEN_011_20211228_032418.flac,2280.1,2280.1,carwoo1
KEN_011_20211228_032418.flac,2280.6,2280.6,ruegls1
KEN_011_20211228_032418.flac,2281.7,2281.7,carwoo1
KEN_011_20211228_032418.flac,2304.9,2304.9,slcbou1
KEN_011_20211228_032418.flac,2308.8,2308.8,rufcha2
KEN_011_20211228_032418.flac,2310.4,2310.4,marsun2
KEN_011_20211228_032418.flac,2312.4,2312.4,slcbou1
KEN_011_20211228_032418.flac,2313.1,2313.1,reccor
KEN_011_20211228_032418.flac,2314.3,2314.3,rufcha2
KEN_011_20211228_032418.flac,2324.2,2324.2,rufcha2
KEN_011_20211228_032418.flac,2331.4,2331.4,rufcha2
KEN_011_20211228_032418.flac,2336.1,2336.1,reccor
KEN_011_20211228_032418.flac,2337.3,2337.3,rufcha2
KEN_011_20211228_032418.flac,2345.6,2345.6,rufcha2
KEN_011_20211228_032418.flac,2351.6,2351.6,rufcha2
KEN_011_20211228_032418.flac,2353.2,2353.2,ruegls1
KEN_011_20211228_032418.flac,2355.0,2355.0,rufcha2
KEN_011_20211228_032418.flac,2363.2,2363.2,rufcha2
KEN_011_20211228_032418.flac,2404.2,2404.2,sccsun2
KEN_011_20211228_032418.flac,2412.5,2412.5,wbswea1
KEN_011_20211228_032418.flac,2435.9,2435.9,whbwea1
KEN_011_20211228_032418.flac,2440.8,2440.8,wbswea1
KEN_011_20211228_032418.flac,2454.0,2454.0,ruegls1
KEN_011_20211228_032418.flac,2461.8,2461.8,wbswea1
KEN_011_20211228_032418.flac,2467.3,2467.3,whbwea1
KEN_011_20211228_032418.flac,2470.9,2470.9,whbwea1
KEN_011_20211228_032418.flac,2473.8,2473.8,whbwea1
KEN_011_20211228_032418.flac,2488.0,2488.0,wbswea1
KEN_011_20211228_032418.flac,2492.3,2492.3,whbwea1
KEN_011_20211228_032418.flac,2499.5,2499.6,reccor
KEN_011_20211228_032418.flac,2508.8,2508.8,wbswea1
KEN_011_20211228_032418.flac,2516.0,2516.0,wbswea1
KEN_011_20211228_032418.flac,2518.2,2518.2,whbwea1
KEN_011_20211228_032418.flac,2541.4,2541.4,whbwea1
KEN_011_20211228_032418.flac,2544.8,2544.8,wbswea1
KEN_011_20211228_032418.flac,2555.3,2555.3,wbswea1
KEN_011_20211228_032418.flac,2569.9,2569.9,reccor
KEN_011_20211228_032418.flac,2571.1,2571.1,blnmou1
KEN_011_20211228_032418.flac,2574.7,2574.7,wbswea1
KEN_011_20211228_032418.flac,2583.1,2583.1,supsta1
KEN_011_20211228_032418.flac,2594.1,2594.1,supsta1
KEN_011_20211228_032418.flac,2597.8,2597.8,wbswea1
KEN_011_20211228_032418.flac,2600.9,2600.9,wbswea1
KEN_011_20211228_032418.flac,2614.5,2614.5,reccor
KEN_011_20211228_032418.flac,2617.6,2617.6,reccor
KEN_011_20211228_032418.flac,2628.5,2628.5,wbswea1
KEN_011_20211228_032418.flac,2630.3,2630.3,reccor
KEN_011_20211228_032418.flac,2643.6,2643.6,marsun2
KEN_011_20211228_032418.flac,2657.2,2657.2,supsta1
KEN_011_20211228_032418.flac,2670.8,2670.8,supsta1
KEN_011_20211228_032418.flac,2674.0,2674.0,reccor
KEN_011_20211228_032418.flac,2680.0,2680.0,reccor
KEN_011_20211228_032418.flac,2682.6,2682.6,reccor
KEN_011_20211228_032418.flac,2689.7,2689.7,supsta1
KEN_011_20211228_032418.flac,2698.1,2698.1,reccor
KEN_011_20211228_032418.flac,2701.1,2701.1,supsta1
KEN_011_20211228_032418.flac,2709.0,2709.0,supsta1
KEN_011_20211228_032418.flac,2710.3,2710.3,reccor
KEN_011_20211228_032418.flac,2712.5,2712.5,reccor
KEN_011_20211228_032418.flac,2718.6,2718.6,supsta1
KEN_011_20211228_032418.flac,2726.6,2726.6,reccor
KEN_011_20211228_032418.flac,2730.6,2730.6,supsta1
KEN_011_20211228_032418.flac,2732.7,2732.7,reccor
KEN_011_20211228_032418.flac,2738.5,2738.5,reccor
KEN_011_20211228_032418.flac,2741.7,2741.7,wbswea1
KEN_011_20211228_032418.flac,2743.7,2743.7,reccor
KEN_011_20211228_032418.flac,2749.5,2749.5,wbswea1
KEN_011_20211228_032418.flac,2752.9,2752.9,reccor
KEN_011_20211228_032418.flac,2755.4,2755.4,supsta1
KEN_011_20211228_032418.flac,2757.6,2757.6,reccor
KEN_011_20211228_032418.flac,2759.9,2759.9,reccor
KEN_011_20211228_032418.flac,2761.1,2761.1,supsta1
KEN_011_20211228_032418.flac,2764.7,2764.7,reccor
KEN_011_20211228_032418.flac,2770.0,2770.0,wbswea1
KEN_011_20211228_032418.flac,2771.3,2771.3,reccor
KEN_011_20211228_032418.flac,2774.5,2774.5,reccor
KEN_011_20211228_032418.flac,2777.9,2777.9,reccor
KEN_011_20211228_032418.flac,2780.6,2780.6,supsta1
KEN_011_20211228_032418.flac,2784.0,2784.0,reccor
KEN_011_20211228_032418.flac,2785.1,2785.1,supsta1
KEN_011_20211228_032418.flac,2786.0,2786.0,reccor
KEN_011_20211228_032418.flac,2788.9,2788.9,reccor
KEN_011_20211228_032418.flac,2792.9,2792.9,reccor
KEN_011_20211228_032418.flac,2794.6,2794.6,supsta1
KEN_011_20211228_032418.flac,2798.6,2798.6,refbar2
KEN_011_20211228_032418.flac,2800.5,2800.5,refbar2
KEN_011_20211228_032418.flac,2801.6,2801.6,reccor
KEN_011_20211228_032418.flac,2802.9,2802.9,refbar2
KEN_011_20211228_032418.flac,2804.4,2804.4,reccor
KEN_011_20211228_032418.flac,2805.7,2805.7,refbar2
KEN_011_20211228_032418.flac,2809.1,2809.1,reccor
KEN_011_20211228_032418.flac,2811.9,2811.9,supsta1
KEN_011_20211228_032418.flac,2818.2,2818.2,supsta1
KEN_011_20211228_032418.flac,2822.8,2822.8,reccor
KEN_011_20211228_032418.flac,2828.7,2828.7,reccor
KEN_011_20211228_032418.flac,2832.5,2832.5,reccor
KEN_011_20211228_032418.flac,2840.5,2840.5,reccor
KEN_011_20211228_032418.flac,2846.0,2846.0,reccor
KEN_011_20211228_032418.flac,2849.4,2849.4,rufcha2
KEN_011_20211228_032418.flac,2849.9,2849.9,reccor
KEN_011_20211228_032418.flac,2855.7,2855.7,rufcha2
KEN_011_20211228_032418.flac,2857.9,2857.9,rufcha2
KEN_011_20211228_032418.flac,2874.7,2874.7,reccor
KEN_011_20211228_032418.flac,2889.4,2889.4,whbwea1
KEN_011_20211228_032418.flac,2911.5,2911.5,refbar2
KEN_011_20211228_032418.flac,2914.6,2914.6,crefra2
KEN_011_20211228_032418.flac,2918.4,2918.4,reccor
KEN_011_20211228_032418.flac,2921.6,2921.6,crefra2
KEN_011_20211228_032418.flac,2925.9,2925.9,reccor
KEN_011_20211228_032418.flac,2929.3,2929.3,reccor
KEN_011_20211228_032418.flac,2933.7,2933.7,reccor
KEN_011_20211228_032418.flac,2949.1,2949.1,whbcou1
KEN_011_20211228_032418.flac,2985.5,2985.5,marsun2
KEN_011_20211228_032418.flac,2991.5,2991.5,sccsun2
KEN_011_20211228_032418.flac,2996.0,2996.0,supsta1
KEN_011_20211228_032418.flac,3005.0,3005.0,supsta1
KEN_011_20211228_032418.flac,3007.4,3007.4,supsta1
KEN_011_20211228_032418.flac,3020.6,3020.6,supsta1
KEN_011_20211228_032418.flac,3022.7,3022.7,gnbcam2
KEN_011_20211228_032418.flac,3052.6,3052.6,supsta1
KEN_011_20211228_032418.flac,3059.2,3059.2,supsta1
KEN_011_20211228_032418.flac,3063.1,3063.1,gabgos2
KEN_011_20211228_032418.flac,3073.5,3073.5,supsta1
KEN_011_20211228_032418.flac,3078.1,3078.1,supsta1
KEN_011_20211228_032418.flac,3081.8,3081.8,reccor
KEN_011_20211228_032418.flac,3092.8,3092.8,supsta1
KEN_011_20211228_032418.flac,3095.9,3095.9,supsta1
KEN_011_20211228_032418.flac,3099.5,3099.5,gabgos2
KEN_011_20211228_032418.flac,3102.1,3102.1,reccor
KEN_011_20211228_032418.flac,3114.7,3114.7,reccor
KEN_011_20211228_032418.flac,3119.1,3119.1,reccor
KEN_011_20211228_032418.flac,3123.5,3123.5,reccor
KEN_011_20211228_032418.flac,3132.5,3132.5,reccor
KEN_011_20211228_032418.flac,3164.3,3164.3,ratcis1
KEN_011_20211228_032418.flac,3174.9,3174.9,gabgos2
KEN_011_20211228_032418.flac,3238.2,3238.2,crefra2
KEN_011_20211228_032418.flac,3274.5,3274.5,wbswea1
KEN_011_20211228_032418.flac,3279.9,3279.9,wbswea1
KEN_011_20211228_032418.flac,3288.5,3288.5,ratcis1
KEN_011_20211228_032418.flac,3307.4,3307.4,marsun2
KEN_011_20211228_032418.flac,3310.4,3310.4,marsun2
KEN_011_20211228_032418.flac,3314.3,3314.3,marsun2
KEN_011_20211228_032418.flac,3317.5,3317.5,marsun2
KEN_011_20211228_032418.flac,3330.2,3330.2,gnbcam2
KEN_011_20211228_032418.flac,3341.1,3341.1,whbwea1
KEN_011_20211228_032418.flac,3349.8,3349.8,marsun2
KEN_011_20211228_032418.flac,3354.2,3354.2,whbwea1
KEN_011_20211228_032418.flac,3363.8,3363.8,whbwea1
KEN_011_20211228_032418.flac,3368.7,3368.7,whbwea1
KEN_011_20211228_032418.flac,3373.9,3373.9,gnbcam2
KEN_011_20211228_032418.flac,3384.4,3384.4,gnbcam2
KEN_011_20211228_032418.flac,3389.1,3389.1,crefra2
KEN_011_20211228_032418.flac,3403.0,3403.0,slcbou1
KEN_011_20211228_032418.flac,3406.2,3406.2,marsun2
KEN_011_20211228_032418.flac,3428.6,3428.6,supsta1
KEN_011_20211228_032418.flac,3432.8,3432.8,gnbcam2
KEN_011_20211228_032418.flac,3441.3,3441.3,refbar2
KEN_011_20211228_032418.flac,3443.7,3443.7,refbar2
KEN_011_20211228_032418.flac,3466.3,3466.3,crefra2
KEN_011_20211228_032418.flac,3470.5,3470.5,marsun2
KEN_011_20211228_032418.flac,3476.7,3476.7,slcbou1
KEN_011_20211228_032418.flac,3484.3,3484.3,rufcha2
KEN_011_20211228_032418.flac,3490.2,3490.2,marsun2
KEN_011_20211228_032418.flac,3501.5,3501.5,rufcha2
KEN_011_20211228_032418.flac,3514.7,3514.7,fislov1
KEN_011_20211228_032418.flac,3520.1,3520.1,rufcha2
KEN_011_20211228_032418.flac,3523.7,3523.7,fislov1
KEN_011_20211228_032418.flac,3527.8,3527.8,fislov1
KEN_011_20211228_032418.flac,3528.7,3528.7,rufcha2
KEN_011_20211228_032418.flac,3540.0,3540.0,fislov1
KEN_011_20211228_032418.flac,3543.2,3543.2,rufcha2
KEN_011_20211228_032418.flac,3558.8,3558.8,supsta1
KEN_011_20211228_032418.flac,3573.6,3573.6,gnbcam2
KEN_012_20211228_043521.flac,4.1,4.1,fislov1
KEN_012_20211228_043521.flac,26.7,26.7,whbcou1
KEN_012_20211228_043521.flac,41.5,41.5,ratcis1
KEN_012_20211228_043521.flac,44.5,44.5,reccor
KEN_012_20211228_043521.flac,57.8,57.8,sccsun2
KEN_012_20211228_043521.flac,58.9,58.9,ratcis1
KEN_012_20211228_043521.flac,62.4,62.4,sccsun2
KEN_012_20211228_043521.flac,74.9,74.9,refbar2
KEN_012_20211228_043521.flac,85.8,85.8,marsun2
KEN_012_20211228_043521.flac,109.9,109.9,gnbcam2
KEN_012_20211228_043521.flac,127.0,127.0,gnbcam2
KEN_012_20211228_043521.flac,128.6,128.6,sccsun2
KEN_012_20211228_043521.flac,134.9,134.9,sccsun2
KEN_012_20211228_043521.flac,142.7,142.7,sccsun2
KEN_012_20211228_043521.flac,185.5,185.5,reccor
KEN_012_20211228_043521.flac,191.9,191.9,reccor
KEN_012_20211228_043521.flac,196.9,196.9,reccor
KEN_012_20211228_043521.flac,199.7,199.7,slcbou1
KEN_012_20211228_043521.flac,208.2,208.2,reccor
KEN_012_20211228_043521.flac,208.8,208.8,wbswea1
KEN_012_20211228_043521.flac,211.0,211.0,tafpri1
KEN_012_20211228_043521.flac,219.7,219.7,reccor
KEN_012_20211228_043521.flac,224.1,224.1,wbrcha2
KEN_012_20211228_043521.flac,228.8,228.8,wbswea1
KEN_012_20211228_043521.flac,233.0,233.0,wbrcha2
KEN_012_20211228_043521.flac,240.1,240.1,reccor
KEN_012_20211228_043521.flac,241.2,241.2,gabgos2
KEN_012_20211228_043521.flac,250.2,250.2,sccsun2
KEN_012_20211228_043521.flac,250.6,250.6,reccor
KEN_012_20211228_043521.flac,261.3,261.3,afghor1
KEN_012_20211228_043521.flac,266.4,266.4,gabgos2
KEN_012_20211228_043521.flac,273.7,273.7,afghor1
KEN_012_20211228_043521.flac,282.0,282.0,reccor
KEN_012_20211228_043521.flac,292.4,292.4,afghor1
KEN_012_20211228_043521.flac,293.7,293.7,reccor
KEN_012_20211228_043521.flac,299.5,299.5,lesmaw1
KEN_012_20211228_043521.flac,300.5,300.5,afghor1
KEN_012_20211228_043521.flac,305.5,305.5,reccor
KEN_012_20211228_043521.flac,309.2,309.2,reccor
KEN_012_20211228_043521.flac,314.4,314.4,afghor1
KEN_012_20211228_043521.flac,317.9,317.9,reccor
KEN_012_20211228_043521.flac,325.1,325.1,reccor
KEN_012_20211228_043521.flac,331.4,331.4,reccor
KEN_012_20211228_043521.flac,342.0,342.0,reccor
KEN_012_20211228_043521.flac,349.2,349.2,reccor
KEN_012_20211228_043521.flac,359.0,359.0,reccor
KEN_012_20211228_043521.flac,365.7,365.7,ratcis1
KEN_012_20211228_043521.flac,366.8,366.8,reccor
KEN_012_20211228_043521.flac,376.7,376.7,reccor
KEN_012_20211228_043521.flac,389.7,389.7,reccor
KEN_012_20211228_043521.flac,395.5,395.5,reccor
KEN_012_20211228_043521.flac,407.2,407.2,reccor
KEN_012_20211228_043521.flac,410.3,410.3,sccsun2
KEN_012_20211228_043521.flac,416.8,416.8,reccor
KEN_012_20211228_043521.flac,425.9,425.9,reccor
KEN_012_20211228_043521.flac,433.0,433.0,reccor
KEN_012_20211228_043521.flac,444.3,444.3,reccor
KEN_012_20211228_043521.flac,450.6,450.6,crefra2
KEN_012_20211228_043521.flac,453.4,453.4,wbswea1
KEN_012_20211228_043521.flac,460.2,460.2,sccsun2
KEN_012_20211228_043521.flac,468.5,468.5,sccsun2
KEN_012_20211228_043521.flac,472.8,472.8,rebfir2
KEN_012_20211228_043521.flac,474.8,474.8,wbswea1
KEN_012_20211228_043521.flac,478.3,478.3,rebfir2
KEN_012_20211228_043521.flac,487.1,487.1,sccsun2
KEN_012_20211228_043521.flac,497.9,497.9,reccor
KEN_012_20211228_043521.flac,501.7,501.7,wbgbir1
KEN_012_20211228_043521.flac,507.3,507.3,reccor
KEN_012_20211228_043521.flac,514.4,514.4,reccor
KEN_012_20211228_043521.flac,561.4,561.4,rebfir2
KEN_012_20211228_043521.flac,569.1,569.1,reccor
KEN_012_20211228_043521.flac,585.4,585.4,reccor
KEN_012_20211228_043521.flac,597.7,597.7,reccor
KEN_012_20211228_043521.flac,607.0,607.0,reccor
KEN_012_20211228_043521.flac,611.0,611.0,wbswea1
KEN_012_20211228_043521.flac,614.4,614.4,reccor
KEN_012_20211228_043521.flac,621.7,621.7,reccor
KEN_012_20211228_043521.flac,643.0,643.0,sccsun2
KEN_012_20211228_043521.flac,646.6,646.6,reccor
KEN_012_20211228_043521.flac,652.5,652.5,sccsun2
KEN_012_20211228_043521.flac,658.8,658.8,sccsun2
KEN_012_20211228_043521.flac,665.3,665.3,refbar2
KEN_012_20211228_043521.flac,674.6,674.6,wbswea1
KEN_012_20211228_043521.flac,677.9,677.9,sccsun2
KEN_012_20211228_043521.flac,682.1,682.1,rebfir2
KEN_012_20211228_043521.flac,686.7,686.7,wbswea1
KEN_012_20211228_043521.flac,695.5,695.5,reccor
KEN_012_20211228_043521.flac,702.9,702.9,reccor
KEN_012_20211228_043521.flac,706.9,706.9,rebfir2
KEN_012_20211228_043521.flac,712.8,712.8,sccsun2
KEN_012_20211228_043521.flac,719.7,719.7,reccor
KEN_012_20211228_043521.flac,722.4,722.4,rebfir2
KEN_012_20211228_043521.flac,740.2,740.2,sccsun2
KEN_012_20211228_043521.flac,741.8,741.8,reccor
KEN_012_20211228_043521.flac,747.2,747.2,sccsun2
KEN_012_20211228_043521.flac,750.6,750.6,wfbeat1
KEN_012_20211228_043521.flac,752.8,752.8,sccsun2
KEN_012_20211228_043521.flac,753.1,753.1,wfbeat1
KEN_012_20211228_043521.flac,754.7,754.7,reccor
KEN_012_20211228_043521.flac,758.2,758.2,sccsun2
KEN_012_20211228_043521.flac,768.5,768.5,sccsun2
KEN_012_20211228_043521.flac,774.9,774.9,supsta1
KEN_012_20211228_043521.flac,778.1,778.1,sccsun2
KEN_012_20211228_043521.flac,786.5,786.5,supsta1
KEN_012_20211228_043521.flac,787.8,787.8,reccor
KEN_012_20211228_043521.flac,796.2,796.2,marsun2
KEN_012_20211228_043521.flac,803.1,803.1,reccor
KEN_012_20211228_043521.flac,807.8,807.8,reccor
KEN_012_20211228_043521.flac,811.1,811.1,gabgos2
KEN_012_20211228_043521.flac,815.7,815.7,gabgos2
KEN_012_20211228_043521.flac,819.4,819.4,reccor
KEN_012_20211228_043521.flac,844.3,844.3,sccsun2
KEN_012_20211228_043521.flac,844.8,844.8,supsta1
KEN_012_20211228_043521.flac,847.2,847.2,reccor
KEN_012_20211228_043521.flac,865.7,865.7,wbswea1
KEN_012_20211228_043521.flac,868.4,868.4,sccsun2
KEN_012_20211228_043521.flac,870.7,870.7,gabgos2
KEN_012_20211228_043521.flac,876.8,876.8,wbswea1
KEN_012_20211228_043521.flac,877.9,877.9,supsta1
KEN_012_20211228_043521.flac,880.4,880.4,reccor
KEN_012_20211228_043521.flac,885.0,885.0,sccsun2
KEN_012_20211228_043521.flac,918.5,918.5,reccor
KEN_012_20211228_043521.flac,937.9,937.9,reccor
KEN_012_20211228_043521.flac,946.9,946.9,sccsun2
KEN_012_20211228_043521.flac,952.5,952.5,reccor
KEN_012_20211228_043521.flac,956.7,956.7,sccsun2
KEN_012_20211228_043521.flac,963.9,963.9,reccor
KEN_012_20211228_043521.flac,974.3,974.3,tafpri1
KEN_012_20211228_043521.flac,976.8,976.8,reccor
KEN_012_20211228_043521.flac,981.3,981.3,tafpri1
KEN_012_20211228_043521.flac,985.2,985.2,tafpri1
KEN_012_20211228_043521.flac,987.0,987.0,marsun2
KEN_012_20211228_043521.flac,994.1,994.1,reccor
KEN_012_20211228_043521.flac,998.4,998.4,reccor
KEN_012_20211228_043521.flac,1006.9,1006.9,reccor
KEN_012_20211228_043521.flac,1008.9,1008.9,combul2
KEN_012_20211228_043521.flac,1017.3,1017.3,reccor
KEN_012_20211228_043521.flac,1024.7,1024.7,reccor
KEN_012_20211228_043521.flac,1030.9,1030.9,reccor
KEN_012_20211228_043521.flac,1035.9,1035.9,reccor
KEN_012_20211228_043521.flac,1044.2,1044.2,reccor
KEN_012_20211228_043521.flac,1051.8,1051.8,reccor
KEN_012_20211228_043521.flac,1063.0,1063.0,reccor
KEN_012_20211228_043521.flac,1067.9,1067.9,sccsun2
KEN_012_20211228_043521.flac,1075.0,1075.0,sccsun2
KEN_012_20211228_043521.flac,1085.0,1085.0,sccsun2
KEN_012_20211228_043521.flac,1095.8,1095.8,sccsun2
KEN_012_20211228_043521.flac,1111.3,1111.3,sccsun2
KEN_012_20211228_043521.flac,1129.2,1129.2,gabgos2
KEN_012_20211228_043521.flac,1136.0,1136.0,sccsun2
KEN_012_20211228_043521.flac,1145.3,1145.3,sccsun2
KEN_012_20211228_043521.flac,1165.0,1165.0,wbswea1
KEN_012_20211228_043521.flac,1181.0,1181.0,wbgbir1
KEN_012_20211228_043521.flac,1186.2,1186.2,ratcis1
KEN_012_20211228_043521.flac,1192.7,1192.7,ratcis1
KEN_012_20211228_043521.flac,1204.6,1204.6,ratcis1
KEN_012_20211228_043521.flac,1209.8,1209.8,ratcis1
KEN_012_20211228_043521.flac,1239.2,1239.2,sccsun2
KEN_012_20211228_043521.flac,1242.9,1242.9,reccor
KEN_012_20211228_043521.flac,1247.4,1247.4,gnbcam2
KEN_012_20211228_043521.flac,1250.3,1250.3,reccor
KEN_012_20211228_043521.flac,1255.4,1255.4,reccor
KEN_012_20211228_043521.flac,1261.8,1261.8,reccor
KEN_012_20211228_043521.flac,1263.1,1263.1,tafpri1
KEN_012_20211228_043521.flac,1271.8,1271.8,reccor
KEN_012_20211228_043521.flac,1272.8,1272.8,sccsun2
KEN_012_20211228_043521.flac,1280.2,1280.2,chewea1
KEN_012_20211228_043521.flac,1291.8,1291.8,supsta1
KEN_012_20211228_043521.flac,1294.2,1294.2,reccor
KEN_012_20211228_043521.flac,1302.1,1302.1,reccor
KEN_012_20211228_043521.flac,1305.3,1305.3,tafpri1
KEN_012_20211228_043521.flac,1310.7,1310.7,gabgos2
KEN_012_20211228_043521.flac,1319.4,1319.4,wbgbir1
KEN_012_20211228_043521.flac,1330.7,1330.7,reccor
KEN_012_20211228_043521.flac,1331.1,1331.1,gnbcam2
KEN_012_20211228_043521.flac,1334.0,1334.0,reccor
KEN_012_20211228_043521.flac,1339.5,1339.5,meypar1
KEN_012_20211228_043521.flac,1340.1,1340.1,ratcis1
KEN_012_20211228_043521.flac,1348.4,1348.4,slcbou1
KEN_012_20211228_043521.flac,1351.9,1351.9,meypar1
KEN_012_20211228_043521.flac,1356.8,1356.8,wbswea1
KEN_012_20211228_043521.flac,1364.9,1364.9,marsun2
KEN_012_20211228_043521.flac,1366.7,1366.7,meypar1
KEN_012_20211228_043521.flac,1372.9,1372.9,meypar1
KEN_012_20211228_043521.flac,1375.2,1375.2,gnbcam2
KEN_012_20211228_043521.flac,1382.1,1382.1,meypar1
KEN_012_20211228_043521.flac,1392.1,1392.1,meypar1
KEN_012_20211228_043521.flac,1401.9,1401.9,sccsun2
KEN_012_20211228_043521.flac,1402.4,1402.4,reccor
KEN_012_20211228_043521.flac,1408.8,1408.8,reccor
KEN_012_20211228_043521.flac,1420.0,1420.0,supsta1
KEN_012_20211228_043521.flac,1445.0,1445.0,chewea1
KEN_012_20211228_043521.flac,1457.3,1457.3,gabgos2
KEN_012_20211228_043521.flac,1472.9,1472.9,chewea1
KEN_012_20211228_043521.flac,1488.7,1488.7,gabgos2
KEN_012_20211228_043521.flac,1498.5,1498.5,marsun2
KEN_012_20211228_043521.flac,1524.1,1524.1,meypar1
KEN_012_20211228_043521.flac,1528.4,1528.4,reccor
KEN_012_20211228_043521.flac,1568.2,1568.2,gnbcam2
KEN_012_20211228_043521.flac,1576.3,1576.3,gnbcam2
KEN_012_20211228_043521.flac,1581.2,1581.2,ratcis1
KEN_012_20211228_043521.flac,1589.4,1589.4,gnbcam2
KEN_012_20211228_043521.flac,1603.6,1603.6,gnbcam2
KEN_012_20211228_043521.flac,1604.3,1604.3,ratcis1
KEN_012_20211228_043521.flac,1618.8,1618.8,tafpri1
KEN_012_20211228_043521.flac,1624.2,1624.2,rebfir2
KEN_012_20211228_043521.flac,1629.0,1629.0,reccor
KEN_012_20211228_043521.flac,1634.2,1634.2,afgfly1
KEN_012_20211228_043521.flac,1641.1,1641.1,reccor
KEN_012_20211228_043521.flac,1659.5,1659.5,reccor
KEN_012_20211228_043521.flac,1696.2,1696.2,reccor
KEN_012_20211228_043521.flac,1698.2,1698.2,rebfir2
KEN_012_20211228_043521.flac,1709.4,1709.4,sccsun2
KEN_012_20211228_043521.flac,1720.0,1720.0,supsta1
KEN_012_20211228_043521.flac,1725.5,1725.5,rebfir2
KEN_012_20211228_043521.flac,1731.6,1731.6,reccor
KEN_012_20211228_043521.flac,1741.0,1741.0,reccor
KEN_012_20211228_043521.flac,1747.5,1747.5,reccor
KEN_012_20211228_043521.flac,1757.1,1757.1,reccor
KEN_012_20211228_043521.flac,1780.2,1780.2,reccor
KEN_012_20211228_043521.flac,1787.8,1787.8,reccor
KEN_012_20211228_043521.flac,1789.7,1789.7,gnbcam2
KEN_012_20211228_043521.flac,1797.8,1797.8,gnbcam2
KEN_012_20211228_043521.flac,1802.1,1802.1,reccor
KEN_012_20211228_043521.flac,1804.3,1804.3,reccor
KEN_012_20211228_043521.flac,1812.8,1812.8,gnbcam2
KEN_012_20211228_043521.flac,1817.1,1817.1,gnbcam2
KEN_012_20211228_043521.flac,1819.5,1819.5,wbswea1
KEN_012_20211228_043521.flac,1830.3,1830.3,marsun2
KEN_012_20211228_043521.flac,1841.6,1841.6,wbswea1
KEN_012_20211228_043521.flac,1848.2,1848.2,gabgos2
KEN_012_20211228_043521.flac,1859.0,1859.0,reccor
KEN_012_20211228_043521.flac,1860.8,1860.8,gabgos2
KEN_012_20211228_043521.flac,1869.4,1869.4,rebfir2
KEN_012_20211228_043521.flac,1879.6,1879.6,sccsun2
KEN_012_20211228_043521.flac,1880.4,1880.4,rebfir2
KEN_012_20211228_043521.flac,1890.0,1890.0,slcbou1
KEN_012_20211228_043521.flac,1894.2,1894.2,sccsun2
KEN_012_20211228_043521.flac,1901.8,1901.8,wbswea1
KEN_012_20211228_043521.flac,1904.4,1904.4,supsta1
KEN_012_20211228_043521.flac,1916.8,1916.8,sccsun2
KEN_012_20211228_043521.flac,1927.8,1927.8,gabgos2
KEN_012_20211228_043521.flac,1929.8,1929.8,gabgos2
KEN_012_20211228_043521.flac,1932.2,1932.2,gabgos2
KEN_012_20211228_043521.flac,1942.5,1942.5,reccor
KEN_012_20211228_043521.flac,2001.8,2001.8,marsun2
KEN_012_20211228_043521.flac,2014.6,2014.6,rindov
KEN_012_20211228_043521.flac,2043.9,2043.9,rebfir2
KEN_012_20211228_043521.flac,2050.9,2050.9,rebfir2
KEN_012_20211228_043521.flac,2059.5,2059.5,rebfir2
KEN_012_20211228_043521.flac,2064.5,2064.5,rebfir2
KEN_012_20211228_043521.flac,2072.2,2072.2,rebfir2
KEN_012_20211228_043521.flac,2076.1,2076.1,rebfir2
KEN_012_20211228_043521.flac,2081.5,2081.5,rebfir2
KEN_012_20211228_043521.flac,2087.8,2087.8,rebfir2
KEN_012_20211228_043521.flac,2094.1,2094.1,rebfir2
KEN_012_20211228_043521.flac,2098.8,2098.8,rebfir2
KEN_012_20211228_043521.flac,2106.2,2106.2,rebfir2
KEN_012_20211228_043521.flac,2111.8,2111.8,rebfir2
KEN_012_20211228_043521.flac,2117.7,2117.7,rebfir2
KEN_012_20211228_043521.flac,2126.2,2126.2,rebfir2
KEN_012_20211228_043521.flac,2138.2,2138.2,tafpri1
KEN_012_20211228_043521.flac,2149.0,2149.0,rebfir2
KEN_012_20211228_043521.flac,2154.6,2154.6,rebfir2
KEN_012_20211228_043521.flac,2160.2,2160.2,rebfir2
KEN_012_20211228_043521.flac,2166.3,2166.3,rebfir2
KEN_012_20211228_043521.flac,2171.7,2171.7,rebfir2
KEN_012_20211228_043521.flac,2177.5,2177.5,rebfir2
KEN_012_20211228_043521.flac,2183.6,2183.6,rebfir2
KEN_012_20211228_043521.flac,2189.2,2189.2,rebfir2
KEN_012_20211228_043521.flac,2196.9,2196.9,rebfir2
KEN_012_20211228_043521.flac,2202.1,2202.1,rebfir2
KEN_012_20211228_043521.flac,2207.1,2207.1,rebfir2
KEN_012_20211228_043521.flac,2215.2,2215.2,rebfir2
KEN_012_20211228_043521.flac,2227.0,2227.0,marsun2
KEN_012_20211228_043521.flac,2232.7,2232.7,rebfir2
KEN_012_20211228_043521.flac,2240.2,2240.2,rebfir2
KEN_012_20211228_043521.flac,2252.9,2252.9,reccor
KEN_012_20211228_043521.flac,2253.4,2253.4,rebfir2
KEN_012_20211228_043521.flac,2257.7,2257.7,rebfir2
KEN_012_20211228_043521.flac,2262.1,2262.1,sccsun2
KEN_012_20211228_043521.flac,2271.1,2271.1,rebfir2
KEN_012_20211228_043521.flac,2274.9,2274.9,supsta1
KEN_012_20211228_043521.flac,2279.8,2279.8,rebfir2
KEN_012_20211228_043521.flac,2286.0,2286.0,rebfir2
KEN_012_20211228_043521.flac,2290.3,2290.3,rebfir2
KEN_012_20211228_043521.flac,2297.0,2297.0,wbswea1
KEN_012_20211228_043521.flac,2299.0,2299.0,rebfir2
KEN_012_20211228_043521.flac,2303.8,2303.8,rebfir2
KEN_012_20211228_043521.flac,2304.1,2304.1,wbswea1
KEN_012_20211228_043521.flac,2312.1,2312.1,ratcis1
KEN_012_20211228_043521.flac,2313.2,2313.2,rindov
KEN_012_20211228_043521.flac,2315.5,2315.5,rindov
KEN_012_20211228_043521.flac,2321.3,2321.3,rebfir2
KEN_012_20211228_043521.flac,2323.6,2323.6,marsun2
KEN_012_20211228_043521.flac,2328.7,2328.7,rindov
KEN_012_20211228_043521.flac,2332.3,2332.3,rebfir2
KEN_012_20211228_043521.flac,2337.6,2337.6,reccor
KEN_012_20211228_043521.flac,2342.3,2342.3,reccor
KEN_012_20211228_043521.flac,2347.0,2347.0,rebfir2
KEN_012_20211228_043521.flac,2351.6,2351.6,rebfir2
KEN_012_20211228_043521.flac,2358.2,2358.2,rebfir2
KEN_012_20211228_043521.flac,2365.4,2365.4,reccor
KEN_012_20211228_043521.flac,2367.1,2367.1,rebfir2
KEN_012_20211228_043521.flac,2370.7,2370.7,supsta1
KEN_012_20211228_043521.flac,2376.5,2376.5,rebfir2
KEN_012_20211228_043521.flac,2378.8,2378.8,reccor
KEN_012_20211228_043521.flac,2383.7,2383.7,refbar2
KEN_012_20211228_043521.flac,2388.8,2388.8,refbar2
KEN_012_20211228_043521.flac,2400.3,2400.3,rebfir2
KEN_012_20211228_043521.flac,2413.5,2413.5,rebfir2
KEN_012_20211228_043521.flac,2418.1,2418.1,reccor
KEN_012_20211228_043521.flac,2419.0,2419.0,hadibi1
KEN_012_20211228_043521.flac,2425.6,2425.6,rebfir2
KEN_012_20211228_043521.flac,2426.1,2426.1,reccor
KEN_012_20211228_043521.flac,2433.1,2433.1,hadibi1
KEN_012_20211228_043521.flac,2433.6,2433.6,reccor
KEN_012_20211228_043521.flac,2435.7,2435.7,rebfir2
KEN_012_20211228_043521.flac,2436.0,2436.0,reccor
KEN_012_20211228_043521.flac,2442.5,2442.5,reccor
KEN_012_20211228_043521.flac,2446.9,2446.9,reccor
KEN_012_20211228_043521.flac,2458.2,2458.2,rebfir2
KEN_012_20211228_043521.flac,2465.1,2465.1,purgre2
KEN_012_20211228_043521.flac,2468.1,2468.1,rebfir2
KEN_012_20211228_043521.flac,2474.0,2474.0,rebfir2
KEN_012_20211228_043521.flac,2480.4,2480.4,reccor
KEN_012_20211228_043521.flac,2482.4,2482.4,rebfir2
KEN_012_20211228_043521.flac,2486.8,2486.8,reccor
KEN_012_20211228_043521.flac,2489.8,2489.8,rebfir2
KEN_012_20211228_043521.flac,2498.9,2498.9,reccor
KEN_012_20211228_043521.flac,2500.4,2500.4,rebfir2
KEN_012_20211228_043521.flac,2502.9,2502.9,reccor
KEN_012_20211228_043521.flac,2506.8,2506.8,reccor
KEN_012_20211228_043521.flac,2514.6,2514.6,wbswea1
KEN_012_20211228_043521.flac,2521.2,2521.2,reccor
KEN_012_20211228_043521.flac,2527.1,2527.1,refcro1
KEN_012_20211228_043521.flac,2540.6,2540.6,gabgos2
KEN_012_20211228_043521.flac,2542.6,2542.6,refcro1
KEN_012_20211228_043521.flac,2545.4,2545.4,reccor
KEN_012_20211228_043521.flac,2553.0,2553.0,reccor
KEN_012_20211228_043521.flac,2554.3,2554.3,fislov1
KEN_012_20211228_043521.flac,2556.9,2556.9,fislov1
KEN_012_20211228_043521.flac,2560.5,2560.5,reccor
KEN_012_20211228_043521.flac,2563.7,2563.7,reccor
KEN_012_20211228_043521.flac,2570.7,2570.7,reccor
KEN_012_20211228_043521.flac,2574.7,2574.7,supsta1
KEN_012_20211228_043521.flac,2579.2,2579.2,reccor
KEN_012_20211228_043521.flac,2583.8,2583.8,marsun2
KEN_012_20211228_043521.flac,2599.9,2599.9,chewea1
KEN_012_20211228_043521.flac,2613.5,2613.5,reccor
KEN_012_20211228_043521.flac,2617.5,2617.5,reccor
KEN_012_20211228_043521.flac,2626.4,2626.4,reccor
KEN_012_20211228_043521.flac,2631.5,2631.5,reccor
KEN_012_20211228_043521.flac,2638.9,2638.9,reccor
KEN_012_20211228_043521.flac,2646.1,2646.1,reccor
KEN_012_20211228_043521.flac,2648.3,2648.3,rebfir2
KEN_012_20211228_043521.flac,2658.5,2658.5,reccor
KEN_012_20211228_043521.flac,2661.2,2661.2,chewea1
KEN_012_20211228_043521.flac,2675.1,2675.1,reccor
KEN_012_20211228_043521.flac,2676.2,2676.2,chewea1
KEN_012_20211228_043521.flac,2676.9,2676.9,rebfir2
KEN_012_20211228_043521.flac,2688.9,2688.9,chewea1
KEN_012_20211228_043521.flac,2690.3,2690.3,reccor
KEN_012_20211228_043521.flac,2698.6,2698.6,reccor
KEN_012_20211228_043521.flac,2700.2,2700.2,chewea1
KEN_012_20211228_043521.flac,2713.5,2713.5,rebfir2
KEN_012_20211228_043521.flac,2718.9,2718.9,rebfir2
KEN_012_20211228_043521.flac,2728.7,2728.7,sccsun2
KEN_012_20211228_043521.flac,2736.4,2736.4,sccsun2
KEN_012_20211228_043521.flac,2741.8,2741.8,rebfir2
KEN_012_20211228_043521.flac,2749.0,2749.0,rebfir2
KEN_012_20211228_043521.flac,2756.2,2756.2,sccsun2
KEN_012_20211228_043521.flac,2764.9,2764.9,chewea1
KEN_012_20211228_043521.flac,2785.2,2785.2,chewea1
KEN_012_20211228_043521.flac,2799.5,2799.5,gnbcam2
KEN_012_20211228_043521.flac,2803.2,2803.2,chespa1
KEN_012_20211228_043521.flac,2831.5,2831.5,sccsun2
KEN_012_20211228_043521.flac,2858.8,2858.8,reccor
KEN_012_20211228_043521.flac,2862.3,2862.3,sccsun2
KEN_012_20211228_043521.flac,2865.6,2865.6,reccor
KEN_012_20211228_043521.flac,2888.0,2888.0,supsta1
KEN_012_20211228_043521.flac,2913.6,2913.6,sccsun2
KEN_012_20211228_043521.flac,2938.8,2938.8,reccor
KEN_012_20211228_043521.flac,2942.4,2942.4,sccsun2
KEN_012_20211228_043521.flac,2944.2,2944.2,combul2
KEN_012_20211228_043521.flac,2947.7,2947.7,wbgbir1
KEN_012_20211228_043521.flac,2953.1,2953.1,supsta1
KEN_012_20211228_043521.flac,2957.7,2957.7,marsun2
KEN_012_20211228_043521.flac,2966.4,2966.4,marsun2
KEN_012_20211228_043521.flac,2970.9,2970.9,sccsun2
KEN_012_20211228_043521.flac,2995.2,2995.2,sccsun2
KEN_012_20211228_043521.flac,3019.9,3019.9,marsun2
KEN_012_20211228_043521.flac,3024.7,3024.7,supsta1
KEN_012_20211228_043521.flac,3031.8,3031.8,sccsun2
KEN_012_20211228_043521.flac,3041.1,3041.1,supsta1
KEN_012_20211228_043521.flac,3045.0,3045.0,wbswea1
KEN_012_20211228_043521.flac,3057.1,3057.1,sccsun2
KEN_012_20211228_043521.flac,3089.2,3089.2,supsta1
KEN_012_20211228_043521.flac,3098.0,3098.0,sccsun2
KEN_012_20211228_043521.flac,3111.4,3111.4,wbswea1
KEN_012_20211228_043521.flac,3121.7,3121.7,wbswea1
KEN_012_20211228_043521.flac,3126.6,3126.6,sccsun2
KEN_012_20211228_043521.flac,3130.0,3130.0,wbswea1
KEN_012_20211228_043521.flac,3140.5,3140.5,marsun2
KEN_012_20211228_043521.flac,3148.5,3148.5,marsun2
KEN_012_20211228_043521.flac,3149.9,3149.9,supsta1
KEN_012_20211228_043521.flac,3156.4,3156.4,sccsun2
KEN_012_20211228_043521.flac,3160.6,3160.6,marsun2
KEN_012_20211228_043521.flac,3163.0,3163.0,slcbou1
KEN_012_20211228_043521.flac,3170.6,3170.6,wbswea1
KEN_012_20211228_043521.flac,3179.9,3179.9,marsun2
KEN_012_20211228_043521.flac,3184.0,3184.0,supsta1
KEN_012_20211228_043521.flac,3188.9,3188.9,wbswea1
KEN_012_20211228_043521.flac,3193.4,3193.4,supsta1
KEN_012_20211228_043521.flac,3203.5,3203.5,wbswea1
KEN_012_20211228_043521.flac,3234.8,3234.8,sccsun2
KEN_012_20211228_043521.flac,3236.9,3236.9,marsun2
KEN_012_20211228_043521.flac,3247.2,3247.2,sccsun2
KEN_012_20211228_043521.flac,3252.6,3252.6,supsta1
KEN_012_20211228_043521.flac,3260.6,3260.6,wbswea1
KEN_012_20211228_043521.flac,3268.3,3268.3,hadibi1
KEN_012_20211228_043521.flac,3275.5,3275.5,sccsun2
KEN_012_20211228_043521.flac,3298.8,3298.8,sccsun2
KEN_012_20211228_043521.flac,3299.5,3299.5,wbswea1
KEN_012_20211228_043521.flac,3315.4,3315.4,sccsun2
KEN_012_20211228_043521.flac,3320.3,3320.3,wbswea1
KEN_012_20211228_043521.flac,3326.6,3326.6,sccsun2
KEN_012_20211228_043521.flac,3336.1,3336.1,sccsun2
KEN_013_20211231_033846.flac,89.6,89.6,wbswea1
KEN_013_20211231_033846.flac,106.0,106.0,supsta1
KEN_013_20211231_033846.flac,112.5,112.5,supsta1
KEN_013_20211231_033846.flac,115.3,115.3,supsta1
KEN_013_20211231_033846.flac,118.8,118.8,crefra2
KEN_013_20211231_033846.flac,130.7,130.7,crefra2
KEN_013_20211231_033846.flac,134.3,134.3,supsta1
KEN_013_20211231_033846.flac,136.4,136.4,crefra2
KEN_013_20211231_033846.flac,146.2,146.2,crefra2
KEN_013_20211231_033846.flac,175.6,175.6,wbswea1
KEN_013_20211231_033846.flac,180.9,180.9,wbswea1
KEN_013_20211231_033846.flac,227.3,227.3,wbswea1
KEN_013_20211231_033846.flac,232.3,232.3,pabspa1
KEN_013_20211231_033846.flac,240.7,240.7,pabspa1
KEN_013_20211231_033846.flac,271.6,271.6,wbswea1
KEN_013_20211231_033846.flac,277.7,277.7,pabspa1
KEN_013_20211231_033846.flac,283.9,283.9,whbwea1
KEN_013_20211231_033846.flac,327.0,327.0,raybar1
KEN_013_20211231_033846.flac,339.5,339.5,raybar1
KEN_013_20211231_033846.flac,345.4,345.5,raybar1
KEN_013_20211231_033846.flac,359.7,359.7,supsta1
KEN_013_20211231_033846.flac,362.4,362.4,refwar2
KEN_013_20211231_033846.flac,369.1,369.1,supsta1
KEN_013_20211231_033846.flac,419.9,419.9,supsta1
KEN_013_20211231_033846.flac,431.1,431.1,supsta1
KEN_013_20211231_033846.flac,512.9,512.9,somtit4
KEN_013_20211231_033846.flac,519.9,519.9,somtit4
KEN_013_20211231_033846.flac,526.3,526.3,supsta1
KEN_013_20211231_033846.flac,545.5,545.5,wbswea1
KEN_013_20211231_033846.flac,591.5,591.5,supsta1
KEN_013_20211231_033846.flac,604.4,604.4,supsta1
KEN_013_20211231_033846.flac,636.7,636.7,nubwoo1
KEN_013_20211231_033846.flac,678.3,678.3,crefra2
KEN_013_20211231_033846.flac,681.7,681.7,spmthr1
KEN_013_20211231_033846.flac,685.8,685.8,spmthr1
KEN_013_20211231_033846.flac,697.8,697.8,spmthr1
KEN_013_20211231_033846.flac,699.2,699.2,refwar2
KEN_013_20211231_033846.flac,706.0,706.0,spmthr1
KEN_013_20211231_033846.flac,743.5,743.5,refwar2
KEN_013_20211231_033846.flac,768.5,768.5,refwar2
KEN_013_20211231_033846.flac,773.0,773.0,wbswea1
KEN_013_20211231_033846.flac,782.9,782.9,refwar2
KEN_013_20211231_033846.flac,922.6,922.6,pygbat1
KEN_013_20211231_033846.flac,931.2,931.2,spmthr1
KEN_013_20211231_033846.flac,936.1,936.1,supsta1
KEN_013_20211231_033846.flac,936.8,936.8,pygbat1
KEN_013_20211231_033846.flac,944.2,944.2,wbswea1
KEN_013_20211231_033846.flac,952.6,952.6,supsta1
KEN_013_20211231_033846.flac,966.6,966.6,pygbat1
KEN_013_20211231_033846.flac,972.0,972.0,supsta1
KEN_013_20211231_033846.flac,981.5,981.5,rbsrob1
KEN_013_20211231_033846.flac,987.8,987.8,rbsrob1
KEN_013_20211231_033846.flac,996.9,996.9,rbsrob1
KEN_013_20211231_033846.flac,1003.9,1003.9,rbsrob1
KEN_013_20211231_033846.flac,1009.5,1009.5,rbsrob1
KEN_013_20211231_033846.flac,1016.6,1016.6,rbsrob1
KEN_013_20211231_033846.flac,1022.0,1022.0,refwar2
KEN_013_20211231_033846.flac,1026.7,1026.7,rbsrob1
KEN_013_20211231_033846.flac,1031.4,1031.4,crefra2
KEN_013_20211231_033846.flac,1037.7,1037.7,hunsun2
KEN_013_20211231_033846.flac,1049.0,1049.0,norbro1
KEN_013_20211231_033846.flac,1052.8,1052.8,refwar2
KEN_013_20211231_033846.flac,1059.7,1059.7,refwar2
KEN_013_20211231_033846.flac,1066.8,1066.8,pabspa1
KEN_013_20211231_033846.flac,1067.4,1067.4,litwea1
KEN_013_20211231_033846.flac,1068.6,1068.6,wbgbir1
KEN_013_20211231_033846.flac,1079.6,1079.6,norbro1
KEN_013_20211231_033846.flac,1085.7,1085.7,wbswea1
KEN_013_20211231_033846.flac,1095.0,1095.0,wbswea1
KEN_013_20211231_033846.flac,1095.8,1095.8,yebapa1
KEN_013_20211231_033846.flac,1100.5,1100.5,slcbou1
KEN_013_20211231_033846.flac,1103.0,1103.0,yebapa1
KEN_013_20211231_033846.flac,1107.9,1107.9,slcbou1
KEN_013_20211231_033846.flac,1110.4,1110.4,norbro1
KEN_013_20211231_033846.flac,1113.4,1113.4,yebapa1
KEN_013_20211231_033846.flac,1116.4,1116.4,wbswea1
KEN_013_20211231_033846.flac,1125.8,1125.8,carwoo1
KEN_013_20211231_033846.flac,1133.2,1133.2,rbsrob1
KEN_013_20211231_033846.flac,1140.6,1140.6,crefra2
KEN_013_20211231_033846.flac,1146.2,1146.2,palpri1
KEN_013_20211231_033846.flac,1152.0,1152.0,crefra2
KEN_013_20211231_033846.flac,1153.5,1153.5,palpri1
KEN_013_20211231_033846.flac,1160.7,1160.7,palpri1
KEN_013_20211231_033846.flac,1164.5,1164.5,palpri1
KEN_013_20211231_033846.flac,1169.7,1169.7,palpri1
KEN_013_20211231_033846.flac,1174.2,1174.2,palpri1
KEN_013_20211231_033846.flac,1177.4,1177.4,norbro1
KEN_013_20211231_033846.flac,1183.7,1183.7,palpri1
KEN_013_20211231_033846.flac,1188.8,1188.8,palpri1
KEN_013_20211231_033846.flac,1192.7,1192.7,palpri1
KEN_013_20211231_033846.flac,1261.5,1261.5,raybar1
KEN_013_20211231_033846.flac,1269.9,1269.9,pabspa1
KEN_013_20211231_033846.flac,1270.7,1270.7,raybar1
KEN_013_20211231_033846.flac,1278.8,1278.8,wbswea1
KEN_013_20211231_033846.flac,1283.0,1283.0,pabspa1
KEN_013_20211231_033846.flac,1289.0,1289.0,raybar1
KEN_013_20211231_033846.flac,1291.4,1291.4,spmthr1
KEN_013_20211231_033846.flac,1305.4,1305.4,crefra2
KEN_013_20211231_033846.flac,1316.0,1316.0,pabspa1
KEN_013_20211231_033846.flac,1346.3,1346.3,pabspa1
KEN_013_20211231_033846.flac,1384.2,1384.2,rbsrob1
KEN_013_20211231_033846.flac,1393.5,1393.5,pabspa1
KEN_013_20211231_033846.flac,1397.9,1397.9,palpri1
KEN_013_20211231_033846.flac,1410.6,1410.6,palpri1
KEN_013_20211231_033846.flac,1416.8,1416.8,slcbou1
KEN_013_20211231_033846.flac,1422.6,1422.6,palpri1
KEN_013_20211231_033846.flac,1431.6,1431.6,wbswea1
KEN_013_20211231_033846.flac,1434.6,1434.6,wbswea1
KEN_013_20211231_033846.flac,1449.0,1449.0,palpri1
KEN_013_20211231_033846.flac,1460.1,1460.1,wbswea1
KEN_013_20211231_033846.flac,1465.4,1465.4,hunsun2
KEN_013_20211231_033846.flac,1491.1,1491.1,bltbar1
KEN_013_20211231_033846.flac,1517.7,1517.7,nubwoo1
KEN_013_20211231_033846.flac,1549.9,1549.9,nubwoo1
KEN_013_20211231_033846.flac,1567.9,1567.9,wbswea1
KEN_013_20211231_033846.flac,1590.3,1590.3,wbswea1
KEN_013_20211231_033846.flac,1598.8,1598.8,yebapa1
KEN_013_20211231_033846.flac,1603.9,1603.9,wbswea1
KEN_013_20211231_033846.flac,1609.4,1609.4,yebapa1
KEN_013_20211231_033846.flac,1616.4,1616.4,yebapa1
KEN_013_20211231_033846.flac,1678.0,1678.0,norbro1
KEN_013_20211231_033846.flac,1685.0,1685.0,yebapa1
KEN_013_20211231_033846.flac,1696.8,1696.8,yebapa1
KEN_013_20211231_033846.flac,1702.0,1702.0,norbro1
KEN_013_20211231_033846.flac,1709.4,1709.4,yebapa1
KEN_013_20211231_033846.flac,1715.6,1715.6,rbsrob1
KEN_013_20211231_033846.flac,1721.7,1721.7,wbswea1
KEN_013_20211231_033846.flac,1723.5,1723.5,rbsrob1
KEN_013_20211231_033846.flac,1728.9,1728.9,rbsrob1
KEN_013_20211231_033846.flac,1733.9,1733.9,yespet1
KEN_013_20211231_033846.flac,1735.5,1735.5,wbswea1
KEN_013_20211231_033846.flac,1746.4,1746.4,rbsrob1
KEN_013_20211231_033846.flac,1748.7,1748.7,crefra2
KEN_013_20211231_033846.flac,1759.1,1759.1,yebapa1
KEN_013_20211231_033846.flac,1767.1,1767.1,pabspa1
KEN_013_20211231_033846.flac,1777.8,1777.8,rbsrob1
KEN_013_20211231_033846.flac,1787.1,1787.1,pygbat1
KEN_013_20211231_033846.flac,1794.5,1794.5,wbswea1
KEN_013_20211231_033846.flac,1796.6,1796.6,spmthr1
KEN_013_20211231_033846.flac,1797.8,1797.8,pygbat1
KEN_013_20211231_033846.flac,1800.3,1800.3,rbsrob1
KEN_013_20211231_033846.flac,1802.9,1802.9,pygbat1
KEN_013_20211231_033846.flac,1808.3,1808.3,rbsrob1
KEN_013_20211231_033846.flac,1811.6,1811.6,pygbat1
KEN_013_20211231_033846.flac,1815.5,1815.5,pygbat1
KEN_013_20211231_033846.flac,1820.6,1820.6,rbsrob1
KEN_013_20211231_033846.flac,1828.7,1828.7,pygbat1
KEN_013_20211231_033846.flac,1830.4,1830.4,rbsrob1
KEN_013_20211231_033846.flac,1833.5,1833.5,rbsrob1
KEN_013_20211231_033846.flac,1838.6,1838.6,rbsrob1
KEN_013_20211231_033846.flac,1843.3,1843.3,rbsrob1
KEN_013_20211231_033846.flac,1863.7,1863.7,rbsrob1
KEN_013_20211231_033846.flac,1871.7,1871.7,rbsrob1
KEN_013_20211231_033846.flac,1894.0,1894.0,rbsrob1
KEN_013_20211231_033846.flac,1902.4,1902.4,rbsrob1
KEN_013_20211231_033846.flac,1916.6,1916.6,pygbat1
KEN_013_20211231_033846.flac,1924.3,1924.3,pygbat1
KEN_013_20211231_033846.flac,1934.7,1934.7,pygbat1
KEN_013_20211231_033846.flac,1945.8,1945.8,wbswea1
KEN_013_20211231_033846.flac,1948.0,1948.0,pygbat1
KEN_013_20211231_033846.flac,1958.5,1958.5,pygbat1
KEN_013_20211231_033846.flac,1959.0,1959.0,yebapa1
KEN_013_20211231_033846.flac,1965.1,1965.1,pygbat1
KEN_013_20211231_033846.flac,1972.5,1972.5,pygbat1
KEN_013_20211231_033846.flac,1975.7,1975.7,wbswea1
KEN_013_20211231_033846.flac,1986.9,1986.9,pygbat1
KEN_013_20211231_033846.flac,1991.7,1991.7,wbswea1
KEN_013_20211231_033846.flac,1999.8,1999.8,norcro1
KEN_013_20211231_033846.flac,2007.6,2007.6,pygbat1
KEN_013_20211231_033846.flac,2009.9,2009.9,yebapa1
KEN_013_20211231_033846.flac,2013.3,2013.3,pygbat1
KEN_013_20211231_033846.flac,2020.9,2020.9,pygbat1
KEN_013_20211231_033846.flac,2029.2,2029.2,yebapa1
KEN_013_20211231_033846.flac,2030.3,2030.3,raybar1
KEN_013_20211231_033846.flac,2031.7,2031.7,pygbat1
KEN_013_20211231_033846.flac,2044.1,2044.1,afgfly1
KEN_013_20211231_033846.flac,2049.4,2049.4,yebapa1
KEN_013_20211231_033846.flac,2056.5,2056.5,yebapa1
KEN_013_20211231_033846.flac,2060.0,2060.0,afgfly1
KEN_013_20211231_033846.flac,2063.9,2063.9,yebapa1
KEN_013_20211231_033846.flac,2068.5,2068.5,afgfly1
KEN_013_20211231_033846.flac,2073.8,2073.8,yebapa1
KEN_013_20211231_033846.flac,2079.4,2079.4,yebapa1
KEN_013_20211231_033846.flac,2085.6,2085.6,yebapa1
KEN_013_20211231_033846.flac,2086.2,2086.2,afgfly1
KEN_013_20211231_033846.flac,2093.2,2093.2,yebapa1
KEN_013_20211231_033846.flac,2095.8,2095.8,wbswea1
KEN_013_20211231_033846.flac,2101.0,2101.0,yebapa1
KEN_013_20211231_033846.flac,2113.1,2113.1,afgfly1
KEN_013_20211231_033846.flac,2118.6,2118.6,wbswea1
KEN_013_20211231_033846.flac,2122.9,2122.9,afgfly1
KEN_013_20211231_033846.flac,2129.3,2129.3,blnmou1
KEN_013_20211231_033846.flac,2135.2,2135.2,afgfly1
KEN_013_20211231_033846.flac,2147.3,2147.3,norbro1
KEN_013_20211231_033846.flac,2165.3,2165.3,rbsrob1
KEN_013_20211231_033846.flac,2188.8,2188.8,norbro1
KEN_013_20211231_033846.flac,2198.0,2198.0,pygbat1
KEN_013_20211231_033846.flac,2208.0,2208.0,slcbou1
KEN_013_20211231_033846.flac,2210.4,2210.4,wbswea1
KEN_013_20211231_033846.flac,2212.3,2212.3,pygbat1
KEN_013_20211231_033846.flac,2223.0,2223.0,rbsrob1
KEN_013_20211231_033846.flac,2230.1,2230.1,crefra2
KEN_013_20211231_033846.flac,2245.5,2245.5,hunsun2
KEN_013_20211231_033846.flac,2253.1,2253.1,norcro1
KEN_013_20211231_033846.flac,2264.8,2264.8,norcro1
KEN_013_20211231_033846.flac,2271.8,2271.8,norcro1
KEN_013_20211231_033846.flac,2283.2,2283.2,beasun2
KEN_013_20211231_033846.flac,2286.0,2286.0,wbswea1
KEN_013_20211231_033846.flac,2289.1,2289.1,carwoo1
KEN_013_20211231_033846.flac,2294.7,2294.7,pygbat1
KEN_013_20211231_033846.flac,2320.5,2320.5,palpri1
KEN_013_20211231_033846.flac,2349.5,2349.5,palpri1
KEN_013_20211231_033846.flac,2363.7,2363.7,palpri1
KEN_013_20211231_033846.flac,2365.9,2365.9,yebapa1
KEN_013_20211231_033846.flac,2370.7,2370.7,palpri1
KEN_013_20211231_033846.flac,2375.4,2375.4,palpri1
KEN_013_20211231_033846.flac,2386.5,2386.5,palpri1
KEN_013_20211231_033846.flac,2392.8,2392.8,palpri1
KEN_013_20211231_033846.flac,2409.5,2409.5,yebapa1
KEN_013_20211231_033846.flac,2419.8,2419.8,norcro1
KEN_013_20211231_033846.flac,2425.9,2425.9,yebapa1
KEN_013_20211231_033846.flac,2429.1,2429.1,norcro1
KEN_013_20211231_033846.flac,2435.4,2435.4,wbswea1
KEN_013_20211231_033846.flac,2440.3,2440.3,yebapa1
KEN_013_20211231_033846.flac,2444.1,2444.1,norcro1
KEN_013_20211231_033846.flac,2453.3,2453.3,yebapa1
KEN_013_20211231_033846.flac,2458.3,2458.3,afgfly1
KEN_013_20211231_033846.flac,2466.0,2466.0,yebapa1
KEN_013_20211231_033846.flac,2479.1,2479.1,refwar2
KEN_013_20211231_033846.flac,2489.9,2489.9,norcro1
KEN_013_20211231_033846.flac,2495.2,2495.2,yebapa1
KEN_013_20211231_033846.flac,2504.3,2504.3,yebapa1
KEN_013_20211231_033846.flac,2516.1,2516.1,yebapa1
KEN_013_20211231_033846.flac,2518.9,2518.9,yebapa1
KEN_013_20211231_033846.flac,2525.1,2525.1,yebapa1
KEN_013_20211231_033846.flac,2569.1,2569.1,yebapa1
KEN_013_20211231_033846.flac,2577.3,2577.3,yebapa1
KEN_013_20211231_033846.flac,2590.0,2590.0,yebapa1
KEN_013_20211231_033846.flac,2596.0,2596.0,yebapa1
KEN_013_20211231_033846.flac,2610.6,2610.6,yebapa1
KEN_013_20211231_033846.flac,2622.7,2622.7,yebapa1
KEN_013_20211231_033846.flac,2630.7,2630.7,yebapa1
KEN_013_20211231_033846.flac,2632.6,2632.6,scthon1
KEN_013_20211231_033846.flac,2650.5,2650.5,yebapa1
KEN_013_20211231_033846.flac,2652.1,2652.1,wbswea1
KEN_013_20211231_033846.flac,2681.8,2681.8,yebapa1
KEN_013_20211231_033846.flac,2693.4,2693.4,wbswea1
KEN_013_20211231_033846.flac,2698.5,2698.5,wbswea1
KEN_013_20211231_033846.flac,2701.7,2701.7,spmthr1
KEN_013_20211231_033846.flac,2704.6,2704.6,carwoo1
KEN_013_20211231_033846.flac,2711.3,2711.3,wbswea1
KEN_013_20211231_033846.flac,2716.5,2716.5,wbswea1
KEN_013_20211231_033846.flac,2727.6,2727.6,combul2
KEN_013_20211231_033846.flac,2738.0,2738.0,combul2
KEN_013_20211231_033846.flac,2767.5,2767.5,afgfly1
KEN_013_20211231_033846.flac,2780.4,2780.4,afgfly1
KEN_013_20211231_033846.flac,2789.5,2789.5,afgfly1
KEN_013_20211231_033846.flac,2794.3,2794.3,yebapa1
KEN_013_20211231_033846.flac,2797.4,2797.4,afgfly1
KEN_013_20211231_033846.flac,2804.9,2804.9,yebapa1
KEN_013_20211231_033846.flac,2818.7,2818.7,nubwoo1
KEN_013_20211231_033846.flac,2836.1,2836.1,carwoo1
KEN_013_20211231_033846.flac,2843.6,2843.6,carwoo1
KEN_013_20211231_033846.flac,2874.1,2874.1,afgfly1
KEN_013_20211231_033846.flac,2887.1,2887.1,carwoo1
KEN_013_20211231_033846.flac,2893.3,2893.3,afgfly1
KEN_013_20211231_033846.flac,2898.0,2898.0,ruegls1
KEN_013_20211231_033846.flac,2902.5,2902.5,carwoo1
KEN_013_20211231_033846.flac,2907.9,2907.9,afgfly1
KEN_013_20211231_033846.flac,2918.8,2918.8,afgfly1
KEN_013_20211231_033846.flac,2924.2,2924.2,wbswea1
KEN_013_20211231_033846.flac,2933.2,2933.2,yebapa1
KEN_013_20211231_033846.flac,2941.7,2941.7,afgfly1
KEN_013_20211231_033846.flac,2948.4,2948.4,afgfly1
KEN_013_20211231_033846.flac,2966.4,2966.4,norcro1
KEN_013_20211231_033846.flac,2969.2,2969.2,yebapa1
KEN_013_20211231_033846.flac,2972.1,2972.1,norcro1
KEN_013_20211231_033846.flac,2979.9,2979.9,yebapa1
KEN_013_20211231_033846.flac,2984.6,2984.6,norcro1
KEN_013_20211231_033846.flac,2994.9,2994.9,yebapa1
KEN_013_20211231_033846.flac,3002.8,3002.8,afgfly1
KEN_013_20211231_033846.flac,3007.2,3007.2,yebapa1
KEN_013_20211231_033846.flac,3014.1,3014.1,afgfly1
KEN_013_20211231_033846.flac,3020.5,3020.5,yebapa1
KEN_013_20211231_033846.flac,3027.0,3027.0,yebapa1
KEN_013_20211231_033846.flac,3031.3,3031.3,yebapa1
KEN_013_20211231_033846.flac,3040.6,3040.6,yebapa1
KEN_013_20211231_033846.flac,3041.9,3041.9,norcro1
KEN_013_20211231_033846.flac,3048.2,3048.2,yebapa1
KEN_013_20211231_033846.flac,3055.1,3055.1,afgfly1
KEN_013_20211231_033846.flac,3057.5,3057.5,yebapa1
KEN_013_20211231_033846.flac,3062.6,3062.6,yebapa1
KEN_013_20211231_033846.flac,3067.7,3067.7,wbswea1
KEN_013_20211231_033846.flac,3080.5,3080.5,yebapa1
KEN_013_20211231_033846.flac,3086.6,3086.6,yebapa1
KEN_013_20211231_033846.flac,3095.2,3095.2,reboxp1
KEN_013_20211231_033846.flac,3098.2,3098.2,yebapa1
KEN_013_20211231_033846.flac,3111.7,3111.7,norcro1
KEN_013_20211231_033846.flac,3117.6,3117.6,yebapa1
KEN_013_20211231_033846.flac,3126.0,3126.0,yebapa1
KEN_013_20211231_033846.flac,3131.1,3131.1,norcro1
KEN_013_20211231_033846.flac,3135.9,3135.9,yebapa1
KEN_013_20211231_033846.flac,3138.5,3138.5,litwea1
KEN_013_20211231_033846.flac,3141.1,3141.1,norcro1
KEN_013_20211231_033846.flac,3145.4,3145.4,yebapa1
KEN_013_20211231_033846.flac,3153.8,3153.8,yebapa1
KEN_013_20211231_033846.flac,3164.7,3164.7,afgfly1
KEN_013_20211231_033846.flac,3167.0,3167.0,yebapa1
KEN_013_20211231_033846.flac,3178.9,3178.9,yebapa1
KEN_013_20211231_033846.flac,3187.2,3187.2,yebapa1
KEN_013_20211231_033846.flac,3188.6,3188.6,combul2
KEN_013_20211231_033846.flac,3193.4,3193.4,slcbou1
KEN_013_20211231_033846.flac,3203.7,3203.7,yebapa1
KEN_013_20211231_033846.flac,3204.6,3204.6,afgfly1
KEN_013_20211231_033846.flac,3208.8,3208.8,combul2
KEN_013_20211231_033846.flac,3218.0,3218.0,combul2
KEN_013_20211231_033846.flac,3219.9,3219.9,yebapa1
KEN_013_20211231_033846.flac,3230.5,3230.5,yebapa1
KEN_013_20211231_033846.flac,3243.7,3243.7,yebapa1
KEN_013_20211231_033846.flac,3259.4,3259.4,yebapa1
KEN_013_20211231_033846.flac,3275.1,3275.1,yebapa1
KEN_013_20211231_033846.flac,3285.2,3285.2,wbswea1
KEN_013_20211231_033846.flac,3289.0,3289.0,yebapa1
KEN_013_20211231_033846.flac,3291.4,3291.4,wbswea1
KEN_013_20211231_033846.flac,3304.6,3304.6,yebapa1
KEN_013_20211231_033846.flac,3309.3,3309.3,combul2
KEN_013_20211231_033846.flac,3319.2,3319.2,wbswea1
KEN_013_20211231_033846.flac,3321.9,3321.9,yebapa1
KEN_013_20211231_033846.flac,3329.5,3329.5,wbswea1
KEN_013_20211231_033846.flac,3331.9,3331.9,yebapa1
KEN_013_20211231_033846.flac,3355.5,3355.5,wbswea1
KEN_013_20211231_033846.flac,3365.1,3365.1,wbswea1
KEN_013_20211231_033846.flac,3375.0,3375.0,litwea1
KEN_013_20211231_033846.flac,3403.1,3403.1,raybar1
KEN_013_20211231_033846.flac,3409.7,3409.7,litwea1
KEN_013_20211231_033846.flac,3423.7,3423.7,wbswea1
KEN_013_20211231_033846.flac,3432.7,3432.7,wbswea1
KEN_013_20211231_033846.flac,3442.0,3442.0,wbswea1
KEN_013_20211231_033846.flac,3450.7,3450.7,carwoo1
KEN_013_20211231_033846.flac,3457.2,3457.2,palpri1
KEN_013_20211231_033846.flac,3463.2,3463.2,palpri1
KEN_013_20211231_033846.flac,3465.6,3465.6,yebapa1
KEN_013_20211231_033846.flac,3466.4,3466.4,palpri1
KEN_013_20211231_033846.flac,3469.4,3469.4,yebapa1
KEN_013_20211231_033846.flac,3472.2,3472.2,yebapa1
KEN_013_20211231_033846.flac,3476.1,3476.1,yebapa1
KEN_013_20211231_033846.flac,3484.9,3484.9,carwoo1
KEN_013_20211231_033846.flac,3492.1,3492.1,yebapa1
KEN_013_20211231_033846.flac,3499.2,3499.2,grywrw1
KEN_013_20211231_033846.flac,3500.7,3500.7,yebapa1
KEN_013_20211231_033846.flac,3502.4,3502.4,grywrw1
KEN_013_20211231_033846.flac,3507.5,3507.5,yebapa1
KEN_013_20211231_033846.flac,3521.1,3521.1,yebapa1
KEN_013_20211231_033846.flac,3525.5,3525.5,pygbat1
KEN_013_20211231_033846.flac,3530.7,3530.7,yebapa1
KEN_013_20211231_033846.flac,3534.8,3534.8,carwoo1
KEN_013_20211231_033846.flac,3542.3,3542.3,yebapa1
KEN_013_20211231_033846.flac,3548.2,3548.2,wbswea1
KEN_013_20211231_033846.flac,3550.8,3550.8,yebapa1
KEN_013_20211231_033846.flac,3556.4,3556.4,yebapa1
KEN_013_20211231_033846.flac,3566.9,3566.9,refwar2
KEN_013_20211231_033846.flac,3569.7,3569.7,yebapa1
KEN_013_20211231_033846.flac,3578.7,3578.7,yebapa1
KEN_013_20211231_033846.flac,3585.1,3585.1,yebapa1
KEN_013_20211231_033846.flac,3588.7,3588.7,yebapa1
KEN_013_20211231_033846.flac,3589.3,3589.3,spmthr1
KEN_013_20211231_033846.flac,3594.7,3594.7,yebapa1
KEN_014_20211231_052833.flac,1.2,1.2,supsta1
KEN_014_20211231_052833.flac,6.0,6.0,supsta1
KEN_014_20211231_052833.flac,9.5,9.5,supsta1
KEN_014_20211231_052833.flac,16.2,16.2,supsta1
KEN_014_20211231_052833.flac,20.9,20.9,supsta1
KEN_014_20211231_052833.flac,26.4,26.4,supsta1
KEN_014_20211231_052833.flac,31.2,31.2,supsta1
KEN_014_20211231_052833.flac,40.5,40.5,supsta1
KEN_014_20211231_052833.flac,50.0,50.0,supsta1
KEN_014_20211231_052833.flac,61.9,61.9,supsta1
KEN_014_20211231_052833.flac,70.0,70.0,supsta1
KEN_014_20211231_052833.flac,81.0,81.0,supsta1
KEN_014_20211231_052833.flac,90.3,90.3,supsta1
KEN_014_20211231_052833.flac,92.8,92.8,wbswea1
KEN_014_20211231_052833.flac,98.5,98.5,supsta1
KEN_014_20211231_052833.flac,104.3,104.3,supsta1
KEN_014_20211231_052833.flac,112.8,112.8,wbswea1
KEN_014_20211231_052833.flac,126.2,126.2,wbswea1
KEN_014_20211231_052833.flac,128.3,128.3,wbswea1
KEN_014_20211231_052833.flac,151.6,151.6,raybar1
KEN_014_20211231_052833.flac,154.7,154.7,wbswea1
KEN_014_20211231_052833.flac,162.7,162.7,raybar1
KEN_014_20211231_052833.flac,168.4,168.4,raybar1
KEN_014_20211231_052833.flac,173.3,173.3,raybar1
KEN_014_20211231_052833.flac,178.3,178.3,raybar1
KEN_014_20211231_052833.flac,183.3,183.3,raybar1
KEN_014_20211231_052833.flac,202.0,202.0,hunsun2
KEN_014_20211231_052833.flac,241.5,241.5,afgfly1
KEN_014_20211231_052833.flac,247.0,247.0,afgfly1
KEN_014_20211231_052833.flac,254.0,254.0,afgfly1
KEN_014_20211231_052833.flac,260.2,260.2,afgfly1
KEN_014_20211231_052833.flac,263.1,263.1,afgfly1
KEN_014_20211231_052833.flac,266.4,266.4,afgfly1
KEN_014_20211231_052833.flac,271.0,271.0,beasun2
KEN_014_20211231_052833.flac,280.2,280.2,rufcha2
KEN_014_20211231_052833.flac,282.5,282.5,yebapa1
KEN_014_20211231_052833.flac,293.3,293.3,rufcha2
KEN_014_20211231_052833.flac,295.0,295.0,beasun2
KEN_014_20211231_052833.flac,309.5,309.5,pygbat1
KEN_014_20211231_052833.flac,311.9,311.9,rufcha2
KEN_014_20211231_052833.flac,315.1,315.1,pygbat1
KEN_014_20211231_052833.flac,322.8,322.8,beasun2
KEN_014_20211231_052833.flac,325.0,325.0,rufcha2
KEN_014_20211231_052833.flac,330.1,330.1,rufcha2
KEN_014_20211231_052833.flac,335.8,335.8,yebapa1
KEN_014_20211231_052833.flac,349.6,349.6,rufcha2
KEN_014_20211231_052833.flac,350.6,350.6,pygbat1
KEN_014_20211231_052833.flac,351.5,351.5,yebapa1
KEN_014_20211231_052833.flac,354.4,354.4,rufcha2
KEN_014_20211231_052833.flac,354.6,354.6,pygbat1
KEN_014_20211231_052833.flac,360.9,360.9,rufcha2
KEN_014_20211231_052833.flac,362.1,362.1,pygbat1
KEN_014_20211231_052833.flac,363.9,363.9,rufcha2
KEN_014_20211231_052833.flac,367.4,367.4,pygbat1
KEN_014_20211231_052833.flac,371.6,371.6,pygbat1
KEN_014_20211231_052833.flac,373.7,373.7,yebapa1
KEN_014_20211231_052833.flac,377.2,377.2,rufcha2
KEN_014_20211231_052833.flac,379.2,379.2,yebapa1
KEN_014_20211231_052833.flac,381.8,381.8,pygbat1
KEN_014_20211231_052833.flac,383.2,383.2,yebapa1
KEN_014_20211231_052833.flac,385.8,385.8,pygbat1
KEN_014_20211231_052833.flac,388.2,388.2,yebapa1
KEN_014_20211231_052833.flac,389.4,389.4,pygbat1
KEN_014_20211231_052833.flac,393.0,393.0,yebapa1
KEN_014_20211231_052833.flac,396.5,396.5,pygbat1
KEN_014_20211231_052833.flac,398.2,398.2,yebapa1
KEN_014_20211231_052833.flac,399.7,399.7,rufcha2
KEN_014_20211231_052833.flac,399.8,399.8,pygbat1
KEN_014_20211231_052833.flac,402.6,402.6,pygbat1
KEN_014_20211231_052833.flac,403.5,403.5,yebapa1
KEN_014_20211231_052833.flac,404.7,404.7,rufcha2
KEN_014_20211231_052833.flac,406.6,406.6,rufcha2
KEN_014_20211231_052833.flac,407.4,407.5,yebapa1
KEN_014_20211231_052833.flac,414.6,414.6,yebapa1
KEN_014_20211231_052833.flac,421.1,421.1,yebapa1
KEN_014_20211231_052833.flac,423.7,423.7,yebapa1
KEN_014_20211231_052833.flac,429.1,429.1,pygbat1
KEN_014_20211231_052833.flac,432.1,432.1,pygbat1
KEN_014_20211231_052833.flac,434.0,434.0,yebapa1
KEN_014_20211231_052833.flac,436.7,436.7,pygbat1
KEN_014_20211231_052833.flac,437.6,437.6,yebapa1
KEN_014_20211231_052833.flac,441.1,441.1,pygbat1
KEN_014_20211231_052833.flac,442.5,442.5,yebapa1
KEN_014_20211231_052833.flac,451.3,451.3,yebapa1
KEN_014_20211231_052833.flac,451.5,451.5,pygbat1
KEN_014_20211231_052833.flac,455.0,455.0,yebapa1
KEN_014_20211231_052833.flac,461.4,461.4,yebapa1
KEN_014_20211231_052833.flac,462.4,462.4,pygbat1
KEN_014_20211231_052833.flac,466.6,466.6,yebapa1
KEN_014_20211231_052833.flac,467.7,467.7,pygbat1
KEN_014_20211231_052833.flac,470.6,470.6,rufcha2
KEN_014_20211231_052833.flac,472.5,472.5,palpri1
KEN_014_20211231_052833.flac,481.3,481.3,yebapa1
KEN_014_20211231_052833.flac,484.0,484.0,refwar2
KEN_014_20211231_052833.flac,484.2,484.2,yebapa1
KEN_014_20211231_052833.flac,485.9,485.9,palpri1
KEN_014_20211231_052833.flac,490.7,490.7,yebapa1
KEN_014_20211231_052833.flac,502.1,502.1,yebapa1
KEN_014_20211231_052833.flac,503.8,503.8,pygbat1
KEN_014_20211231_052833.flac,505.6,505.6,yebapa1
KEN_014_20211231_052833.flac,509.7,509.7,yebapa1
KEN_014_20211231_052833.flac,514.8,514.8,yebapa1
KEN_014_20211231_052833.flac,518.7,518.7,yebapa1
KEN_014_20211231_052833.flac,522.7,522.7,pygbat1
KEN_014_20211231_052833.flac,525.5,525.5,yebapa1
KEN_014_20211231_052833.flac,528.8,528.8,pygbat1
KEN_014_20211231_052833.flac,529.5,529.5,yebapa1
KEN_014_20211231_052833.flac,534.1,534.1,yebapa1
KEN_014_20211231_052833.flac,537.0,537.0,pygbat1
KEN_014_20211231_052833.flac,539.0,539.0,pygbat1
KEN_014_20211231_052833.flac,540.0,540.0,pygbat1
KEN_014_20211231_052833.flac,540.8,540.8,yebapa1
KEN_014_20211231_052833.flac,542.0,542.0,pygbat1
KEN_014_20211231_052833.flac,543.3,543.3,yebapa1
KEN_014_20211231_052833.flac,546.2,546.2,pygbat1
KEN_014_20211231_052833.flac,552.6,552.6,pygbat1
KEN_014_20211231_052833.flac,555.3,555.3,yebapa1
KEN_014_20211231_052833.flac,565.0,565.0,pygbat1
KEN_014_20211231_052833.flac,570.9,570.9,yebapa1
KEN_014_20211231_052833.flac,571.4,571.4,pygbat1
KEN_014_20211231_052833.flac,576.1,576.1,rufcha2
KEN_014_20211231_052833.flac,576.8,576.8,pygbat1
KEN_014_20211231_052833.flac,578.9,578.9,yebapa1
KEN_014_20211231_052833.flac,583.9,583.9,pygbat1
KEN_014_20211231_052833.flac,586.7,586.7,pygbat1
KEN_014_20211231_052833.flac,590.3,590.3,yebapa1
KEN_014_20211231_052833.flac,592.6,592.6,rufcha2
KEN_014_20211231_052833.flac,599.1,599.1,yebapa1
KEN_014_20211231_052833.flac,602.2,602.2,pygbat1
KEN_014_20211231_052833.flac,604.2,604.2,yebapa1
KEN_014_20211231_052833.flac,605.9,605.9,pygbat1
KEN_014_20211231_052833.flac,607.2,607.2,yebapa1
KEN_014_20211231_052833.flac,608.9,608.9,pygbat1
KEN_014_20211231_052833.flac,613.1,613.1,yebapa1
KEN_014_20211231_052833.flac,618.9,618.9,yebapa1
KEN_014_20211231_052833.flac,621.1,621.1,yebapa1
KEN_014_20211231_052833.flac,622.2,622.2,pygbat1
KEN_014_20211231_052833.flac,625.0,625.0,yebapa1
KEN_014_20211231_052833.flac,626.8,626.8,pygbat1
KEN_014_20211231_052833.flac,632.9,632.9,yebapa1
KEN_014_20211231_052833.flac,638.7,638.7,yebapa1
KEN_014_20211231_052833.flac,640.5,640.5,yebapa1
KEN_014_20211231_052833.flac,642.6,642.6,pygbat1
KEN_014_20211231_052833.flac,643.7,643.7,palpri1
KEN_014_20211231_052833.flac,644.3,644.3,yebapa1
KEN_014_20211231_052833.flac,646.4,646.4,yebapa1
KEN_014_20211231_052833.flac,651.1,651.1,palpri1
KEN_014_20211231_052833.flac,653.5,653.5,yebapa1
KEN_014_20211231_052833.flac,655.6,655.6,palpri1
KEN_014_20211231_052833.flac,656.5,656.5,yebapa1
KEN_014_20211231_052833.flac,661.0,661.0,palpri1
KEN_014_20211231_052833.flac,665.3,665.3,yebapa1
KEN_014_20211231_052833.flac,667.0,667.0,pygbat1
KEN_014_20211231_052833.flac,670.7,670.7,yebapa1
KEN_014_20211231_052833.flac,676.5,676.5,pygbat1
KEN_014_20211231_052833.flac,680.9,680.9,yebapa1
KEN_014_20211231_052833.flac,684.9,684.9,yebapa1
KEN_014_20211231_052833.flac,694.0,694.0,pygbat1
KEN_014_20211231_052833.flac,699.2,699.2,pygbat1
KEN_014_20211231_052833.flac,705.2,705.2,pygbat1
KEN_014_20211231_052833.flac,708.0,708.0,yebapa1
KEN_014_20211231_052833.flac,709.6,709.6,pygbat1
KEN_014_20211231_052833.flac,712.2,712.2,pygbat1
KEN_014_20211231_052833.flac,713.0,713.0,rbsrob1
KEN_014_20211231_052833.flac,714.9,714.9,pygbat1
KEN_014_20211231_052833.flac,716.1,716.1,rbsrob1
KEN_014_20211231_052833.flac,718.1,718.1,rbsrob1
KEN_014_20211231_052833.flac,722.6,722.6,yebapa1
KEN_014_20211231_052833.flac,725.3,725.3,rbsrob1
KEN_014_20211231_052833.flac,727.7,727.7,palpri1
KEN_014_20211231_052833.flac,728.6,728.6,pygbat1
KEN_014_20211231_052833.flac,731.3,731.3,palpri1
KEN_014_20211231_052833.flac,738.1,738.1,pygbat1
KEN_014_20211231_052833.flac,740.7,740.7,palpri1
KEN_014_20211231_052833.flac,743.9,743.9,yebapa1
KEN_014_20211231_052833.flac,750.9,750.9,pygbat1
KEN_014_20211231_052833.flac,751.8,751.8,yebapa1
KEN_014_20211231_052833.flac,752.4,752.4,palpri1
KEN_014_20211231_052833.flac,755.2,755.2,palpri1
KEN_014_20211231_052833.flac,756.5,756.5,yebapa1
KEN_014_20211231_052833.flac,758.5,758.5,palpri1
KEN_014_20211231_052833.flac,761.7,761.7,yebapa1
KEN_014_20211231_052833.flac,763.4,763.4,palpri1
KEN_014_20211231_052833.flac,765.9,765.9,yebapa1
KEN_014_20211231_052833.flac,772.9,772.9,yebapa1
KEN_014_20211231_052833.flac,775.8,775.8,yebapa1
KEN_014_20211231_052833.flac,782.4,782.4,yebapa1
KEN_014_20211231_052833.flac,784.7,784.7,pygbat1
KEN_014_20211231_052833.flac,786.4,786.4,yebapa1
KEN_014_20211231_052833.flac,789.0,789.0,yebapa1
KEN_014_20211231_052833.flac,791.8,791.8,palpri1
KEN_014_20211231_052833.flac,794.5,794.5,palpri1
KEN_014_20211231_052833.flac,795.1,795.1,yebapa1
KEN_014_20211231_052833.flac,796.9,796.9,yebapa1
KEN_014_20211231_052833.flac,800.6,800.6,pygbat1
KEN_014_20211231_052833.flac,801.5,801.5,yebapa1
KEN_014_20211231_052833.flac,806.9,806.9,yebapa1
KEN_014_20211231_052833.flac,808.5,808.5,palpri1
KEN_014_20211231_052833.flac,812.5,812.5,palpri1
KEN_014_20211231_052833.flac,814.2,814.2,yebapa1
KEN_014_20211231_052833.flac,815.6,815.6,palpri1
KEN_014_20211231_052833.flac,819.9,819.9,yebapa1
KEN_014_20211231_052833.flac,821.7,821.7,palpri1
KEN_014_20211231_052833.flac,823.6,823.6,yebapa1
KEN_014_20211231_052833.flac,826.2,826.2,yebapa1
KEN_014_20211231_052833.flac,828.2,828.2,palpri1
KEN_014_20211231_052833.flac,829.1,829.1,pygbat1
KEN_014_20211231_052833.flac,829.9,829.9,palpri1
KEN_014_20211231_052833.flac,831.7,831.7,yebapa1
KEN_014_20211231_052833.flac,834.4,834.4,pygbat1
KEN_014_20211231_052833.flac,838.2,838.2,yebapa1
KEN_014_20211231_052833.flac,842.4,842.4,palpri1
KEN_014_20211231_052833.flac,846.4,846.4,yebapa1
KEN_014_20211231_052833.flac,850.0,850.0,palpri1
KEN_014_20211231_052833.flac,851.4,851.4,palpri1
KEN_014_20211231_052833.flac,854.2,854.2,yebapa1
KEN_014_20211231_052833.flac,857.2,857.2,palpri1
KEN_014_20211231_052833.flac,858.3,858.3,yebapa1
KEN_014_20211231_052833.flac,859.6,859.6,palpri1
KEN_014_20211231_052833.flac,860.8,860.8,yebapa1
KEN_014_20211231_052833.flac,862.7,862.7,yebapa1
KEN_014_20211231_052833.flac,864.4,864.4,refwar2
KEN_014_20211231_052833.flac,866.2,866.2,pygbat1
KEN_014_20211231_052833.flac,869.0,869.0,yebapa1
KEN_014_20211231_052833.flac,870.6,870.6,pygbat1
KEN_014_20211231_052833.flac,873.0,873.0,refwar2
KEN_014_20211231_052833.flac,876.5,876.5,refwar2
KEN_014_20211231_052833.flac,878.9,878.9,refwar2
KEN_014_20211231_052833.flac,879.4,879.4,yebapa1
KEN_014_20211231_052833.flac,880.4,880.4,refwar2
KEN_014_20211231_052833.flac,883.8,883.8,yebapa1
KEN_014_20211231_052833.flac,887.1,887.1,yebapa1
KEN_014_20211231_052833.flac,889.2,889.2,refwar2
KEN_014_20211231_052833.flac,891.2,891.2,yebapa1
KEN_014_20211231_052833.flac,892.0,892.0,refwar2
KEN_014_20211231_052833.flac,894.4,894.4,refwar2
KEN_014_20211231_052833.flac,897.5,897.5,yebapa1
KEN_014_20211231_052833.flac,903.0,903.0,refwar2
KEN_014_20211231_052833.flac,905.2,905.2,yebapa1
KEN_014_20211231_052833.flac,905.5,905.5,refwar2
KEN_014_20211231_052833.flac,908.4,908.4,refwar2
KEN_014_20211231_052833.flac,910.7,910.7,yebapa1
KEN_014_20211231_052833.flac,912.7,912.7,refwar2
KEN_014_20211231_052833.flac,915.5,915.5,refwar2
KEN_014_20211231_052833.flac,917.5,917.5,yebapa1
KEN_014_20211231_052833.flac,920.0,920.0,refwar2
KEN_014_20211231_052833.flac,922.2,922.2,yebapa1
KEN_014_20211231_052833.flac,926.4,926.4,refwar2
KEN_014_20211231_052833.flac,932.8,932.8,refwar2
KEN_014_20211231_052833.flac,938.0,938.0,yebapa1
KEN_014_20211231_052833.flac,939.5,939.5,refwar2
KEN_014_20211231_052833.flac,942.6,942.6,yebapa1
KEN_014_20211231_052833.flac,943.1,943.1,vilwea1
KEN_014_20211231_052833.flac,948.0,948.0,refwar2
KEN_014_20211231_052833.flac,949.9,949.9,vilwea1
KEN_014_20211231_052833.flac,952.8,952.8,yebapa1
KEN_014_20211231_052833.flac,955.8,955.8,yebapa1
KEN_014_20211231_052833.flac,958.9,958.9,vilwea1
KEN_014_20211231_052833.flac,959.2,959.2,pygbat1
KEN_014_20211231_052833.flac,961.9,961.9,yebapa1
KEN_014_20211231_052833.flac,965.5,965.5,vilwea1
KEN_014_20211231_052833.flac,968.8,968.8,vilwea1
KEN_014_20211231_052833.flac,970.6,970.6,pygbat1
KEN_014_20211231_052833.flac,973.2,973.2,vilwea1
KEN_014_20211231_052833.flac,977.2,977.2,vilwea1
KEN_014_20211231_052833.flac,979.8,979.8,yebapa1
KEN_014_20211231_052833.flac,982.3,982.3,yebapa1
KEN_014_20211231_052833.flac,983.9,983.9,vilwea1
KEN_014_20211231_052833.flac,987.1,987.1,yebapa1
KEN_014_20211231_052833.flac,990.8,990.8,yebapa1
KEN_014_20211231_052833.flac,992.2,992.2,vilwea1
KEN_014_20211231_052833.flac,994.6,994.6,yebapa1
KEN_014_20211231_052833.flac,999.6,999.6,yebapa1
KEN_014_20211231_052833.flac,1002.6,1002.6,vilwea1
KEN_014_20211231_052833.flac,1003.3,1003.3,yebapa1
KEN_014_20211231_052833.flac,1005.7,1005.7,vilwea1
KEN_014_20211231_052833.flac,1007.7,1007.7,yebapa1
KEN_014_20211231_052833.flac,1010.4,1010.4,vilwea1
KEN_014_20211231_052833.flac,1011.6,1011.6,pygbat1
KEN_014_20211231_052833.flac,1016.2,1016.2,blnmou1
KEN_014_20211231_052833.flac,1017.6,1017.6,vilwea1
KEN_014_20211231_052833.flac,1021.7,1021.7,pygbat1
KEN_014_20211231_052833.flac,1028.5,1028.5,pygbat1
KEN_014_20211231_052833.flac,1032.5,1032.5,pygbat1
KEN_014_20211231_052833.flac,1035.0,1035.0,pygbat1
KEN_014_20211231_052833.flac,1038.8,1038.8,yebapa1
KEN_014_20211231_052833.flac,1045.4,1045.4,yebapa1
KEN_014_20211231_052833.flac,1049.5,1049.5,pygbat1
KEN_014_20211231_052833.flac,1051.8,1051.8,pygbat1
KEN_014_20211231_052833.flac,1053.3,1053.3,yebapa1
KEN_014_20211231_052833.flac,1058.6,1058.6,yebapa1
KEN_014_20211231_052833.flac,1059.2,1059.2,pygbat1
KEN_014_20211231_052833.flac,1065.8,1065.8,pygbat1
KEN_014_20211231_052833.flac,1067.9,1067.9,yebapa1
KEN_014_20211231_052833.flac,1068.4,1068.4,pygbat1
KEN_014_20211231_052833.flac,1071.4,1071.4,pygbat1
KEN_014_20211231_052833.flac,1074.7,1074.7,pygbat1
KEN_014_20211231_052833.flac,1075.9,1075.9,yebapa1
KEN_014_20211231_052833.flac,1080.4,1080.4,yebapa1
KEN_014_20211231_052833.flac,1080.9,1080.9,pygbat1
KEN_014_20211231_052833.flac,1085.2,1085.2,yebapa1
KEN_014_20211231_052833.flac,1085.7,1085.7,pygbat1
KEN_014_20211231_052833.flac,1088.3,1088.3,pygbat1
KEN_014_20211231_052833.flac,1090.6,1090.6,yebapa1
KEN_014_20211231_052833.flac,1093.9,1093.9,pygbat1
KEN_014_20211231_052833.flac,1097.9,1097.9,yebapa1
KEN_014_20211231_052833.flac,1098.5,1098.5,pygbat1
KEN_014_20211231_052833.flac,1101.7,1101.7,pygbat1
KEN_014_20211231_052833.flac,1103.3,1103.3,pygbat1
KEN_014_20211231_052833.flac,1103.8,1103.8,yebapa1
KEN_014_20211231_052833.flac,1106.3,1106.3,pygbat1
KEN_014_20211231_052833.flac,1108.1,1108.1,pygbat1
KEN_014_20211231_052833.flac,1110.0,1110.0,yebapa1
KEN_014_20211231_052833.flac,1130.8,1130.8,pygbat1
KEN_014_20211231_052833.flac,1134.5,1134.5,pygbat1
KEN_014_20211231_052833.flac,1141.1,1141.1,pygbat1
KEN_014_20211231_052833.flac,1145.6,1145.6,pygbat1
KEN_014_20211231_052833.flac,1147.8,1147.8,pygbat1
KEN_014_20211231_052833.flac,1152.4,1152.4,pygbat1
KEN_014_20211231_052833.flac,1159.5,1159.5,pygbat1
KEN_014_20211231_052833.flac,1166.4,1166.4,pygbat1
KEN_014_20211231_052833.flac,1172.4,1172.4,pygbat1
KEN_014_20211231_052833.flac,1186.7,1186.7,pygbat1
KEN_014_20211231_052833.flac,1194.8,1194.8,pygbat1
KEN_014_20211231_052833.flac,1198.3,1198.3,pygbat1
KEN_014_20211231_052833.flac,1203.7,1203.7,pygbat1
KEN_014_20211231_052833.flac,1204.7,1204.7,pygbat1
KEN_014_20211231_052833.flac,1205.0,1205.0,brubru1
KEN_014_20211231_052833.flac,1208.9,1208.9,pygbat1
KEN_014_20211231_052833.flac,1213.1,1213.1,pygbat1
KEN_014_20211231_052833.flac,1223.3,1223.3,pygbat1
KEN_014_20211231_052833.flac,1228.5,1228.5,pygbat1
KEN_014_20211231_052833.flac,1237.1,1237.1,pygbat1
KEN_014_20211231_052833.flac,1245.3,1245.3,rbsrob1
KEN_014_20211231_052833.flac,1246.4,1246.4,blnmou1
KEN_014_20211231_052833.flac,1247.5,1247.5,pygbat1
KEN_014_20211231_052833.flac,1254.3,1254.3,pygbat1
KEN_014_20211231_052833.flac,1278.9,1278.9,pygbat1
KEN_014_20211231_052833.flac,1298.8,1298.8,yebapa1
KEN_014_20211231_052833.flac,1300.4,1300.4,pygbat1
KEN_014_20211231_052833.flac,1305.3,1305.3,pygbat1
KEN_014_20211231_052833.flac,1307.9,1307.9,yebapa1
KEN_014_20211231_052833.flac,1308.5,1308.5,pygbat1
KEN_014_20211231_052833.flac,1312.5,1312.5,pygbat1
KEN_014_20211231_052833.flac,1314.8,1314.8,yebapa1
KEN_014_20211231_052833.flac,1319.8,1319.8,yebapa1
KEN_014_20211231_052833.flac,1323.3,1323.3,yebapa1
KEN_015_20211231_064530.flac,117.0,117.0,pygbat1
KEN_015_20211231_064530.flac,119.9,119.9,pygbat1
KEN_015_20211231_064530.flac,143.2,143.2,wbswea1
KEN_015_20211231_064530.flac,144.3,144.3,blnmou1
KEN_015_20211231_064530.flac,147.8,147.8,pygbat1
KEN_015_20211231_064530.flac,150.2,150.2,blnmou1
KEN_015_20211231_064530.flac,156.0,156.0,eswdov1
KEN_015_20211231_064530.flac,162.8,162.8,crefra2
KEN_015_20211231_064530.flac,167.9,167.9,blnmou1
KEN_015_20211231_064530.flac,168.2,168.2,wbswea1
KEN_015_20211231_064530.flac,178.9,178.9,blnmou1
KEN_015_20211231_064530.flac,264.0,264.0,varsun2
KEN_015_20211231_064530.flac,271.9,271.9,varsun2
KEN_015_20211231_064530.flac,286.3,286.3,eswdov1
KEN_015_20211231_064530.flac,294.5,294.5,crefra2
KEN_015_20211231_064530.flac,303.3,303.3,pygbat1
KEN_015_20211231_064530.flac,315.0,315.0,blnmou1
KEN_015_20211231_064530.flac,321.3,321.3,crefra2
KEN_015_20211231_064530.flac,325.4,325.4,pygbat1
KEN_015_20211231_064530.flac,331.8,331.8,blnmou1
KEN_015_20211231_064530.flac,333.2,333.2,eswdov1
KEN_015_20211231_064530.flac,339.9,339.9,blnmou1
KEN_015_20211231_064530.flac,343.4,343.4,blnmou1
KEN_015_20211231_064530.flac,352.1,352.1,pygbat1
KEN_015_20211231_064530.flac,356.7,356.7,eswdov1
KEN_015_20211231_064530.flac,358.8,358.8,slcbou1
KEN_015_20211231_064530.flac,364.3,364.3,slcbou1
KEN_015_20211231_064530.flac,366.7,366.7,pabspa1
KEN_015_20211231_064530.flac,373.0,373.0,crefra2
KEN_015_20211231_064530.flac,380.4,380.4,pygbat1
KEN_015_20211231_064530.flac,382.9,382.9,pabspa1
KEN_015_20211231_064530.flac,383.8,383.8,pygbat1
KEN_015_20211231_064530.flac,387.2,387.2,pygbat1
KEN_015_20211231_064530.flac,394.2,394.2,eswdov1
KEN_015_20211231_064530.flac,400.3,400.3,pygbat1
KEN_015_20211231_064530.flac,404.2,404.2,pygbat1
KEN_015_20211231_064530.flac,426.6,426.6,wbswea1
KEN_015_20211231_064530.flac,438.4,438.4,pygbat1
KEN_015_20211231_064530.flac,441.4,441.4,spmthr1
KEN_015_20211231_064530.flac,453.2,453.2,rbsrob1
KEN_015_20211231_064530.flac,457.4,457.4,rbsrob1
KEN_015_20211231_064530.flac,476.0,476.0,pabspa1
KEN_015_20211231_064530.flac,535.2,535.2,spmthr1
KEN_015_20211231_064530.flac,537.3,537.3,pabspa1
KEN_015_20211231_064530.flac,538.9,538.9,spmthr1
KEN_015_20211231_064530.flac,540.8,540.8,pabspa1
KEN_015_20211231_064530.flac,541.4,541.4,refwar2
KEN_015_20211231_064530.flac,609.8,609.8,raybar1
KEN_015_20211231_064530.flac,615.5,615.5,raybar1
KEN_015_20211231_064530.flac,616.0,616.0,nubwoo1
KEN_015_20211231_064530.flac,621.9,621.9,raybar1
KEN_015_20211231_064530.flac,622.9,622.9,brubru1
KEN_015_20211231_064530.flac,627.5,627.5,brubru1
KEN_015_20211231_064530.flac,628.8,628.8,rbsrob1
KEN_015_20211231_064530.flac,630.5,630.5,raybar1
KEN_015_20211231_064530.flac,631.7,631.7,rbsrob1
KEN_015_20211231_064530.flac,635.2,635.2,rbsrob1
KEN_015_20211231_064530.flac,636.2,636.2,raybar1
KEN_015_20211231_064530.flac,637.2,637.2,brubru1
KEN_015_20211231_064530.flac,639.3,639.3,rbsrob1
KEN_015_20211231_064530.flac,642.3,642.3,raybar1
KEN_015_20211231_064530.flac,646.0,646.0,brubru1
KEN_015_20211231_064530.flac,647.2,647.2,rbsrob1
KEN_015_20211231_064530.flac,649.9,649.9,rbsrob1
KEN_015_20211231_064530.flac,652.2,652.2,brubru1
KEN_015_20211231_064530.flac,653.1,653.1,rbsrob1
KEN_015_20211231_064530.flac,658.9,658.9,rbsrob1
KEN_015_20211231_064530.flac,661.7,661.7,rbsrob1
KEN_015_20211231_064530.flac,663.3,663.3,brubru1
KEN_015_20211231_064530.flac,664.4,664.4,rbsrob1
KEN_015_20211231_064530.flac,669.0,669.0,brubru1
KEN_015_20211231_064530.flac,669.8,669.8,rbsrob1
KEN_015_20211231_064530.flac,675.6,675.6,rbsrob1
KEN_015_20211231_064530.flac,685.7,685.7,rbsrob1
KEN_015_20211231_064530.flac,695.0,695.0,rbsrob1
KEN_015_20211231_064530.flac,695.8,695.8,pygbat1
KEN_015_20211231_064530.flac,701.0,701.0,pygbat1
KEN_015_20211231_064530.flac,711.0,711.0,pygbat1
KEN_015_20211231_064530.flac,714.5,714.5,pygbat1
KEN_015_20211231_064530.flac,723.5,723.5,pygbat1
KEN_015_20211231_064530.flac,724.3,724.3,mcptit1
KEN_015_20211231_064530.flac,732.7,732.7,pygbat1
KEN_015_20211231_064530.flac,738.6,738.6,pygbat1
KEN_015_20211231_064530.flac,743.3,743.3,pygbat1
KEN_015_20211231_064530.flac,749.5,749.5,pygbat1
KEN_015_20211231_064530.flac,755.8,755.8,pygbat1
KEN_015_20211231_064530.flac,763.4,763.4,pygbat1
KEN_015_20211231_064530.flac,779.0,779.0,brubru1
KEN_015_20211231_064530.flac,796.2,796.2,pygbat1
KEN_015_20211231_064530.flac,802.3,802.3,pygbat1
KEN_015_20211231_064530.flac,803.6,803.6,pabspa1
KEN_015_20211231_064530.flac,807.7,807.7,whbcan1
KEN_015_20211231_064530.flac,808.3,808.3,pygbat1
KEN_015_20211231_064530.flac,811.9,811.9,pabspa1
KEN_015_20211231_064530.flac,814.7,814.7,pygbat1
KEN_015_20211231_064530.flac,816.9,816.9,pabspa1
KEN_015_20211231_064530.flac,843.0,843.0,pabspa1
KEN_015_20211231_064530.flac,849.4,849.4,pygbat1
KEN_015_20211231_064530.flac,855.0,855.0,pygbat1
KEN_015_20211231_064530.flac,856.1,856.1,rbsrob1
KEN_015_20211231_064530.flac,861.8,861.8,pygbat1
KEN_015_20211231_064530.flac,873.0,873.0,pygbat1
KEN_015_20211231_064530.flac,891.9,891.9,nubwoo1
KEN_015_20211231_064530.flac,897.7,897.7,nubwoo1
KEN_015_20211231_064530.flac,917.9,917.9,pygbat1
KEN_015_20211231_064530.flac,931.0,931.0,pygbat1
KEN_015_20211231_064530.flac,933.7,933.7,carwoo1
KEN_015_20211231_064530.flac,935.0,935.0,carwoo1
KEN_015_20211231_064530.flac,956.6,956.6,pygbat1
KEN_015_20211231_064530.flac,959.4,959.4,wbswea1
KEN_015_20211231_064530.flac,964.2,964.2,wbswea1
KEN_015_20211231_064530.flac,966.3,966.3,pygbat1
KEN_015_20211231_064530.flac,986.0,986.0,pygbat1
KEN_015_20211231_064530.flac,991.6,991.6,pygbat1
KEN_015_20211231_064530.flac,1000.0,1000.0,blnmou1
KEN_015_20211231_064530.flac,1000.5,1000.5,wbswea1
KEN_015_20211231_064530.flac,1007.2,1007.2,pygbat1
KEN_015_20211231_064530.flac,1007.7,1007.7,wbswea1
KEN_015_20211231_064530.flac,1017.2,1017.2,blnmou1
KEN_015_20211231_064530.flac,1020.1,1020.1,pygbat1
KEN_015_20211231_064530.flac,1025.0,1025.0,blnmou1
KEN_015_20211231_064530.flac,1042.1,1042.1,refwar2
KEN_015_20211231_064530.flac,1043.4,1043.4,pygbat1
KEN_015_20211231_064530.flac,1048.0,1048.0,refwar2
KEN_015_20211231_064530.flac,1064.6,1064.6,pygbat1
KEN_015_20211231_064530.flac,1082.5,1082.5,pygbat1
KEN_015_20211231_064530.flac,1088.5,1088.5,pygbat1
KEN_015_20211231_064530.flac,1089.7,1089.7,refwar2
KEN_015_20211231_064530.flac,1098.8,1098.8,pygbat1
KEN_015_20211231_064530.flac,1103.4,1103.4,blnmou1
KEN_015_20211231_064530.flac,1118.7,1118.7,blnmou1
KEN_015_20211231_064530.flac,1132.7,1132.7,pygbat1
KEN_015_20211231_064530.flac,1136.7,1136.7,refwar2
KEN_015_20211231_064530.flac,1139.7,1139.7,pygbat1
KEN_015_20211231_064530.flac,1162.8,1162.8,pygbat1
KEN_015_20211231_064530.flac,1171.2,1171.2,pygbat1
KEN_015_20211231_064530.flac,1172.1,1172.1,refwar2
KEN_015_20211231_064530.flac,1188.3,1188.3,refwar2
KEN_015_20211231_064530.flac,1199.3,1199.3,spmthr1
KEN_015_20211231_064530.flac,1203.6,1203.6,spmthr1
KEN_015_20211231_064530.flac,1214.5,1214.5,refwar2
KEN_015_20211231_064530.flac,1227.7,1227.7,pygbat1
KEN_015_20211231_064530.flac,1234.3,1234.3,pygbat1
KEN_015_20211231_064530.flac,1246.2,1246.2,refwar2
KEN_015_20211231_064530.flac,1251.0,1251.0,pygbat1
KEN_015_20211231_064530.flac,1258.6,1258.6,raybar1
KEN_015_20211231_064530.flac,1283.7,1283.7,pygbat1
KEN_015_20211231_064530.flac,1294.5,1294.5,rbsrob1
KEN_015_20211231_064530.flac,1304.4,1304.4,rbsrob1
KEN_015_20211231_064530.flac,1313.8,1313.8,rbsrob1
KEN_015_20211231_064530.flac,1330.5,1330.5,rbsrob1
KEN_015_20211231_064530.flac,1342.4,1342.4,rbsrob1
KEN_015_20211231_064530.flac,1345.1,1345.1,rbsrob1
KEN_015_20211231_064530.flac,1347.7,1347.7,rbsrob1
KEN_015_20211231_064530.flac,1351.5,1351.5,rbsrob1
KEN_015_20211231_064530.flac,1352.3,1352.3,wbswea1
KEN_015_20211231_064530.flac,1353.9,1353.9,raybar1
KEN_015_20211231_064530.flac,1357.5,1357.5,raybar1
KEN_015_20211231_064530.flac,1359.6,1359.6,rbsrob1
KEN_015_20211231_064530.flac,1362.2,1362.2,raybar1
KEN_015_20211231_064530.flac,1366.0,1366.0,raybar1
KEN_015_20211231_064530.flac,1368.0,1368.0,spmthr1
KEN_015_20211231_064530.flac,1376.4,1376.4,raybar1
KEN_015_20211231_064530.flac,1379.5,1379.5,rbsrob1
KEN_015_20211231_064530.flac,1396.3,1396.3,pygbat1
KEN_015_20211231_064530.flac,1405.1,1405.1,refwar2
KEN_015_20211231_064530.flac,1406.6,1406.6,pygbat1
KEN_015_20211231_064530.flac,1416.8,1416.8,rbsrob1
KEN_015_20211231_064530.flac,1418.1,1418.1,pygbat1
KEN_015_20211231_064530.flac,1430.6,1430.6,pygbat1
KEN_015_20211231_064530.flac,1433.7,1433.7,wbswea1
KEN_015_20211231_064530.flac,1440.0,1440.0,rbsrob1
KEN_015_20211231_064530.flac,1445.3,1445.3,rbsrob1
KEN_015_20211231_064530.flac,1450.1,1450.1,rbsrob1
KEN_015_20211231_064530.flac,1457.7,1457.7,rbsrob1
KEN_015_20211231_064530.flac,1465.4,1465.4,rbsrob1
KEN_015_20211231_064530.flac,1471.6,1471.6,rbsrob1
KEN_015_20211231_064530.flac,1476.0,1476.0,pygbat1
KEN_015_20211231_064530.flac,1521.3,1521.3,wbswea1
KEN_015_20211231_064530.flac,1527.1,1527.1,pygbat1
KEN_015_20211231_064530.flac,1560.3,1560.3,pygbat1
KEN_015_20211231_064530.flac,1569.7,1569.7,pygbat1
KEN_015_20211231_064530.flac,1581.0,1581.0,pygbat1
KEN_015_20211231_064530.flac,1609.4,1609.4,reboxp1
KEN_015_20211231_064530.flac,1614.8,1614.8,pygbat1
KEN_015_20211231_064530.flac,1615.4,1615.4,reboxp1
KEN_015_20211231_064530.flac,1618.8,1618.8,pygbat1
KEN_015_20211231_064530.flac,1633.3,1633.3,pygbat1
KEN_015_20211231_064530.flac,1645.1,1645.1,pygbat1
KEN_015_20211231_064530.flac,1651.9,1651.9,crefra2
KEN_015_20211231_064530.flac,1652.2,1652.2,pygbat1
KEN_015_20211231_064530.flac,1691.2,1691.2,pygbat1
KEN_015_20211231_064530.flac,1700.7,1700.7,pygbat1
KEN_015_20211231_064530.flac,1714.4,1714.4,pygbat1
KEN_015_20211231_064530.flac,1718.7,1718.7,pygbat1
KEN_015_20211231_064530.flac,1726.6,1726.6,pygbat1
KEN_015_20211231_064530.flac,1731.4,1731.4,pygbat1
KEN_015_20211231_064530.flac,1734.9,1734.9,pygbat1
KEN_015_20211231_064530.flac,1749.9,1749.9,pygbat1
KEN_015_20211231_064530.flac,1758.9,1758.9,pygbat1
KEN_015_20211231_064530.flac,1775.4,1775.4,pygbat1
KEN_015_20211231_064530.flac,1794.4,1794.4,pygbat1
KEN_015_20211231_064530.flac,1798.0,1798.0,pygbat1
KEN_015_20211231_064530.flac,1819.8,1819.8,somtit4
KEN_015_20211231_064530.flac,1826.9,1826.9,somtit4
KEN_015_20211231_064530.flac,1833.5,1833.5,somtit4
KEN_015_20211231_064530.flac,1856.3,1856.3,somtit4
KEN_015_20211231_064530.flac,1862.7,1862.7,somtit4
KEN_015_20211231_064530.flac,1876.2,1876.2,somtit4
KEN_015_20211231_064530.flac,1890.7,1890.7,spmthr1
KEN_015_20211231_064530.flac,1897.0,1897.0,pygbat1
KEN_015_20211231_064530.flac,1903.2,1903.2,spmthr1
KEN_015_20211231_064530.flac,1904.3,1904.3,somtit4
KEN_015_20211231_064530.flac,1910.6,1910.6,somtit4
KEN_015_20211231_064530.flac,1914.3,1914.3,somtit4
KEN_015_20211231_064530.flac,1922.8,1922.8,somtit4
KEN_015_20211231_064530.flac,1930.9,1930.9,whbwea1
KEN_015_20211231_064530.flac,1967.1,1967.1,blnmou1
KEN_015_20211231_064530.flac,1971.7,1971.7,blnmou1
KEN_015_20211231_064530.flac,1982.8,1982.8,blnmou1
KEN_015_20211231_064530.flac,1987.8,1987.8,raybar1
KEN_015_20211231_064530.flac,1990.4,1990.4,blnmou1
KEN_015_20211231_064530.flac,2021.7,2021.7,beasun2
KEN_015_20211231_064530.flac,2025.7,2025.7,rbsrob1
KEN_015_20211231_064530.flac,2059.8,2059.8,beasun2
KEN_015_20211231_064530.flac,2074.4,2074.4,spmthr1
KEN_015_20211231_064530.flac,2092.5,2092.5,beasun2
KEN_015_20211231_064530.flac,2094.1,2094.1,blnmou1
KEN_015_20211231_064530.flac,2104.6,2104.6,blnmou1
KEN_015_20211231_064530.flac,2112.2,2112.2,blnmou1
KEN_015_20211231_064530.flac,2121.6,2121.6,blnmou1
KEN_015_20211231_064530.flac,2125.6,2125.6,blnmou1
KEN_015_20211231_064530.flac,2126.7,2126.7,nubwoo1
KEN_015_20211231_064530.flac,2137.4,2137.4,blnmou1
KEN_015_20211231_064530.flac,2144.0,2144.0,blnmou1
KEN_015_20211231_064530.flac,2150.7,2150.7,blnmou1
KEN_015_20211231_064530.flac,2157.1,2157.1,blnmou1
KEN_015_20211231_064530.flac,2173.6,2173.6,blnmou1
KEN_015_20211231_064530.flac,2186.1,2186.1,blnmou1
KEN_015_20211231_064530.flac,2206.7,2206.7,brubru1
KEN_015_20211231_064530.flac,2214.1,2214.1,brubru1
KEN_015_20211231_064530.flac,2218.9,2218.9,blnmou1
KEN_015_20211231_064530.flac,2220.4,2220.4,brubru1
KEN_015_20211231_064530.flac,2223.5,2223.5,wbswea1
KEN_015_20211231_064530.flac,2226.2,2226.2,brubru1
KEN_015_20211231_064530.flac,2231.9,2231.9,brubru1
KEN_015_20211231_064530.flac,2233.7,2233.7,pygbat1
KEN_015_20211231_064530.flac,2234.5,2234.5,blnmou1
KEN_015_20211231_064530.flac,2245.4,2245.4,spmthr1
KEN_015_20211231_064530.flac,2249.1,2249.1,brubru1
KEN_015_20211231_064530.flac,2253.1,2253.1,brubru1
KEN_015_20211231_064530.flac,2253.8,2253.8,blnmou1
KEN_015_20211231_064530.flac,2255.4,2255.4,brubru1
KEN_015_20211231_064530.flac,2262.2,2262.2,blnmou1
KEN_015_20211231_064530.flac,2267.9,2267.9,brubru1
KEN_015_20211231_064530.flac,2277.3,2277.3,blnmou1
KEN_015_20211231_064530.flac,2292.8,2292.8,blnmou1
KEN_015_20211231_064530.flac,2299.7,2299.7,brubru1
KEN_015_20211231_064530.flac,2309.4,2309.4,blnmou1
KEN_015_20211231_064530.flac,2315.6,2315.6,blnmou1
KEN_015_20211231_064530.flac,2321.7,2321.7,wbswea1
KEN_015_20211231_064530.flac,2326.5,2326.5,blnmou1
KEN_015_20211231_064530.flac,2334.5,2334.5,blnmou1
KEN_015_20211231_064530.flac,2349.3,2349.3,brubru1
KEN_015_20211231_064530.flac,2350.9,2350.9,blnmou1
KEN_015_20211231_064530.flac,2377.8,2377.8,reboxp1
KEN_015_20211231_064530.flac,2379.9,2379.9,reboxp1
KEN_015_20211231_064530.flac,2383.0,2383.0,pabspa1
KEN_015_20211231_064530.flac,2392.9,2392.9,pabspa1
KEN_015_20211231_064530.flac,2420.4,2420.4,beasun2
KEN_015_20211231_064530.flac,2440.5,2440.5,pabspa1
KEN_015_20211231_064530.flac,2459.1,2459.1,brubru1
KEN_015_20211231_064530.flac,2467.0,2467.0,brubru1
KEN_015_20211231_064530.flac,2475.2,2475.2,pabspa1
KEN_015_20211231_064530.flac,2521.8,2521.8,brubru1
KEN_015_20211231_064530.flac,2526.6,2526.6,pabspa1
KEN_015_20211231_064530.flac,2527.0,2527.0,slcbou1
KEN_015_20211231_064530.flac,2616.0,2616.0,brubru1
KEN_015_20211231_064530.flac,2623.9,2623.9,brubru1
KEN_015_20211231_064530.flac,2643.5,2643.5,brubru1
KEN_015_20211231_064530.flac,2671.2,2671.2,pabspa1
KEN_015_20211231_064530.flac,2711.6,2711.6,spmthr1
KEN_015_20211231_064530.flac,2719.9,2719.9,spmthr1
KEN_015_20211231_064530.flac,2734.4,2734.4,spmthr1
KEN_015_20211231_064530.flac,2739.0,2739.0,spmthr1
KEN_015_20211231_064530.flac,2746.2,2746.2,raybar1
KEN_015_20211231_064530.flac,2747.2,2747.2,brubru1
KEN_015_20211231_064530.flac,2784.9,2784.9,brubru1
KEN_015_20211231_064530.flac,2818.0,2818.0,wbswea1
KEN_015_20211231_064530.flac,2838.6,2838.6,spmthr1
KEN_015_20211231_064530.flac,2875.6,2875.6,spmthr1
KEN_015_20211231_064530.flac,2911.6,2911.6,wbswea1
KEN_015_20211231_064530.flac,2929.1,2929.1,hunsun2
KEN_015_20211231_064530.flac,2930.3,2930.3,pygbat1
KEN_015_20211231_064530.flac,2969.5,2969.5,pygbat1
KEN_015_20211231_064530.flac,3092.1,3092.1,brubru1
KEN_015_20211231_064530.flac,3096.3,3096.3,pygbat1
KEN_015_20211231_064530.flac,3099.9,3099.9,pygbat1
KEN_015_20211231_064530.flac,3113.4,3113.4,bltbar1
KEN_015_20211231_064530.flac,3122.3,3122.3,bltbar1
KEN_015_20211231_064530.flac,3123.0,3123.0,pygbat1
KEN_015_20211231_064530.flac,3145.8,3145.8,rbsrob1
KEN_015_20211231_064530.flac,3171.9,3171.9,pygbat1
KEN_015_20211231_064530.flac,3185.8,3185.8,pygbat1
KEN_015_20211231_064530.flac,3188.1,3188.1,whbwea1
KEN_015_20211231_064530.flac,3194.4,3194.4,pygbat1
KEN_015_20211231_064530.flac,3196.6,3196.6,blnmou1
KEN_015_20211231_064530.flac,3234.2,3234.2,pygbat1
KEN_015_20211231_064530.flac,3241.0,3241.0,pygbat1
KEN_015_20211231_064530.flac,3282.2,3282.2,pygbat1
KEN_015_20211231_064530.flac,3288.8,3288.8,pygbat1
KEN_015_20211231_064530.flac,3297.8,3297.8,pygbat1
KEN_015_20211231_064530.flac,3302.6,3302.6,wbswea1
KEN_015_20211231_064530.flac,3307.2,3307.2,pygbat1
KEN_015_20211231_064530.flac,3336.3,3336.3,pygbat1
KEN_015_20211231_064530.flac,3349.6,3349.6,blnmou1
KEN_015_20211231_064530.flac,3359.8,3359.8,blnmou1
KEN_015_20211231_064530.flac,3360.4,3360.4,pygbat1
KEN_015_20211231_064530.flac,3377.6,3377.6,blnmou1
KEN_015_20211231_064530.flac,3409.2,3409.2,blnmou1
KEN_015_20211231_064530.flac,3417.9,3417.9,blnmou1
KEN_015_20211231_064530.flac,3443.9,3443.9,pygbat1
KEN_015_20211231_064530.flac,3446.7,3446.7,pygbat1
KEN_015_20211231_064530.flac,3454.1,3454.1,pygbat1
KEN_015_20211231_064530.flac,3457.4,3457.4,spmthr1
KEN_015_20211231_064530.flac,3463.2,3463.2,pygbat1
KEN_015_20211231_064530.flac,3466.4,3466.4,spmthr1
KEN_015_20211231_064530.flac,3467.6,3467.6,pygbat1
KEN_015_20211231_064530.flac,3472.6,3472.6,pygbat1
KEN_015_20211231_064530.flac,3477.7,3477.7,pygbat1
KEN_015_20211231_064530.flac,3496.2,3496.2,blnmou1
KEN_015_20211231_064530.flac,3503.5,3503.5,blnmou1
KEN_015_20211231_064530.flac,3508.5,3508.5,wbswea1
KEN_015_20211231_064530.flac,3568.1,3568.1,wbswea1
KEN_016_20220106_034732.flac,61.9,61.9,spemou2
KEN_016_20220106_034732.flac,67.6,67.6,spemou2
KEN_016_20220106_034732.flac,75.7,75.7,spemou2
KEN_016_20220106_034732.flac,83.0,83.0,spemou2
KEN_016_20220106_034732.flac,92.8,92.8,spemou2
KEN_016_20220106_034732.flac,128.7,128.7,spemou2
KEN_016_20220106_034732.flac,133.7,133.7,spemou2
KEN_016_20220106_034732.flac,170.0,170.0,reccor
KEN_016_20220106_034732.flac,177.0,177.0,reccor
KEN_016_20220106_034732.flac,184.5,184.5,reccor
KEN_016_20220106_034732.flac,187.7,187.7,spemou2
KEN_016_20220106_034732.flac,189.5,189.5,reccor
KEN_016_20220106_034732.flac,196.5,196.5,spemou2
KEN_016_20220106_034732.flac,203.6,203.6,reccor
KEN_016_20220106_034732.flac,205.2,205.2,spemou2
KEN_016_20220106_034732.flac,209.2,209.2,spemou2
KEN_016_20220106_034732.flac,218.7,218.7,spemou2
KEN_016_20220106_034732.flac,225.2,225.2,spemou2
KEN_016_20220106_034732.flac,233.1,233.1,spemou2
KEN_016_20220106_034732.flac,237.8,237.8,spemou2
KEN_016_20220106_034732.flac,247.0,247.0,spemou2
KEN_016_20220106_034732.flac,254.3,254.3,spemou2
KEN_016_20220106_034732.flac,283.0,283.0,spemou2
KEN_016_20220106_034732.flac,291.3,291.3,spemou2
KEN_016_20220106_034732.flac,299.3,299.3,spemou2
KEN_016_20220106_034732.flac,302.0,302.0,meypar1
KEN_016_20220106_034732.flac,304.9,304.9,spemou2
KEN_016_20220106_034732.flac,320.3,320.3,spemou2
KEN_016_20220106_034732.flac,329.1,329.1,spemou2
KEN_016_20220106_034732.flac,595.0,595.0,reccor
KEN_016_20220106_034732.flac,607.1,607.1,reccor
KEN_016_20220106_034732.flac,615.1,615.1,reccor
KEN_016_20220106_034732.flac,627.3,627.3,reccor
KEN_016_20220106_034732.flac,635.6,635.6,reccor
KEN_016_20220106_034732.flac,670.3,670.3,reccor
KEN_016_20220106_034732.flac,687.4,687.4,reccor
KEN_016_20220106_034732.flac,704.9,704.9,reccor
KEN_016_20220106_034732.flac,717.3,717.3,reccor
KEN_016_20220106_034732.flac,726.0,726.0,reccor
KEN_016_20220106_034732.flac,897.1,897.1,crefra2
KEN_016_20220106_034732.flac,1018.8,1018.8,wbrcha2
KEN_016_20220106_034732.flac,1019.3,1019.3,wbswea1
KEN_016_20220106_034732.flac,1045.3,1045.3,slcbou1
KEN_016_20220106_034732.flac,1254.7,1254.7,gnbcam2
KEN_016_20220106_034732.flac,1264.6,1264.6,gnbcam2
KEN_016_20220106_034732.flac,1273.7,1273.7,gnbcam2
KEN_016_20220106_034732.flac,1287.1,1287.1,gnbcam2
KEN_016_20220106_034732.flac,1303.1,1303.1,gnbcam2
KEN_016_20220106_034732.flac,1340.4,1340.4,gnbcam2
KEN_016_20220106_034732.flac,1387.0,1387.0,gnbcam2
KEN_016_20220106_034732.flac,1427.3,1427.3,wbrcha2
KEN_016_20220106_034732.flac,1434.9,1434.9,wbrcha2
KEN_016_20220106_034732.flac,1444.8,1444.8,wbrcha2
KEN_016_20220106_034732.flac,1563.5,1563.5,wbrcha2
KEN_016_20220106_034732.flac,1681.5,1681.5,varsun2
KEN_016_20220106_034732.flac,1688.3,1688.3,wbswea1
KEN_016_20220106_034732.flac,1709.5,1709.5,varsun2
KEN_016_20220106_034732.flac,1713.8,1713.8,combul2
KEN_016_20220106_034732.flac,1720.0,1720.0,varsun2
KEN_016_20220106_034732.flac,1728.3,1728.3,varsun2
KEN_016_20220106_034732.flac,1733.4,1733.4,wbswea1
KEN_016_20220106_034732.flac,1751.8,1751.8,wbswea1
KEN_016_20220106_034732.flac,1762.2,1762.2,crohor1
KEN_016_20220106_034732.flac,1778.4,1778.4,crohor1
KEN_016_20220106_034732.flac,1800.5,1800.5,crohor1
KEN_016_20220106_034732.flac,1850.3,1850.3,crohor1
KEN_016_20220106_034732.flac,1869.6,1869.6,wbrcha2
KEN_016_20220106_034732.flac,1885.3,1885.3,crohor1
KEN_016_20220106_034732.flac,1887.5,1887.5,slcbou1
KEN_016_20220106_034732.flac,1891.7,1891.7,slcbou1
KEN_016_20220106_034732.flac,1892.0,1892.0,crohor1
KEN_016_20220106_034732.flac,1895.5,1895.5,slcbou1
KEN_016_20220106_034732.flac,1896.7,1896.7,crohor1
KEN_016_20220106_034732.flac,1906.2,1906.2,crohor1
KEN_016_20220106_034732.flac,1906.9,1906.9,wbgbir1
KEN_016_20220106_034732.flac,1920.4,1920.4,crohor1
KEN_016_20220106_034732.flac,1926.8,1926.8,crefra2
KEN_016_20220106_034732.flac,1928.4,1928.4,crohor1
KEN_016_20220106_034732.flac,1931.5,1931.5,crohor1
KEN_016_20220106_034732.flac,1941.5,1941.5,crohor1
KEN_016_20220106_034732.flac,2041.6,2041.6,wbrcha2
KEN_016_20220106_034732.flac,2061.6,2061.6,wbrcha2
KEN_016_20220106_034732.flac,2069.9,2069.9,wbrcha2
KEN_016_20220106_034732.flac,2117.2,2117.2,wbrcha2
KEN_016_20220106_034732.flac,2123.6,2123.6,marsun2
KEN_016_20220106_034732.flac,2170.3,2170.3,gnbcam2
KEN_016_20220106_034732.flac,2266.1,2266.1,supsta1
KEN_016_20220106_034732.flac,2348.9,2348.9,rebfir2
KEN_016_20220106_034732.flac,2354.7,2354.7,rebfir2
KEN_016_20220106_034732.flac,2360.7,2360.7,reccor
KEN_016_20220106_034732.flac,2361.4,2361.4,rebfir2
KEN_016_20220106_034732.flac,2362.9,2362.9,rebfir2
KEN_016_20220106_034732.flac,2365.3,2365.3,reccor
KEN_016_20220106_034732.flac,2367.9,2367.9,reccor
KEN_016_20220106_034732.flac,2368.1,2368.1,supsta1
KEN_016_20220106_034732.flac,2376.6,2376.6,reccor
KEN_016_20220106_034732.flac,2377.7,2377.7,rebfir2
KEN_016_20220106_034732.flac,2383.4,2383.4,reccor
KEN_016_20220106_034732.flac,2388.9,2388.9,reccor
KEN_016_20220106_034732.flac,2395.8,2395.8,reccor
KEN_016_20220106_034732.flac,2399.2,2399.2,rebfir2
KEN_016_20220106_034732.flac,2433.4,2433.4,reccor
KEN_016_20220106_034732.flac,2445.1,2445.1,reccor
KEN_016_20220106_034732.flac,2450.8,2450.8,reccor
KEN_016_20220106_034732.flac,2457.6,2457.6,reccor
KEN_016_20220106_034732.flac,2465.7,2465.7,reccor
KEN_016_20220106_034732.flac,2469.1,2469.1,reccor
KEN_016_20220106_034732.flac,2479.5,2479.5,reccor
KEN_016_20220106_034732.flac,2486.4,2486.4,reccor
KEN_016_20220106_034732.flac,2499.8,2499.8,wbrcha2
KEN_016_20220106_034732.flac,2526.3,2526.3,blnmou1
KEN_016_20220106_034732.flac,2543.6,2543.6,combul2
KEN_016_20220106_034732.flac,2552.1,2552.1,combul2
KEN_016_20220106_034732.flac,2665.6,2665.6,gnbcam2
KEN_016_20220106_034732.flac,2672.1,2672.1,gnbcam2
KEN_016_20220106_034732.flac,2678.2,2678.2,combul2
KEN_016_20220106_034732.flac,2680.4,2680.4,gnbcam2
KEN_016_20220106_034732.flac,2701.5,2701.5,combul2
KEN_016_20220106_034732.flac,2703.9,2703.9,gnbcam2
KEN_016_20220106_034732.flac,2709.9,2709.9,gnbcam2
KEN_016_20220106_034732.flac,2711.7,2711.7,combul2
KEN_016_20220106_034732.flac,2718.0,2718.0,gnbcam2
KEN_016_20220106_034732.flac,2725.6,2725.6,gnbcam2
KEN_016_20220106_034732.flac,2731.9,2731.9,gnbcam2
KEN_016_20220106_034732.flac,2739.4,2739.4,gnbcam2
KEN_016_20220106_034732.flac,2745.4,2745.4,gnbcam2
KEN_016_20220106_034732.flac,2748.6,2748.6,combul2
KEN_016_20220106_034732.flac,2749.3,2749.3,gnbcam2
KEN_016_20220106_034732.flac,2757.4,2757.4,gnbcam2
KEN_016_20220106_034732.flac,2762.6,2762.6,gnbcam2
KEN_016_20220106_034732.flac,2767.0,2767.0,gnbcam2
KEN_016_20220106_034732.flac,2779.8,2779.8,gnbcam2
KEN_016_20220106_034732.flac,2787.2,2787.2,gnbcam2
KEN_016_20220106_034732.flac,2798.6,2798.6,gnbcam2
KEN_016_20220106_034732.flac,2808.3,2808.3,gnbcam2
KEN_016_20220106_034732.flac,2826.6,2826.6,gnbcam2
KEN_016_20220106_034732.flac,2839.8,2839.8,wbrcha2
KEN_016_20220106_034732.flac,2847.6,2847.6,gnbcam2
KEN_016_20220106_034732.flac,2853.3,2853.3,gnbcam2
KEN_016_20220106_034732.flac,2875.4,2875.4,wbswea1
KEN_016_20220106_034732.flac,2880.2,2880.2,wbrcha2
KEN_016_20220106_034732.flac,2880.8,2880.8,gnbcam2
KEN_016_20220106_034732.flac,2912.9,2912.9,slcbou1
KEN_016_20220106_034732.flac,2917.6,2917.6,wbswea1
KEN_016_20220106_034732.flac,2944.2,2944.2,gnbcam2
KEN_016_20220106_034732.flac,2949.6,2949.6,gnbcam2
KEN_016_20220106_034732.flac,3037.9,3037.9,wbgbir1
KEN_016_20220106_034732.flac,3053.1,3053.1,fotdro5
KEN_016_20220106_034732.flac,3139.3,3139.3,wbrcha2
KEN_016_20220106_034732.flac,3146.4,3146.4,wbrcha2
KEN_016_20220106_034732.flac,3185.9,3185.9,wbrcha2
KEN_016_20220106_034732.flac,3216.7,3216.7,wbrcha2
KEN_016_20220106_034732.flac,3430.0,3430.0,wbswea1
KEN_016_20220106_034732.flac,3493.4,3493.4,wbswea1
KEN_016_20220106_034732.flac,3497.7,3497.7,wbrcha2
KEN_016_20220106_034732.flac,3505.8,3505.8,wbrcha2
KEN_016_20220106_034732.flac,3515.8,3515.8,wbrcha2
KEN_016_20220106_034732.flac,3547.1,3547.1,wbrcha2
KEN_016_20220106_034732.flac,3548.4,3548.4,wbswea1
KEN_016_20220106_034732.flac,3555.5,3555.5,wbrcha2
KEN_016_20220106_034732.flac,3564.9,3564.9,wbrcha2
KEN_016_20220106_034732.flac,3580.7,3580.7,refbar2
KEN_016_20220106_034732.flac,3597.9,3597.9,wbrcha2
KEN_017_20220106_043834.flac,25.6,25.6,gnbcam2
KEN_017_20220106_043834.flac,34.3,34.3,gnbcam2
KEN_017_20220106_043834.flac,41.3,41.3,whbwhe3
KEN_017_20220106_043834.flac,42.5,42.5,gnbcam2
KEN_017_20220106_043834.flac,46.7,46.7,whbwhe3
KEN_017_20220106_043834.flac,48.5,48.5,combul2
KEN_017_20220106_043834.flac,185.6,185.6,combul2
KEN_017_20220106_043834.flac,205.9,205.9,wbrcha2
KEN_017_20220106_043834.flac,213.3,213.3,wbrcha2
KEN_017_20220106_043834.flac,217.2,217.2,wbrcha2
KEN_017_20220106_043834.flac,222.3,222.3,wbrcha2
KEN_017_20220106_043834.flac,237.2,237.2,wbrcha2
KEN_017_20220106_043834.flac,247.7,247.7,moccha1
KEN_017_20220106_043834.flac,251.0,251.0,wbrcha2
KEN_017_20220106_043834.flac,259.1,259.1,wbrcha2
KEN_017_20220106_043834.flac,270.3,270.3,wbrcha2
KEN_017_20220106_043834.flac,304.2,304.2,wbrcha2
KEN_017_20220106_043834.flac,311.5,311.5,reccor
KEN_017_20220106_043834.flac,324.1,324.1,reccor
KEN_017_20220106_043834.flac,334.1,334.1,moccha1
KEN_017_20220106_043834.flac,340.8,340.8,moccha1
KEN_017_20220106_043834.flac,366.1,366.1,moccha1
KEN_017_20220106_043834.flac,384.8,384.8,moccha1
KEN_017_20220106_043834.flac,393.6,393.6,moccha1
KEN_017_20220106_043834.flac,405.6,405.6,moccha1
KEN_017_20220106_043834.flac,416.2,416.2,moccha1
KEN_017_20220106_043834.flac,433.3,433.3,moccha1
KEN_017_20220106_043834.flac,450.7,450.7,moccha1
KEN_017_20220106_043834.flac,464.6,464.6,moccha1
KEN_017_20220106_043834.flac,479.3,479.3,moccha1
KEN_017_20220106_043834.flac,480.3,480.3,blnmou1
KEN_017_20220106_043834.flac,491.5,491.5,blnmou1
KEN_017_20220106_043834.flac,493.7,493.7,moccha1
KEN_017_20220106_043834.flac,508.1,508.1,moccha1
KEN_017_20220106_043834.flac,522.5,522.5,moccha1
KEN_017_20220106_043834.flac,536.7,536.7,moccha1
KEN_017_20220106_043834.flac,555.8,555.8,moccha1
KEN_017_20220106_043834.flac,568.9,568.9,moccha1
KEN_017_20220106_043834.flac,578.4,578.4,moccha1
KEN_017_20220106_043834.flac,582.0,582.0,moccha1
KEN_017_20220106_043834.flac,588.9,588.9,moccha1
KEN_017_20220106_043834.flac,602.9,602.9,moccha1
KEN_017_20220106_043834.flac,787.4,787.4,marsun2
KEN_017_20220106_043834.flac,847.8,847.8,marsun2
KEN_017_20220106_043834.flac,858.1,858.1,marsun2
KEN_017_20220106_043834.flac,861.1,861.1,reccor
KEN_017_20220106_043834.flac,918.4,918.4,moccha1
KEN_017_20220106_043834.flac,925.0,925.0,gnbcam2
KEN_017_20220106_043834.flac,952.9,952.9,marsun2
KEN_017_20220106_043834.flac,1077.0,1077.0,reccor
KEN_017_20220106_043834.flac,1083.5,1083.5,combul2
KEN_017_20220106_043834.flac,1163.3,1163.3,reccor
KEN_017_20220106_043834.flac,1412.1,1412.1,combul2
KEN_017_20220106_043834.flac,1423.1,1423.1,wbrcha2
KEN_017_20220106_043834.flac,1486.4,1486.4,yeccan1
KEN_017_20220106_043834.flac,1501.0,1501.0,combul2
KEN_017_20220106_043834.flac,1555.9,1555.9,whbwhe3
KEN_017_20220106_043834.flac,1609.1,1609.1,reccor
KEN_017_20220106_043834.flac,1627.6,1627.6,reccor
KEN_017_20220106_043834.flac,1629.3,1629.3,wbrcha2
KEN_017_20220106_043834.flac,1633.7,1633.7,reccor
KEN_017_20220106_043834.flac,1634.2,1634.2,wbrcha2
KEN_017_20220106_043834.flac,1638.4,1638.4,wbrcha2
KEN_017_20220106_043834.flac,1643.5,1643.5,reccor
KEN_017_20220106_043834.flac,1711.6,1711.6,rindov
KEN_017_20220106_043834.flac,1720.1,1720.1,rindov
KEN_017_20220106_043834.flac,1729.5,1729.5,rindov
KEN_017_20220106_043834.flac,1735.7,1735.7,rindov
KEN_017_20220106_043834.flac,1747.2,1747.2,rindov
KEN_017_20220106_043834.flac,1771.2,1771.2,combul2
KEN_017_20220106_043834.flac,1786.5,1786.5,combul2
KEN_017_20220106_043834.flac,1793.7,1793.7,rindov
KEN_017_20220106_043834.flac,1799.6,1799.6,combul2
KEN_017_20220106_043834.flac,1804.3,1804.3,nubwoo1
KEN_017_20220106_043834.flac,1809.1,1809.1,rindov
KEN_017_20220106_043834.flac,1829.3,1829.3,rindov
KEN_017_20220106_043834.flac,1838.7,1838.7,gnbcam2
KEN_017_20220106_043834.flac,1863.8,1863.8,combul2
KEN_017_20220106_043834.flac,1872.2,1872.2,rindov
KEN_017_20220106_043834.flac,1884.8,1884.8,combul2
KEN_017_20220106_043834.flac,1892.2,1892.2,combul2
KEN_017_20220106_043834.flac,1894.3,1894.3,rindov
KEN_017_20220106_043834.flac,2099.0,2099.0,nubwoo1
KEN_017_20220106_043834.flac,2105.9,2105.9,varsun2
KEN_017_20220106_043834.flac,2217.8,2217.8,combul2
KEN_017_20220106_043834.flac,2273.1,2273.1,tafpri1
KEN_017_20220106_043834.flac,2289.0,2289.0,fislov1
KEN_017_20220106_043834.flac,2292.3,2292.3,tafpri1
KEN_017_20220106_043834.flac,2299.5,2299.5,varsun2
KEN_017_20220106_043834.flac,2333.6,2333.6,combul2
KEN_017_20220106_043834.flac,2341.2,2341.2,combul2
KEN_017_20220106_043834.flac,2349.0,2349.0,combul2
KEN_017_20220106_043834.flac,2360.1,2360.1,combul2
KEN_017_20220106_043834.flac,2389.2,2389.2,combul2
KEN_017_20220106_043834.flac,2397.4,2397.4,combul2
KEN_017_20220106_043834.flac,2412.2,2412.2,combul2
KEN_017_20220106_043834.flac,2417.5,2417.5,combul2
KEN_017_20220106_043834.flac,2435.2,2435.2,combul2
KEN_017_20220106_043834.flac,2447.2,2447.2,libeat1
KEN_017_20220106_043834.flac,2467.8,2467.8,combul2
KEN_017_20220106_043834.flac,2519.2,2519.2,spemou2
KEN_017_20220106_043834.flac,3008.5,3008.5,wbrcha2
KEN_017_20220106_043834.flac,3303.9,3303.9,wbrcha2
KEN_017_20220106_043834.flac,3344.5,3344.5,afpwag1
KEN_017_20220106_043834.flac,3347.5,3347.5,wbrcha2
KEN_017_20220106_043834.flac,3354.2,3354.2,wbrcha2
KEN_017_20220106_043834.flac,3361.1,3361.1,afpwag1
KEN_017_20220106_043834.flac,3368.0,3368.0,afpwag1
KEN_017_20220106_043834.flac,3392.8,3392.8,afpwag1
KEN_017_20220106_043834.flac,3398.3,3398.3,wbrcha2
KEN_017_20220106_043834.flac,3406.7,3406.7,afpwag1
KEN_017_20220106_043834.flac,3408.6,3408.6,wbrcha2
KEN_017_20220106_043834.flac,3420.9,3420.9,afpwag1
KEN_017_20220106_043834.flac,3428.4,3428.4,wbrcha2
KEN_017_20220106_043834.flac,3434.1,3434.1,wbrcha2
KEN_017_20220106_043834.flac,3463.1,3463.1,afpwag1
KEN_017_20220106_043834.flac,3473.0,3473.0,combul2
KEN_017_20220106_043834.flac,3485.7,3485.7,afpwag1
KEN_017_20220106_043834.flac,3489.8,3489.8,combul2
KEN_017_20220106_043834.flac,3508.1,3508.1,afpwag1
KEN_017_20220106_043834.flac,3536.3,3536.3,whbwhe3
KEN_017_20220106_043834.flac,3558.6,3558.6,whbwhe3
KEN_017_20220106_043834.flac,3571.3,3571.3,whbwhe3
KEN_017_20220106_043834.flac,3581.2,3581.2,whbwhe3
KEN_017_20220106_043834.flac,3590.1,3590.1,whbwhe3
KEN_017_20220106_043834.flac,3598.2,3598.2,whbwhe3
KEN_018_20220107_063341.flac,34.1,34.1,tafpri1
KEN_018_20220107_063341.flac,42.6,42.6,tafpri1
KEN_018_20220107_063341.flac,46.6,46.6,afpfly1
KEN_018_20220107_063341.flac,102.5,102.5,afpfly1
KEN_018_20220107_063341.flac,131.4,131.4,gnbcam2
KEN_018_20220107_063341.flac,318.5,318.5,trobou1
KEN_018_20220107_063341.flac,327.3,327.3,trobou1
KEN_018_20220107_063341.flac,361.3,361.3,trobou1
KEN_018_20220107_063341.flac,374.8,374.8,trobou1
KEN_018_20220107_063341.flac,387.9,387.9,trobou1
KEN_018_20220107_063341.flac,415.5,415.5,trobou1
KEN_018_20220107_063341.flac,535.7,535.7,libeat1
KEN_018_20220107_063341.flac,654.2,654.2,chibat1
KEN_018_20220107_063341.flac,674.5,674.5,libeat1
KEN_018_20220107_063341.flac,800.1,800.1,crohor1
KEN_018_20220107_063341.flac,805.8,805.8,afpfly1
KEN_018_20220107_063341.flac,837.1,837.1,libeat1
KEN_018_20220107_063341.flac,844.9,844.9,libeat1
KEN_018_20220107_063341.flac,878.2,878.2,chibat1
KEN_018_20220107_063341.flac,902.2,902.2,sccsun2
KEN_018_20220107_063341.flac,912.4,912.4,libeat1
KEN_018_20220107_063341.flac,927.2,927.2,sccsun2
KEN_018_20220107_063341.flac,939.7,939.7,libeat1
KEN_018_20220107_063341.flac,952.7,952.7,libeat1
KEN_018_20220107_063341.flac,975.4,975.4,combul2
KEN_018_20220107_063341.flac,1011.1,1011.1,sccsun2
KEN_018_20220107_063341.flac,1039.3,1039.3,afpfly1
KEN_018_20220107_063341.flac,1112.2,1112.2,reftin1
KEN_018_20220107_063341.flac,1116.4,1116.4,spemou2
KEN_018_20220107_063341.flac,1121.1,1121.1,gnbcam2
KEN_018_20220107_063341.flac,1133.6,1133.6,norpuf1
KEN_018_20220107_063341.flac,1143.2,1143.2,gnbcam2
KEN_018_20220107_063341.flac,1152.2,1152.2,gnbcam2
KEN_018_20220107_063341.flac,1158.0,1158.0,gnbcam2
KEN_018_20220107_063341.flac,1161.9,1161.9,libeat1
KEN_018_20220107_063341.flac,1165.3,1165.3,brosun1
KEN_018_20220107_063341.flac,1180.1,1180.1,brosun1
KEN_018_20220107_063341.flac,1234.3,1234.3,trobou1
KEN_018_20220107_063341.flac,1311.0,1311.0,libeat1
KEN_018_20220107_063341.flac,1313.7,1313.7,reftin1
KEN_018_20220107_063341.flac,1325.9,1325.9,chibat1
KEN_018_20220107_063341.flac,1327.9,1327.9,reftin1
KEN_018_20220107_063341.flac,1332.1,1332.1,chibat1
KEN_018_20220107_063341.flac,1340.9,1340.9,reftin1
KEN_018_20220107_063341.flac,1348.6,1348.6,reftin1
KEN_018_20220107_063341.flac,1372.2,1372.2,reftin1
KEN_018_20220107_063341.flac,1386.2,1386.2,reftin1
KEN_018_20220107_063341.flac,1462.0,1462.0,afpfly1
KEN_018_20220107_063341.flac,1485.1,1485.1,mouwag1
KEN_018_20220107_063341.flac,1499.8,1499.8,mouwag1
KEN_018_20220107_063341.flac,1504.7,1504.7,norpuf1
KEN_018_20220107_063341.flac,1513.4,1513.4,mouwag1
KEN_018_20220107_063341.flac,1595.7,1595.7,reftin1
KEN_018_20220107_063341.flac,1603.2,1603.2,mouwag1
KEN_018_20220107_063341.flac,1607.4,1607.4,reftin1
KEN_018_20220107_063341.flac,1677.9,1677.9,reftin1
KEN_018_20220107_063341.flac,1680.7,1680.7,afpfly1
KEN_018_20220107_063341.flac,1683.5,1683.5,tafpri1
KEN_018_20220107_063341.flac,1727.1,1727.1,spemou2
KEN_018_20220107_063341.flac,1729.4,1729.4,afpfly1
KEN_018_20220107_063341.flac,1746.3,1746.3,spemou2
KEN_018_20220107_063341.flac,1782.6,1782.6,spemou2
KEN_018_20220107_063341.flac,1798.9,1798.9,spemou2
KEN_018_20220107_063341.flac,1801.8,1801.8,reftin1
KEN_018_20220107_063341.flac,1811.1,1811.1,reftin1
KEN_018_20220107_063341.flac,1825.0,1825.0,libeat1
KEN_018_20220107_063341.flac,1833.0,1833.0,spemou2
KEN_018_20220107_063341.flac,1885.6,1885.6,combul2
KEN_018_20220107_063341.flac,1913.2,1913.2,libeat1
KEN_018_20220107_063341.flac,1935.0,1935.0,afpfly1
KEN_018_20220107_063341.flac,1938.2,1938.2,eswdov1
KEN_018_20220107_063341.flac,1940.1,1940.1,combul2
KEN_018_20220107_063341.flac,1948.7,1948.7,colsun2
KEN_018_20220107_063341.flac,1955.7,1955.7,libeat1
KEN_018_20220107_063341.flac,1988.4,1988.4,libeat1
KEN_018_20220107_063341.flac,2011.9,2011.9,spemou2
KEN_018_20220107_063341.flac,2037.6,2037.6,combul2
KEN_018_20220107_063341.flac,2046.1,2046.1,spemou2
KEN_018_20220107_063341.flac,2049.1,2049.1,spemou2
KEN_018_20220107_063341.flac,2051.2,2051.2,reftin1
KEN_018_20220107_063341.flac,2057.0,2057.0,spemou2
KEN_018_20220107_063341.flac,2059.8,2059.8,whbwhe3
KEN_018_20220107_063341.flac,2076.2,2076.2,spemou2
KEN_018_20220107_063341.flac,2149.7,2149.7,reftin1
KEN_018_20220107_063341.flac,2156.4,2156.4,rindov
KEN_018_20220107_063341.flac,2178.7,2178.7,rindov
KEN_018_20220107_063341.flac,2187.8,2187.8,rindov
KEN_018_20220107_063341.flac,2199.2,2199.2,rindov
KEN_018_20220107_063341.flac,2205.9,2205.9,reftin1
KEN_018_20220107_063341.flac,2212.4,2212.4,rindov
KEN_018_20220107_063341.flac,2225.3,2225.3,rindov
KEN_018_20220107_063341.flac,2232.7,2232.7,rindov
KEN_018_20220107_063341.flac,2242.5,2242.5,wbrcha2
KEN_018_20220107_063341.flac,2246.8,2246.8,rindov
KEN_018_20220107_063341.flac,2252.7,2252.7,wbrcha2
KEN_018_20220107_063341.flac,2261.5,2261.5,rindov
KEN_018_20220107_063341.flac,2264.2,2264.2,wbrcha2
KEN_018_20220107_063341.flac,2273.3,2273.3,wbrcha2
KEN_018_20220107_063341.flac,2281.1,2281.1,reftin1
KEN_018_20220107_063341.flac,2288.4,2288.4,reftin1
KEN_018_20220107_063341.flac,2289.3,2289.3,wbrcha2
KEN_018_20220107_063341.flac,2304.6,2304.6,trobou1
KEN_018_20220107_063341.flac,2309.4,2309.4,rindov
KEN_018_20220107_063341.flac,2323.0,2323.0,rindov
KEN_018_20220107_063341.flac,2330.0,2330.0,wbrcha2
KEN_018_20220107_063341.flac,2335.1,2335.1,refcro1
KEN_018_20220107_063341.flac,2346.5,2346.5,wbrcha2
KEN_018_20220107_063341.flac,2352.3,2352.3,rindov
KEN_018_20220107_063341.flac,2360.6,2360.6,wbrcha2
KEN_018_20220107_063341.flac,2373.8,2373.8,rindov
KEN_018_20220107_063341.flac,2379.5,2379.5,wbrcha2
KEN_018_20220107_063341.flac,2390.4,2390.4,wbrcha2
KEN_018_20220107_063341.flac,2401.8,2401.8,wbrcha2
KEN_019_20220109_054825.flac,94.4,94.4,chtapa3
KEN_019_20220109_054825.flac,108.6,108.6,chtapa3
KEN_019_20220109_054825.flac,142.4,142.4,ndcsun2
KEN_019_20220109_054825.flac,148.9,148.9,ndcsun2
KEN_019_20220109_054825.flac,156.8,156.8,ndcsun2
KEN_019_20220109_054825.flac,165.4,165.4,ndcsun2
KEN_019_20220109_054825.flac,174.5,174.5,ndcsun2
KEN_019_20220109_054825.flac,184.3,184.3,gryapa1
KEN_019_20220109_054825.flac,193.2,193.2,gryapa1
KEN_019_20220109_054825.flac,200.6,200.6,chtapa3
KEN_019_20220109_054825.flac,211.1,211.1,gryapa1
KEN_019_20220109_054825.flac,217.7,217.7,gryapa1
KEN_019_20220109_054825.flac,221.6,221.6,chtapa3
KEN_019_20220109_054825.flac,228.4,228.4,gryapa1
KEN_019_20220109_054825.flac,235.3,235.3,gryapa1
KEN_019_20220109_054825.flac,242.8,242.8,blcapa2
KEN_019_20220109_054825.flac,249.6,249.6,blcapa2
KEN_019_20220109_054825.flac,256.8,256.8,blcapa2
KEN_019_20220109_054825.flac,264.2,264.2,blcapa2
KEN_019_20220109_054825.flac,271.0,271.0,blcapa2
KEN_019_20220109_054825.flac,272.5,272.5,colsun2
KEN_019_20220109_054825.flac,281.1,281.1,colsun2
KEN_019_20220109_054825.flac,293.0,293.0,colsun2
KEN_019_20220109_054825.flac,305.8,305.8,gryapa1
KEN_019_20220109_054825.flac,466.7,466.7,gryapa1
KEN_019_20220109_054825.flac,505.6,505.6,gryapa1
KEN_019_20220109_054825.flac,538.2,538.2,blcapa2
KEN_019_20220109_054825.flac,542.0,542.0,blcapa2
KEN_019_20220109_054825.flac,545.9,545.9,blcapa2
KEN_019_20220109_054825.flac,563.9,563.9,gryapa1
KEN_019_20220109_054825.flac,575.8,575.8,gryapa1
KEN_019_20220109_054825.flac,625.1,625.1,gryapa1
KEN_019_20220109_054825.flac,631.7,631.7,gryapa1
KEN_019_20220109_054825.flac,687.5,687.5,gryapa1
KEN_019_20220109_054825.flac,697.3,697.3,gryapa1
KEN_019_20220109_054825.flac,856.1,856.1,blcapa2
KEN_019_20220109_054825.flac,867.8,867.8,blcapa2
KEN_019_20220109_054825.flac,881.7,881.7,blcapa2
KEN_019_20220109_054825.flac,895.5,895.5,blcapa2
KEN_019_20220109_054825.flac,906.8,906.8,blcapa2
KEN_019_20220109_054825.flac,917.4,917.4,blcapa2
KEN_019_20220109_054825.flac,929.5,929.5,blcapa2
KEN_019_20220109_054825.flac,937.9,937.9,blcapa2
KEN_019_20220109_054825.flac,965.5,965.5,carcha1
KEN_019_20220109_054825.flac,976.1,976.1,gryapa1
KEN_019_20220109_054825.flac,982.9,982.9,gryapa1
KEN_019_20220109_054825.flac,992.0,992.0,carcha1
KEN_019_20220109_054825.flac,1042.9,1042.9,carcha1
KEN_019_20220109_054825.flac,1060.7,1060.7,carcha1
KEN_019_20220109_054825.flac,1181.2,1181.2,gryapa1
KEN_019_20220109_054825.flac,1195.6,1195.6,gryapa1
KEN_019_20220109_054825.flac,1348.7,1348.7,gryapa1
KEN_019_20220109_054825.flac,1360.8,1360.8,gryapa1
KEN_019_20220109_054825.flac,1366.1,1366.1,gryapa1
KEN_019_20220109_054825.flac,1369.7,1369.7,gryapa1
KEN_019_20220109_054825.flac,1382.8,1382.8,gryapa1
KEN_019_20220109_054825.flac,1409.1,1409.1,gryapa1
KEN_019_20220109_054825.flac,1421.4,1421.4,gryapa1
KEN_019_20220109_054825.flac,1431.5,1431.5,blcapa2
KEN_019_20220109_054825.flac,1440.7,1440.7,blcapa2
KEN_019_20220109_054825.flac,1449.5,1449.5,gryapa1
KEN_019_20220109_054825.flac,1452.3,1452.3,bltori1
KEN_019_20220109_054825.flac,1458.9,1458.9,bltori1
KEN_019_20220109_054825.flac,1466.0,1466.0,gryapa1
KEN_019_20220109_054825.flac,1471.0,1471.0,bltori1
KEN_019_20220109_054825.flac,1482.3,1482.3,bltori1
KEN_019_20220109_054825.flac,1507.8,1507.8,gryapa1
KEN_019_20220109_054825.flac,1513.2,1513.2,bltori1
KEN_019_20220109_054825.flac,1520.4,1520.4,bltori1
KEN_019_20220109_054825.flac,1523.2,1523.2,gryapa1
KEN_019_20220109_054825.flac,1529.7,1529.7,bltori1
KEN_019_20220109_054825.flac,1541.0,1541.0,colsun2
KEN_019_20220109_054825.flac,1557.9,1557.9,bltori1
KEN_019_20220109_054825.flac,1582.4,1582.4,bltori1
KEN_019_20220109_054825.flac,1590.5,1590.5,gryapa1
KEN_019_20220109_054825.flac,1599.6,1599.6,bltori1
KEN_019_20220109_054825.flac,1604.7,1604.7,gryapa1
KEN_019_20220109_054825.flac,1625.9,1625.9,bltori1
KEN_019_20220109_054825.flac,1627.0,1627.0,chtapa3
KEN_019_20220109_054825.flac,1639.2,1639.2,bltori1
KEN_019_20220109_054825.flac,1644.5,1644.5,bltori1
KEN_019_20220109_054825.flac,1648.7,1648.7,chtapa3
KEN_019_20220109_054825.flac,1668.7,1668.7,chtapa3
KEN_019_20220109_054825.flac,1679.4,1679.4,chtapa3
KEN_019_20220109_054825.flac,1689.9,1689.9,gnbcam2
KEN_019_20220109_054825.flac,1691.7,1691.7,carcha1
KEN_019_20220109_054825.flac,1712.0,1712.0,carcha1
KEN_019_20220109_054825.flac,1716.9,1716.9,gnbcam2
KEN_019_20220109_054825.flac,1721.3,1721.3,carcha1
KEN_019_20220109_054825.flac,1732.0,1732.0,gnbcam2
KEN_019_20220109_054825.flac,1738.3,1738.3,chtapa3
KEN_019_20220109_054825.flac,1743.8,1743.8,carcha1
KEN_019_20220109_054825.flac,1745.3,1745.3,chtapa3
KEN_019_20220109_054825.flac,1748.3,1748.3,gnbcam2
KEN_019_20220109_054825.flac,1764.7,1764.7,gnbcam2
KEN_019_20220109_054825.flac,1766.4,1766.4,blcapa2
KEN_019_20220109_054825.flac,1776.5,1776.5,gnbcam2
KEN_019_20220109_054825.flac,1818.0,1818.0,gryapa1
KEN_019_20220109_054825.flac,1859.3,1859.3,gryapa1
KEN_019_20220109_054825.flac,1885.4,1885.4,gryapa1
KEN_019_20220109_054825.flac,2070.6,2070.6,carcha1
KEN_019_20220109_054825.flac,2083.2,2083.2,carcha1
KEN_019_20220109_054825.flac,2083.5,2083.5,gryapa1
KEN_019_20220109_054825.flac,2092.8,2092.8,gryapa1
KEN_019_20220109_054825.flac,2099.4,2099.4,carcha1
KEN_019_20220109_054825.flac,2103.1,2103.1,gryapa1
KEN_019_20220109_054825.flac,2110.7,2110.7,carcha1
KEN_019_20220109_054825.flac,2139.7,2139.7,gryapa1
KEN_019_20220109_054825.flac,2179.5,2179.5,carcha1
KEN_019_20220109_054825.flac,2181.7,2181.7,blcapa2
KEN_019_20220109_054825.flac,2194.6,2194.6,blcapa2
KEN_019_20220109_054825.flac,2196.6,2196.6,carcha1
KEN_019_20220109_054825.flac,2206.6,2206.6,blcapa2
KEN_019_20220109_054825.flac,2216.4,2216.4,carcha1
KEN_019_20220109_054825.flac,2219.1,2219.1,blcapa2
KEN_019_20220109_054825.flac,2224.2,2224.2,carcha1
KEN_019_20220109_054825.flac,2232.5,2232.5,blcapa2
KEN_019_20220109_054825.flac,2249.2,2249.2,blcapa2
KEN_019_20220109_054825.flac,2271.1,2271.1,blcapa2
KEN_019_20220109_054825.flac,2629.4,2629.4,ndcsun2
KEN_019_20220109_054825.flac,2659.6,2659.6,ndcsun2
KEN_019_20220109_054825.flac,2676.2,2676.2,ndcsun2
KEN_019_20220109_054825.flac,2697.3,2697.3,ndcsun2
KEN_019_20220109_054825.flac,2714.9,2714.9,ndcsun2
KEN_019_20220109_054825.flac,2742.1,2742.1,ndcsun2
KEN_019_20220109_054825.flac,2745.5,2745.5,carcha1
KEN_019_20220109_054825.flac,2760.7,2760.7,ndcsun2
KEN_019_20220109_054825.flac,2772.2,2772.2,carcha1
KEN_019_20220109_054825.flac,2865.5,2865.5,carcha1
KEN_019_20220109_054825.flac,2986.5,2986.5,gnbcam2
KEN_019_20220109_054825.flac,2994.1,2994.1,carcha1
KEN_019_20220109_054825.flac,3008.7,3008.7,gnbcam2
KEN_019_20220109_054825.flac,3033.8,3033.8,combul2
KEN_019_20220109_054825.flac,3041.1,3041.1,gnbcam2
KEN_019_20220109_054825.flac,3043.6,3043.6,chtapa3
KEN_019_20220109_054825.flac,3053.0,3053.0,gnbcam2
KEN_019_20220109_054825.flac,3066.0,3066.0,gnbcam2
KEN_019_20220109_054825.flac,3076.2,3076.2,blcapa2
KEN_019_20220109_054825.flac,3081.7,3081.7,blcapa2
KEN_019_20220109_054825.flac,3084.5,3084.5,gnbcam2
KEN_019_20220109_054825.flac,3088.1,3088.1,blcapa2
KEN_019_20220109_054825.flac,3104.9,3104.9,gryapa1
KEN_019_20220109_054825.flac,3112.2,3112.2,gnbcam2
KEN_019_20220109_054825.flac,3121.2,3121.2,blcapa2
KEN_019_20220109_054825.flac,3127.2,3127.2,blcapa2
KEN_019_20220109_054825.flac,3135.8,3135.8,blcapa2
KEN_019_20220109_054825.flac,3153.1,3153.1,gryapa1
KEN_019_20220109_054825.flac,3166.3,3166.3,ndcsun2
KEN_019_20220109_054825.flac,3172.4,3172.4,gryapa1
KEN_019_20220109_054825.flac,3181.1,3181.1,ndcsun2
KEN_019_20220109_054825.flac,3196.6,3196.6,gryapa1
KEN_020_20220111_035642.flac,78.8,78.8,combul2
KEN_020_20220111_035642.flac,153.8,153.8,slcbou1
KEN_020_20220111_035642.flac,189.9,189.9,gnbcam2
KEN_020_20220111_035642.flac,209.3,209.3,wbrcha2
KEN_020_20220111_035642.flac,301.8,301.8,combul2
KEN_020_20220111_035642.flac,307.5,307.5,combul2
KEN_020_20220111_035642.flac,317.6,317.6,combul2
KEN_020_20220111_035642.flac,327.6,327.6,combul2
KEN_020_20220111_035642.flac,333.3,333.3,slcbou1
KEN_020_20220111_035642.flac,339.9,339.9,rindov
KEN_020_20220111_035642.flac,350.5,350.5,combul2
KEN_020_20220111_035642.flac,361.5,361.5,combul2
KEN_020_20220111_035642.flac,366.6,366.6,gnbcam2
KEN_020_20220111_035642.flac,371.8,371.8,gnbcam2
KEN_020_20220111_035642.flac,372.6,372.6,combul2
KEN_020_20220111_035642.flac,379.3,379.3,yebapa1
KEN_020_20220111_035642.flac,384.8,384.8,gnbcam2
KEN_020_20220111_035642.flac,388.6,388.6,slcbou1
KEN_020_20220111_035642.flac,396.6,396.6,gnbcam2
KEN_020_20220111_035642.flac,403.6,403.6,gnbcam2
KEN_020_20220111_035642.flac,404.2,404.2,yebapa1
KEN_020_20220111_035642.flac,411.1,411.1,yebapa1
KEN_020_20220111_035642.flac,412.2,412.2,gnbcam2
KEN_020_20220111_035642.flac,421.4,421.4,rindov
KEN_020_20220111_035642.flac,426.3,426.3,gnbcam2
KEN_020_20220111_035642.flac,427.5,427.5,rindov
KEN_020_20220111_035642.flac,435.1,435.1,gnbcam2
KEN_020_20220111_035642.flac,440.6,440.6,gnbcam2
KEN_020_20220111_035642.flac,457.3,457.3,gnbcam2
KEN_020_20220111_035642.flac,467.2,467.2,gnbcam2
KEN_020_20220111_035642.flac,471.2,471.2,gnbcam2
KEN_020_20220111_035642.flac,473.9,473.9,rindov
KEN_020_20220111_035642.flac,478.6,478.6,wbrcha2
KEN_020_20220111_035642.flac,482.9,482.9,rindov
KEN_020_20220111_035642.flac,484.7,484.7,wbrcha2
KEN_020_20220111_035642.flac,492.5,492.5,wbrcha2
KEN_020_20220111_035642.flac,493.7,493.7,sccsun2
KEN_020_20220111_035642.flac,506.1,506.1,refcro1
KEN_020_20220111_035642.flac,507.1,507.1,wbrcha2
KEN_020_20220111_035642.flac,513.0,513.0,refcro1
KEN_020_20220111_035642.flac,513.8,513.8,wbrcha2
KEN_020_20220111_035642.flac,514.9,514.9,combul2
KEN_020_20220111_035642.flac,516.1,516.1,gnbcam2
KEN_020_20220111_035642.flac,520.6,520.6,whbwhe3
KEN_020_20220111_035642.flac,522.5,522.5,norpuf1
KEN_020_20220111_035642.flac,524.5,524.5,wbgbir1
KEN_020_20220111_035642.flac,527.4,527.4,gnbcam2
KEN_020_20220111_035642.flac,531.9,531.9,marsun2
KEN_020_20220111_035642.flac,534.5,534.5,norpuf1
KEN_020_20220111_035642.flac,538.6,538.6,wbrcha2
KEN_020_20220111_035642.flac,543.2,543.2,norpuf1
KEN_020_20220111_035642.flac,545.5,545.5,rindov
KEN_020_20220111_035642.flac,548.6,548.6,gnbcam2
KEN_020_20220111_035642.flac,551.1,551.1,wbrcha2
KEN_020_20220111_035642.flac,552.6,552.6,norpuf1
KEN_020_20220111_035642.flac,555.9,555.9,rindov
KEN_020_20220111_035642.flac,559.2,559.2,wbrcha2
KEN_020_20220111_035642.flac,560.5,560.5,gnbcam2
KEN_020_20220111_035642.flac,566.2,566.2,gnbcam2
KEN_020_20220111_035642.flac,566.5,566.5,wbrcha2
KEN_020_20220111_035642.flac,570.7,570.7,norpuf1
KEN_020_20220111_035642.flac,573.9,573.9,gnbcam2
KEN_020_20220111_035642.flac,575.5,575.5,rindov
KEN_020_20220111_035642.flac,576.8,576.8,wbrcha2
KEN_020_20220111_035642.flac,581.7,581.7,norpuf1
KEN_020_20220111_035642.flac,584.2,584.2,gnbcam2
KEN_020_20220111_035642.flac,588.5,588.5,rindov
KEN_020_20220111_035642.flac,602.7,602.7,wbrcha2
KEN_020_20220111_035642.flac,604.5,604.5,combul2
KEN_020_20220111_035642.flac,605.4,605.4,wbgbir1
KEN_020_20220111_035642.flac,612.4,612.4,wbrcha2
KEN_020_20220111_035642.flac,621.7,621.7,combul2
KEN_020_20220111_035642.flac,623.1,623.1,wbrcha2
KEN_020_20220111_035642.flac,630.5,630.5,slcbou1
KEN_020_20220111_035642.flac,635.1,635.1,combul2
KEN_020_20220111_035642.flac,641.9,641.9,combul2
KEN_020_20220111_035642.flac,648.1,648.1,wbrcha2
KEN_020_20220111_035642.flac,650.1,650.1,norpuf1
KEN_020_20220111_035642.flac,656.6,656.6,wbrcha2
KEN_020_20220111_035642.flac,662.2,662.2,norpuf1
KEN_020_20220111_035642.flac,663.8,663.8,wbrcha2
KEN_020_20220111_035642.flac,670.1,670.1,wbrcha2
KEN_020_20220111_035642.flac,676.2,676.2,wbrcha2
KEN_020_20220111_035642.flac,686.1,686.1,wbrcha2
KEN_020_20220111_035642.flac,692.1,692.1,norpuf1
KEN_020_20220111_035642.flac,699.9,699.9,wbrcha2
KEN_020_20220111_035642.flac,702.5,702.5,norpuf1
KEN_020_20220111_035642.flac,717.3,717.3,combul2
KEN_020_20220111_035642.flac,718.3,718.3,afpfly1
KEN_020_20220111_035642.flac,727.0,727.0,wbrcha2
KEN_020_20220111_035642.flac,727.4,727.4,norpuf1
KEN_020_20220111_035642.flac,740.8,740.8,wbrcha2
KEN_020_20220111_035642.flac,748.0,748.0,combul2
KEN_020_20220111_035642.flac,760.0,760.0,combul2
KEN_020_20220111_035642.flac,768.9,768.9,norpuf1
KEN_020_20220111_035642.flac,773.3,773.3,wbrcha2
KEN_020_20220111_035642.flac,784.2,784.2,norpuf1
KEN_020_20220111_035642.flac,799.2,799.2,norpuf1
KEN_020_20220111_035642.flac,801.2,801.2,wbrcha2
KEN_020_20220111_035642.flac,802.4,802.4,libeat1
KEN_020_20220111_035642.flac,810.3,810.3,wbrcha2
KEN_020_20220111_035642.flac,811.1,811.1,libeat1
KEN_020_20220111_035642.flac,814.6,814.6,wbrcha2
KEN_020_20220111_035642.flac,819.4,819.4,libeat1
KEN_020_20220111_035642.flac,821.9,821.9,wbgbir1
KEN_020_20220111_035642.flac,823.3,823.3,wbrcha2
KEN_020_20220111_035642.flac,835.0,835.0,meypar1
KEN_020_20220111_035642.flac,843.4,843.4,gnbcam2
KEN_020_20220111_035642.flac,845.6,845.6,wbrcha2
KEN_020_20220111_035642.flac,846.7,846.7,norpuf1
KEN_020_20220111_035642.flac,851.6,851.6,libeat1
KEN_020_20220111_035642.flac,854.7,854.7,gnbcam2
KEN_020_20220111_035642.flac,856.2,856.2,norpuf1
KEN_020_20220111_035642.flac,864.9,864.9,libeat1
KEN_020_20220111_035642.flac,866.4,866.4,wbrcha2
KEN_020_20220111_035642.flac,869.3,869.3,wbgbir1
KEN_020_20220111_035642.flac,871.3,871.3,libeat1
KEN_020_20220111_035642.flac,874.8,874.8,wbrcha2
KEN_020_20220111_035642.flac,877.7,877.7,gnbcam2
KEN_020_20220111_035642.flac,879.7,879.7,wbgbir1
KEN_020_20220111_035642.flac,883.1,883.1,norpuf1
KEN_020_20220111_035642.flac,890.7,890.7,wbgbir1
KEN_020_20220111_035642.flac,905.4,905.4,crefra2
KEN_020_20220111_035642.flac,907.9,907.9,norpuf1
KEN_020_20220111_035642.flac,915.9,915.9,wbgbir1
KEN_020_20220111_035642.flac,916.7,916.7,afpfly1
KEN_020_20220111_035642.flac,935.8,935.8,afpfly1
KEN_020_20220111_035642.flac,941.1,941.1,libeat1
KEN_020_20220111_035642.flac,945.4,945.4,libeat1
KEN_020_20220111_035642.flac,963.0,963.0,combul2
KEN_020_20220111_035642.flac,993.2,993.2,wbrcha2
KEN_020_20220111_035642.flac,999.3,999.3,wbrcha2
KEN_020_20220111_035642.flac,1005.5,1005.5,slcbou1
KEN_020_20220111_035642.flac,1010.5,1010.5,wbgbir1
KEN_020_20220111_035642.flac,1012.2,1012.2,libeat1
KEN_020_20220111_035642.flac,1016.6,1016.6,wbgbir1
KEN_020_20220111_035642.flac,1022.4,1022.4,slcbou1
KEN_020_20220111_035642.flac,1029.3,1029.3,combul2
KEN_020_20220111_035642.flac,1032.5,1032.5,libeat1
KEN_020_20220111_035642.flac,1042.3,1042.3,combul2
KEN_020_20220111_035642.flac,1058.0,1058.0,combul2
KEN_020_20220111_035642.flac,1060.0,1060.0,libeat1
KEN_020_20220111_035642.flac,1073.7,1073.7,combul2
KEN_020_20220111_035642.flac,1084.4,1084.4,tafpri1
KEN_020_20220111_035642.flac,1091.6,1091.6,tafpri1
KEN_020_20220111_035642.flac,1094.2,1094.2,refbar2
KEN_020_20220111_035642.flac,1099.2,1099.2,tafpri1
KEN_020_20220111_035642.flac,1105.6,1105.6,wbgbir1
KEN_020_20220111_035642.flac,1109.6,1109.6,tafpri1
KEN_020_20220111_035642.flac,1130.6,1130.6,tafpri1
KEN_020_20220111_035642.flac,1135.6,1135.6,tafpri1
KEN_020_20220111_035642.flac,1145.2,1145.2,tafpri1
KEN_020_20220111_035642.flac,1148.9,1148.9,slcbou1
KEN_020_20220111_035642.flac,1150.0,1150.0,libeat1
KEN_020_20220111_035642.flac,1156.1,1156.1,loceag1
KEN_020_20220111_035642.flac,1157.1,1157.1,tafpri1
KEN_020_20220111_035642.flac,1159.4,1159.4,tafpri1
KEN_020_20220111_035642.flac,1160.9,1160.9,libeat1
KEN_020_20220111_035642.flac,1165.8,1165.8,tafpri1
KEN_020_20220111_035642.flac,1171.9,1171.9,tafpri1
KEN_020_20220111_035642.flac,1176.1,1176.1,combul2
KEN_020_20220111_035642.flac,1177.0,1177.0,tafpri1
KEN_020_20220111_035642.flac,1180.6,1180.6,libeat1
KEN_020_20220111_035642.flac,1187.4,1187.4,tafpri1
KEN_020_20220111_035642.flac,1189.0,1189.0,norpuf1
KEN_020_20220111_035642.flac,1190.5,1190.5,slcbou1
KEN_020_20220111_035642.flac,1192.3,1192.3,norpuf1
KEN_020_20220111_035642.flac,1195.2,1195.2,tafpri1
KEN_020_20220111_035642.flac,1199.0,1199.0,norpuf1
KEN_020_20220111_035642.flac,1200.7,1200.7,tafpri1
KEN_020_20220111_035642.flac,1207.0,1207.0,marsun2
KEN_020_20220111_035642.flac,1213.9,1213.9,norpuf1
KEN_020_20220111_035642.flac,1219.1,1219.1,norpuf1
KEN_020_20220111_035642.flac,1220.3,1220.3,supsta1
KEN_020_20220111_035642.flac,1224.9,1224.9,norpuf1
KEN_020_20220111_035642.flac,1231.4,1231.4,norpuf1
KEN_020_20220111_035642.flac,1243.8,1243.8,norpuf1
KEN_020_20220111_035642.flac,1250.6,1250.6,norpuf1
KEN_020_20220111_035642.flac,1253.3,1253.3,marsun2
KEN_020_20220111_035642.flac,1262.5,1262.5,norpuf1
KEN_020_20220111_035642.flac,1282.1,1282.1,meypar1
KEN_020_20220111_035642.flac,1302.9,1302.9,norpuf1
KEN_020_20220111_035642.flac,1367.5,1367.5,combul2
KEN_020_20220111_035642.flac,1369.9,1369.9,marsun2
KEN_020_20220111_035642.flac,1383.6,1383.6,yebapa1
KEN_020_20220111_035642.flac,1404.5,1404.5,marsun2
KEN_020_20220111_035642.flac,1440.7,1440.7,marsun2
KEN_020_20220111_035642.flac,1453.5,1453.5,sccsun2
KEN_020_20220111_035642.flac,1473.5,1473.5,gnbcam2
KEN_020_20220111_035642.flac,1489.0,1489.0,gnbcam2
KEN_020_20220111_035642.flac,1490.1,1490.1,wbgbir1
KEN_020_20220111_035642.flac,1493.5,1493.5,gnbcam2
KEN_020_20220111_035642.flac,1503.4,1503.4,combul2
KEN_020_20220111_035642.flac,1509.4,1509.4,gnbcam2
KEN_020_20220111_035642.flac,1519.2,1519.2,combul2
KEN_020_20220111_035642.flac,1549.0,1549.0,marsun2
KEN_020_20220111_035642.flac,1556.8,1556.8,slcbou1
KEN_020_20220111_035642.flac,1598.2,1598.2,combul2
KEN_020_20220111_035642.flac,1602.4,1602.4,wbrcha2
KEN_020_20220111_035642.flac,1604.6,1604.6,afpfly1
KEN_020_20220111_035642.flac,1619.3,1619.3,norpuf1
KEN_020_20220111_035642.flac,1634.8,1634.8,slcbou1
KEN_020_20220111_035642.flac,1637.9,1637.9,combul2
KEN_020_20220111_035642.flac,1649.8,1649.8,combul2
KEN_020_20220111_035642.flac,1658.0,1658.0,refcro1
KEN_020_20220111_035642.flac,1661.2,1661.2,sccsun2
KEN_020_20220111_035642.flac,1668.7,1668.7,combul2
KEN_020_20220111_035642.flac,1677.2,1677.2,combul2
KEN_020_20220111_035642.flac,1691.8,1691.8,slcbou1
KEN_020_20220111_035642.flac,1708.7,1708.7,afpfly1
KEN_020_20220111_035642.flac,1712.4,1712.4,combul2
KEN_020_20220111_035642.flac,1722.7,1722.7,whbwhe3
KEN_020_20220111_035642.flac,1732.0,1732.0,afpfly1
KEN_020_20220111_035642.flac,1737.0,1737.0,combul2
KEN_020_20220111_035642.flac,1744.2,1744.2,afpfly1
KEN_020_20220111_035642.flac,1751.2,1751.2,whbwhe3
KEN_020_20220111_035642.flac,1753.3,1753.3,afpfly1
KEN_020_20220111_035642.flac,1756.3,1756.3,combul2
KEN_020_20220111_035642.flac,1763.5,1763.5,sccsun2
KEN_020_20220111_035642.flac,1780.9,1780.9,sccsun2
KEN_020_20220111_035642.flac,1806.4,1806.4,wbgbir1
KEN_020_20220111_035642.flac,1813.9,1813.9,spfwea1
KEN_020_20220111_035642.flac,1836.7,1836.7,combul2
KEN_020_20220111_035642.flac,1843.6,1843.6,combul2
KEN_020_20220111_035642.flac,1850.7,1850.7,norpuf1
KEN_020_20220111_035642.flac,1868.6,1868.6,slcbou1
KEN_020_20220111_035642.flac,1871.3,1871.3,gnbcam2
KEN_020_20220111_035642.flac,1881.7,1881.7,refcro1
KEN_020_20220111_035642.flac,1886.0,1886.0,refcro1
KEN_020_20220111_035642.flac,1899.0,1899.0,gnbcam2
KEN_020_20220111_035642.flac,1959.4,1959.4,combul2
KEN_020_20220111_035642.flac,1999.6,1999.6,combul2
KEN_020_20220111_035642.flac,2005.9,2005.9,spemou2
KEN_020_20220111_035642.flac,2029.6,2029.6,spemou2
KEN_020_20220111_035642.flac,2052.6,2052.6,slcbou1
KEN_020_20220111_035642.flac,2055.1,2055.1,blnmou1
KEN_020_20220111_035642.flac,2061.5,2061.5,tafpri1
KEN_020_20220111_035642.flac,2067.3,2067.3,refcro1
KEN_020_20220111_035642.flac,2069.2,2069.2,gnbcam2
KEN_020_20220111_035642.flac,2075.6,2075.6,spemou2
KEN_020_20220111_035642.flac,2076.3,2076.3,tafpri1
KEN_020_20220111_035642.flac,2081.9,2081.9,slcbou1
KEN_020_20220111_035642.flac,2085.8,2085.8,slcbou1
KEN_020_20220111_035642.flac,2101.0,2101.0,tafpri1
KEN_020_20220111_035642.flac,2104.3,2104.3,gnbcam2
KEN_020_20220111_035642.flac,2109.2,2109.2,tafpri1
KEN_020_20220111_035642.flac,2116.1,2116.1,gnbcam2
KEN_020_20220111_035642.flac,2123.6,2123.6,refcro1
KEN_020_20220111_035642.flac,2131.3,2131.3,gnbcam2
KEN_020_20220111_035642.flac,2143.0,2143.0,gnbcam2
KEN_020_20220111_035642.flac,2156.8,2156.8,gnbcam2
KEN_020_20220111_035642.flac,2160.8,2160.8,gnbcam2
KEN_020_20220111_035642.flac,2161.5,2161.5,slcbou1
KEN_020_20220111_035642.flac,2168.5,2168.5,gnbcam2
KEN_020_20220111_035642.flac,2172.8,2172.8,gnbcam2
KEN_020_20220111_035642.flac,2177.5,2177.5,gnbcam2
KEN_020_20220111_035642.flac,2180.0,2180.0,slcbou1
KEN_020_20220111_035642.flac,2183.9,2183.9,slcbou1
KEN_020_20220111_035642.flac,2187.6,2187.6,slcbou1
KEN_020_20220111_035642.flac,2193.1,2193.1,gnbcam2
KEN_020_20220111_035642.flac,2197.0,2197.0,slcbou1
KEN_020_20220111_035642.flac,2200.3,2200.3,gnbcam2
KEN_020_20220111_035642.flac,2232.3,2232.3,combul2
KEN_020_20220111_035642.flac,2257.2,2257.2,combul2
KEN_020_20220111_035642.flac,2273.9,2273.9,rufcha2
KEN_020_20220111_035642.flac,2288.0,2288.0,combul2
KEN_020_20220111_035642.flac,2300.9,2300.9,spemou2
KEN_020_20220111_035642.flac,2323.4,2323.4,slcbou1
KEN_020_20220111_035642.flac,2324.4,2324.4,spemou2
KEN_020_20220111_035642.flac,2325.4,2325.4,varsun2
KEN_020_20220111_035642.flac,2335.2,2335.2,spemou2
KEN_020_20220111_035642.flac,2343.6,2343.6,yebapa1
KEN_020_20220111_035642.flac,2349.0,2349.0,slcbou1
KEN_020_20220111_035642.flac,2354.4,2354.4,spemou2
KEN_020_20220111_035642.flac,2358.5,2358.5,rerswa1
KEN_020_20220111_035642.flac,2381.2,2381.2,yebapa1
KEN_020_20220111_035642.flac,2385.7,2385.7,yebapa1
KEN_020_20220111_035642.flac,2403.8,2403.8,spemou2
KEN_020_20220111_035642.flac,2410.7,2410.7,spemou2
KEN_020_20220111_035642.flac,2419.2,2419.2,gnbcam2
KEN_020_20220111_035642.flac,2424.7,2424.7,gnbcam2
KEN_020_20220111_035642.flac,2431.5,2431.5,gnbcam2
KEN_020_20220111_035642.flac,2440.9,2440.9,gnbcam2
KEN_020_20220111_035642.flac,2442.9,2442.9,wbgbir1
KEN_020_20220111_035642.flac,2444.8,2444.8,combul2
KEN_020_20220111_035642.flac,2464.5,2464.5,spemou2
KEN_020_20220111_035642.flac,2468.6,2468.6,spemou2
KEN_020_20220111_035642.flac,2475.6,2475.6,spemou2
KEN_020_20220111_035642.flac,2477.3,2477.3,combul2
KEN_020_20220111_035642.flac,2479.3,2479.3,spemou2
KEN_020_20220111_035642.flac,2484.0,2484.0,spemou2
KEN_020_20220111_035642.flac,2490.3,2490.3,spemou2
KEN_020_20220111_035642.flac,2495.2,2495.2,refbar2
KEN_020_20220111_035642.flac,2498.0,2498.0,spemou2
KEN_020_20220111_035642.flac,2511.5,2511.5,spemou2
KEN_020_20220111_035642.flac,2515.1,2515.1,spemou2
KEN_020_20220111_035642.flac,2526.5,2526.5,combul2
KEN_020_20220111_035642.flac,2529.5,2529.5,spemou2
KEN_020_20220111_035642.flac,2544.4,2544.4,spemou2
KEN_020_20220111_035642.flac,2550.3,2550.3,spemou2
KEN_020_20220111_035642.flac,2555.6,2555.6,spemou2
KEN_020_20220111_035642.flac,2561.1,2561.1,spemou2
KEN_020_20220111_035642.flac,2572.8,2572.8,spemou2
KEN_020_20220111_035642.flac,2576.1,2576.1,spemou2
KEN_020_20220111_035642.flac,2579.4,2579.4,spemou2
KEN_020_20220111_035642.flac,2607.6,2607.6,marsun2
KEN_020_20220111_035642.flac,2623.2,2623.2,colsun2
KEN_020_20220111_035642.flac,2637.2,2637.2,whbwhe3
KEN_020_20220111_035642.flac,2650.1,2650.1,combul2
KEN_020_20220111_035642.flac,2652.3,2652.3,norpuf1
KEN_020_20220111_035642.flac,2666.9,2666.9,slcbou1
KEN_020_20220111_035642.flac,2676.0,2676.0,combul2
KEN_020_20220111_035642.flac,2682.2,2682.2,combul2
KEN_020_20220111_035642.flac,2682.4,2682.4,spemou2
KEN_020_20220111_035642.flac,2688.0,2688.0,combul2
KEN_020_20220111_035642.flac,2693.6,2693.6,wbgbir1
KEN_020_20220111_035642.flac,2695.0,2695.0,combul2
KEN_020_20220111_035642.flac,2695.6,2695.6,refcro1
KEN_020_20220111_035642.flac,2696.2,2696.2,wbgbir1
KEN_020_20220111_035642.flac,2698.9,2698.9,sccsun2
KEN_020_20220111_035642.flac,2714.8,2714.8,sccsun2
KEN_020_20220111_035642.flac,2764.7,2764.7,refbar2
KEN_020_20220111_035642.flac,2771.9,2771.9,bkctch1
KEN_020_20220111_035642.flac,2773.6,2773.6,varsun2
KEN_020_20220111_035642.flac,2780.0,2780.0,varsun2
KEN_020_20220111_035642.flac,2789.5,2789.5,varsun2
KEN_020_20220111_035642.flac,2799.0,2799.0,norpuf1
KEN_020_20220111_035642.flac,2805.7,2805.7,sccsun2
KEN_020_20220111_035642.flac,2812.4,2812.4,marsun2
KEN_020_20220111_035642.flac,2831.2,2831.2,combul2
KEN_020_20220111_035642.flac,2841.3,2841.3,combul2
KEN_020_20220111_035642.flac,2854.4,2854.4,spemou2
KEN_020_20220111_035642.flac,2855.9,2855.9,refcro1
KEN_020_20220111_035642.flac,2858.4,2858.4,combul2
KEN_020_20220111_035642.flac,2859.2,2859.2,slcbou1
KEN_020_20220111_035642.flac,2861.5,2861.5,yebapa1
KEN_020_20220111_035642.flac,2863.4,2863.4,spemou2
KEN_020_20220111_035642.flac,2865.3,2865.3,slcbou1
KEN_020_20220111_035642.flac,2876.6,2876.6,slcbou1
KEN_020_20220111_035642.flac,2878.4,2878.4,combul2
KEN_020_20220111_035642.flac,2879.8,2879.8,yebapa1
KEN_020_20220111_035642.flac,2890.4,2890.4,spemou2
KEN_020_20220111_035642.flac,2891.8,2891.8,spemou2
KEN_020_20220111_035642.flac,2892.8,2892.8,afpfly1
KEN_020_20220111_035642.flac,2898.9,2898.9,combul2
KEN_020_20220111_035642.flac,2909.4,2909.4,wbgbir1
KEN_020_20220111_035642.flac,2917.0,2917.0,afpfly1
KEN_020_20220111_035642.flac,2922.6,2922.6,combul2
KEN_020_20220111_035642.flac,2952.5,2952.5,nubwoo1
KEN_020_20220111_035642.flac,2959.8,2959.8,combul2
KEN_020_20220111_035642.flac,2976.8,2976.8,combul2
KEN_020_20220111_035642.flac,3030.8,3030.8,combul2
KEN_020_20220111_035642.flac,3054.7,3054.7,combul2
KEN_020_20220111_035642.flac,3077.7,3077.7,marsun2
KEN_020_20220111_035642.flac,3080.7,3080.7,combul2
KEN_020_20220111_035642.flac,3090.0,3090.0,combul2
KEN_020_20220111_035642.flac,3092.4,3092.4,tafpri1
KEN_020_20220111_035642.flac,3102.2,3102.2,combul2
KEN_020_20220111_035642.flac,3108.3,3108.3,tafpri1
KEN_020_20220111_035642.flac,3108.8,3108.8,combul2
KEN_020_20220111_035642.flac,3113.7,3113.7,combul2
KEN_020_20220111_035642.flac,3122.7,3122.7,spemou2
KEN_020_20220111_035642.flac,3130.2,3130.2,combul2
KEN_020_20220111_035642.flac,3138.3,3138.3,tafpri1
KEN_020_20220111_035642.flac,3143.2,3143.2,combul2
KEN_020_20220111_035642.flac,3146.8,3146.8,combul2
KEN_020_20220111_035642.flac,3153.2,3153.2,combul2
KEN_020_20220111_035642.flac,3160.7,3160.7,combul2
KEN_020_20220111_035642.flac,3167.0,3167.0,combul2
KEN_020_20220111_035642.flac,3182.1,3182.1,combul2
KEN_020_20220111_035642.flac,3183.6,3183.6,marsun2
KEN_020_20220111_035642.flac,3189.8,3189.8,combul2
KEN_020_20220111_035642.flac,3195.4,3195.4,combul2
KEN_020_20220111_035642.flac,3205.4,3205.4,combul2
KEN_020_20220111_035642.flac,3214.5,3214.5,combul2
KEN_020_20220111_035642.flac,3236.8,3236.8,meypar1
KEN_020_20220111_035642.flac,3268.1,3268.1,combul2
KEN_020_20220111_035642.flac,3282.3,3282.3,afpwag1
KEN_020_20220111_035642.flac,3286.6,3286.6,combul2
KEN_020_20220111_035642.flac,3291.6,3291.6,afpwag1
KEN_020_20220111_035642.flac,3295.0,3295.0,combul2
KEN_020_20220111_035642.flac,3297.7,3297.7,afpwag1
KEN_020_20220111_035642.flac,3302.6,3302.6,afpwag1
KEN_020_20220111_035642.flac,3304.4,3304.4,combul2
KEN_020_20220111_035642.flac,3308.0,3308.0,afpwag1
KEN_020_20220111_035642.flac,3309.2,3309.2,brican1
KEN_020_20220111_035642.flac,3313.4,3313.4,combul2
KEN_020_20220111_035642.flac,3314.6,3314.6,brican1
KEN_020_20220111_035642.flac,3317.8,3317.8,combul2
KEN_020_20220111_035642.flac,3325.7,3325.7,combul2
KEN_020_20220111_035642.flac,3332.7,3332.7,brican1
KEN_020_20220111_035642.flac,3337.3,3337.3,brican1
KEN_020_20220111_035642.flac,3340.0,3340.0,combul2
KEN_020_20220111_035642.flac,3345.6,3345.6,combul2
KEN_020_20220111_035642.flac,3350.1,3350.1,brican1
KEN_020_20220111_035642.flac,3353.6,3353.6,wbgbir1
KEN_020_20220111_035642.flac,3360.5,3360.5,gnbcam2
KEN_020_20220111_035642.flac,3364.5,3364.5,combul2
KEN_020_20220111_035642.flac,3374.5,3374.5,combul2
KEN_020_20220111_035642.flac,3382.7,3382.7,combul2
KEN_020_20220111_035642.flac,3386.7,3386.7,combul2
KEN_020_20220111_035642.flac,3402.9,3402.9,combul2
KEN_020_20220111_035642.flac,3406.6,3406.6,combul2
KEN_020_20220111_035642.flac,3426.4,3426.4,combul2
KEN_020_20220111_035642.flac,3440.5,3440.5,combul2
KEN_020_20220111_035642.flac,3448.6,3448.6,wbgbir1
KEN_020_20220111_035642.flac,3454.2,3454.2,combul2
KEN_020_20220111_035642.flac,3458.4,3458.4,slcbou1
KEN_020_20220111_035642.flac,3463.0,3463.0,slcbou1
KEN_020_20220111_035642.flac,3468.6,3468.6,reccor
KEN_020_20220111_035642.flac,3471.7,3471.7,reccor
KEN_020_20220111_035642.flac,3477.2,3477.2,spemou2
KEN_020_20220111_035642.flac,3487.9,3487.9,norpuf1
KEN_020_20220111_035642.flac,3490.3,3490.3,spemou2
KEN_020_20220111_035642.flac,3500.0,3500.0,wbgbir1
KEN_020_20220111_035642.flac,3500.8,3500.8,spemou2
KEN_020_20220111_035642.flac,3504.8,3504.8,whbwhe3
KEN_020_20220111_035642.flac,3513.2,3513.2,gnbcam2
KEN_020_20220111_035642.flac,3519.0,3519.0,gnbcam2
KEN_020_20220111_035642.flac,3519.2,3519.2,tafpri1
KEN_020_20220111_035642.flac,3524.8,3524.8,tafpri1
KEN_020_20220111_035642.flac,3525.6,3525.6,yebapa1
KEN_020_20220111_035642.flac,3531.8,3531.8,tafpri1
KEN_020_20220111_035642.flac,3537.3,3537.3,tafpri1
KEN_020_20220111_035642.flac,3539.2,3539.2,yebapa1
KEN_020_20220111_035642.flac,3549.5,3549.5,refbar2
KEN_020_20220111_035642.flac,3550.8,3550.8,norpuf1
KEN_020_20220111_035642.flac,3556.9,3556.9,gnbcam2
KEN_020_20220111_035642.flac,3559.5,3559.5,spemou2
KEN_020_20220111_035642.flac,3561.2,3561.2,gnbcam2
KEN_020_20220111_035642.flac,3564.7,3564.7,gnbcam2
KEN_020_20220111_035642.flac,3566.9,3566.9,gnbcam2
KEN_020_20220111_035642.flac,3568.5,3568.5,tafpri1
KEN_020_20220111_035642.flac,3572.1,3572.1,tafpri1
KEN_020_20220111_035642.flac,3575.8,3575.8,tafpri1
KEN_020_20220111_035642.flac,3577.2,3577.2,gnbcam2
KEN_020_20220111_035642.flac,3578.1,3578.1,tafpri1
KEN_020_20220111_035642.flac,3583.9,3583.9,tafpri1
KEN_020_20220111_035642.flac,3586.6,3586.6,tafpri1
KEN_020_20220111_035642.flac,3591.6,3591.6,tafpri1
KEN_020_20220111_035642.flac,3594.0,3594.0,tafpri1
KEN_020_20220111_035642.flac,3595.1,3595.1,gnbcam2
KEN_020_20220111_035642.flac,3596.6,3596.6,combul2
KEN_020_20220111_035642.flac,3599.1,3599.1,gnbcam2
KEN_020_20220111_035642.flac,3599.4,3599.4,tafpri1
KEN_021_20220111_064651.flac,138.8,138.8,slcbou1
KEN_021_20220111_064651.flac,140.5,140.5,reedov1
KEN_021_20220111_064651.flac,142.0,142.0,slcbou1
KEN_021_20220111_064651.flac,148.6,148.6,wbgbir1
KEN_021_20220111_064651.flac,176.3,176.3,colsun2
KEN_021_20220111_064651.flac,185.1,185.1,wbgbir1
KEN_021_20220111_064651.flac,327.0,327.0,colsun2
KEN_021_20220111_064651.flac,335.6,335.6,colsun2
KEN_021_20220111_064651.flac,340.9,340.9,colsun2
KEN_021_20220111_064651.flac,349.8,349.8,wbgbir1
KEN_021_20220111_064651.flac,366.1,366.1,norpuf1
KEN_021_20220111_064651.flac,408.1,408.1,yebapa1
KEN_021_20220111_064651.flac,416.9,416.9,yebapa1
KEN_021_20220111_064651.flac,420.6,420.6,yebapa1
KEN_021_20220111_064651.flac,428.3,428.3,yebapa1
KEN_021_20220111_064651.flac,429.1,429.1,norpuf1
KEN_021_20220111_064651.flac,429.9,429.9,wbrcha2
KEN_021_20220111_064651.flac,440.9,440.9,norpuf1
KEN_021_20220111_064651.flac,446.4,446.4,norpuf1
KEN_021_20220111_064651.flac,453.4,453.4,combul2
KEN_021_20220111_064651.flac,453.6,453.6,norpuf1
KEN_021_20220111_064651.flac,459.0,459.0,rindov
KEN_021_20220111_064651.flac,460.7,460.7,reedov1
KEN_021_20220111_064651.flac,464.3,464.3,norpuf1
KEN_021_20220111_064651.flac,469.3,469.3,norpuf1
KEN_021_20220111_064651.flac,473.6,473.6,rindov
KEN_021_20220111_064651.flac,475.7,475.7,gnbcam2
KEN_021_20220111_064651.flac,477.3,477.3,reedov1
KEN_021_20220111_064651.flac,490.5,490.5,rindov
KEN_021_20220111_064651.flac,493.2,493.2,norpuf1
KEN_021_20220111_064651.flac,495.9,495.9,rindov
KEN_021_20220111_064651.flac,498.1,498.1,norpuf1
KEN_021_20220111_064651.flac,505.5,505.5,norpuf1
KEN_021_20220111_064651.flac,510.4,510.4,rindov
KEN_021_20220111_064651.flac,516.4,516.4,norpuf1
KEN_021_20220111_064651.flac,528.5,528.5,norpuf1
KEN_021_20220111_064651.flac,538.2,538.2,rindov
KEN_021_20220111_064651.flac,544.6,544.6,norpuf1
KEN_021_20220111_064651.flac,556.4,556.4,norpuf1
KEN_021_20220111_064651.flac,566.6,566.6,combul2
KEN_021_20220111_064651.flac,567.1,567.1,norpuf1
KEN_021_20220111_064651.flac,575.0,575.0,combul2
KEN_021_20220111_064651.flac,583.8,583.8,combul2
KEN_021_20220111_064651.flac,589.1,589.1,norpuf1
KEN_021_20220111_064651.flac,598.7,598.7,norpuf1
KEN_021_20220111_064651.flac,600.0,600.0,combul2
KEN_021_20220111_064651.flac,608.8,608.8,subbus1
KEN_021_20220111_064651.flac,611.9,611.9,combul2
KEN_021_20220111_064651.flac,616.3,616.3,subbus1
KEN_021_20220111_064651.flac,626.6,626.6,subbus1
KEN_021_20220111_064651.flac,657.9,657.9,combul2
KEN_021_20220111_064651.flac,681.0,681.0,rindov
KEN_021_20220111_064651.flac,690.2,690.2,rindov
KEN_021_20220111_064651.flac,692.2,692.2,combul2
KEN_021_20220111_064651.flac,696.8,696.8,rindov
KEN_021_20220111_064651.flac,702.2,702.2,combul2
KEN_021_20220111_064651.flac,706.7,706.7,combul2
KEN_021_20220111_064651.flac,713.7,713.7,combul2
KEN_021_20220111_064651.flac,716.1,716.1,norpuf1
KEN_021_20220111_064651.flac,721.5,721.5,whbwhe3
KEN_021_20220111_064651.flac,726.4,726.4,varsun2
KEN_021_20220111_064651.flac,730.4,730.4,gnbcam2
KEN_021_20220111_064651.flac,732.6,732.6,combul2
KEN_021_20220111_064651.flac,738.4,738.4,rindov
KEN_021_20220111_064651.flac,748.6,748.6,rindov
KEN_021_20220111_064651.flac,753.0,753.0,whbwhe3
KEN_021_20220111_064651.flac,756.5,756.5,rindov
KEN_021_20220111_064651.flac,763.2,763.2,slcbou1
KEN_021_20220111_064651.flac,765.0,765.0,slcbou1
KEN_021_20220111_064651.flac,777.0,777.0,whbwhe3
KEN_021_20220111_064651.flac,781.6,781.6,whbwhe3
KEN_021_20220111_064651.flac,787.4,787.4,whbwhe3
KEN_021_20220111_064651.flac,794.6,794.6,whbwhe3
KEN_021_20220111_064651.flac,797.3,797.3,rindov
KEN_021_20220111_064651.flac,809.5,809.5,reedov1
KEN_021_20220111_064651.flac,814.0,814.0,rindov
KEN_021_20220111_064651.flac,817.7,817.7,reftin1
KEN_021_20220111_064651.flac,821.2,821.2,reftin1
KEN_021_20220111_064651.flac,826.4,826.4,whbwhe3
KEN_021_20220111_064651.flac,833.5,833.5,reedov1
KEN_021_20220111_064651.flac,837.1,837.1,rindov
KEN_021_20220111_064651.flac,847.0,847.0,reedov1
KEN_021_20220111_064651.flac,851.2,851.2,rindov
KEN_021_20220111_064651.flac,857.7,857.7,rindov
KEN_021_20220111_064651.flac,866.8,866.8,rindov
KEN_021_20220111_064651.flac,871.1,871.1,norpuf1
KEN_021_20220111_064651.flac,875.9,875.9,slcbou1
KEN_021_20220111_064651.flac,879.2,879.2,reedov1
KEN_021_20220111_064651.flac,892.1,892.1,combul2
KEN_021_20220111_064651.flac,904.4,904.4,wbrcha2
KEN_021_20220111_064651.flac,908.8,908.8,combul2
KEN_021_20220111_064651.flac,913.0,913.0,wbrcha2
KEN_021_20220111_064651.flac,915.6,915.6,gnbcam2
KEN_021_20220111_064651.flac,924.1,924.1,rindov
KEN_021_20220111_064651.flac,925.8,925.8,wbrcha2
KEN_021_20220111_064651.flac,932.9,932.9,wbrcha2
KEN_021_20220111_064651.flac,938.5,938.5,rindov
KEN_021_20220111_064651.flac,940.8,940.8,wbrcha2
KEN_021_20220111_064651.flac,948.9,948.9,gnbcam2
KEN_021_20220111_064651.flac,957.5,957.5,wbrcha2
KEN_021_20220111_064651.flac,961.4,961.4,gnbcam2
KEN_021_20220111_064651.flac,965.2,965.2,wbrcha2
KEN_021_20220111_064651.flac,977.0,977.0,wbrcha2
KEN_021_20220111_064651.flac,983.4,983.4,wbgbir1
KEN_021_20220111_064651.flac,986.9,986.9,wbrcha2
KEN_021_20220111_064651.flac,997.7,997.7,wbrcha2
KEN_021_20220111_064651.flac,1024.9,1024.9,wbrcha2
KEN_021_20220111_064651.flac,1031.3,1031.3,combul2
KEN_021_20220111_064651.flac,1044.4,1044.4,slcbou1
KEN_021_20220111_064651.flac,1048.2,1048.2,slcbou1
KEN_021_20220111_064651.flac,1052.0,1052.0,whbwhe3
KEN_021_20220111_064651.flac,1052.6,1052.6,wbrcha2
KEN_021_20220111_064651.flac,1070.3,1070.3,wbrcha2
KEN_021_20220111_064651.flac,1076.2,1076.2,gnbcam2
KEN_021_20220111_064651.flac,1078.4,1078.4,whbwhe3
KEN_021_20220111_064651.flac,1080.5,1080.5,wbrcha2
KEN_021_20220111_064651.flac,1093.1,1093.1,wbrcha2
KEN_021_20220111_064651.flac,1101.6,1101.6,wbrcha2
KEN_021_20220111_064651.flac,1111.0,1111.0,wbrcha2
KEN_021_20220111_064651.flac,1116.8,1116.8,wbrcha2
KEN_021_20220111_064651.flac,1129.2,1129.2,wbrcha2
KEN_021_20220111_064651.flac,1132.9,1132.9,combul2
KEN_021_20220111_064651.flac,1136.2,1136.2,wbrcha2
KEN_021_20220111_064651.flac,1148.2,1148.2,wbrcha2
KEN_021_20220111_064651.flac,1156.1,1156.1,wbrcha2
KEN_021_20220111_064651.flac,1163.4,1163.4,wbrcha2
KEN_021_20220111_064651.flac,1176.0,1176.0,wbrcha2
KEN_021_20220111_064651.flac,1185.0,1185.0,wbrcha2
KEN_021_20220111_064651.flac,1197.9,1197.9,wbrcha2
KEN_021_20220111_064651.flac,1201.6,1201.6,combul2
KEN_021_20220111_064651.flac,1205.5,1205.5,fislov1
KEN_021_20220111_064651.flac,1209.3,1209.3,combul2
KEN_021_20220111_064651.flac,1213.5,1213.5,fislov1
KEN_021_20220111_064651.flac,1215.7,1215.7,fislov1
KEN_021_20220111_064651.flac,1220.4,1220.4,combul2
KEN_021_20220111_064651.flac,1227.5,1227.5,wbgbir1
KEN_021_20220111_064651.flac,1230.6,1230.6,combul2
KEN_021_20220111_064651.flac,1240.2,1240.2,wbrcha2
KEN_021_20220111_064651.flac,1244.3,1244.3,reedov1
KEN_021_20220111_064651.flac,1250.1,1250.1,wbrcha2
KEN_021_20220111_064651.flac,1251.6,1251.6,reedov1
KEN_021_20220111_064651.flac,1276.8,1276.8,gnbcam2
KEN_021_20220111_064651.flac,1363.3,1363.3,fislov1
KEN_021_20220111_064651.flac,1380.9,1380.9,slcbou1
KEN_021_20220111_064651.flac,1387.7,1387.7,wbgbir1
KEN_021_20220111_064651.flac,1480.1,1480.1,wbgbir1
KEN_021_20220111_064651.flac,1585.9,1585.9,eswdov1
KEN_021_20220111_064651.flac,1609.7,1609.7,eswdov1
KEN_021_20220111_064651.flac,1627.6,1627.6,eswdov1
KEN_021_20220111_064651.flac,1642.2,1642.2,rindov
KEN_021_20220111_064651.flac,1648.9,1648.9,rindov
KEN_021_20220111_064651.flac,1659.4,1659.4,rindov
KEN_021_20220111_064651.flac,1677.5,1677.5,slcbou1
KEN_021_20220111_064651.flac,1678.1,1678.1,eswdov1
KEN_021_20220111_064651.flac,1694.7,1694.7,rindov
KEN_021_20220111_064651.flac,1697.0,1697.0,eswdov1
KEN_021_20220111_064651.flac,1728.9,1728.9,slcbou1
KEN_021_20220111_064651.flac,1761.7,1761.7,rindov
KEN_021_20220111_064651.flac,1766.0,1766.0,laudov1
KEN_021_20220111_064651.flac,1780.0,1780.0,rindov
KEN_021_20220111_064651.flac,1877.8,1877.8,combul2
KEN_021_20220111_064651.flac,1883.2,1883.2,combul2
KEN_021_20220111_064651.flac,1931.5,1931.5,subbus1
KEN_021_20220111_064651.flac,1933.1,1933.1,rindov
KEN_021_20220111_064651.flac,1939.5,1939.5,reedov1
KEN_021_20220111_064651.flac,1951.6,1951.6,reftin1
KEN_021_20220111_064651.flac,1957.5,1957.5,reftin1
KEN_021_20220111_064651.flac,1962.3,1962.3,reftin1
KEN_021_20220111_064651.flac,1968.2,1968.2,rindov
KEN_021_20220111_064651.flac,1972.7,1972.7,combul2
KEN_021_20220111_064651.flac,1981.6,1981.6,combul2
KEN_021_20220111_064651.flac,1994.5,1994.5,subbus1
KEN_021_20220111_064651.flac,2028.4,2028.4,gnbcam2
KEN_021_20220111_064651.flac,2031.4,2031.4,refcro1
KEN_021_20220111_064651.flac,2038.6,2038.6,gnbcam2
KEN_021_20220111_064651.flac,2046.3,2046.3,gnbcam2
KEN_021_20220111_064651.flac,2052.4,2052.4,gnbcam2
KEN_021_20220111_064651.flac,2053.6,2053.6,reedov1
KEN_021_20220111_064651.flac,2111.7,2111.7,combul2
KEN_021_20220111_064651.flac,2117.7,2117.7,combul2
KEN_021_20220111_064651.flac,2123.4,2123.4,reedov1
KEN_021_20220111_064651.flac,2127.0,2127.0,reedov1
KEN_021_20220111_064651.flac,2132.7,2132.7,reedov1
KEN_021_20220111_064651.flac,2138.1,2138.1,combul2
KEN_021_20220111_064651.flac,2142.2,2142.2,reedov1
KEN_021_20220111_064651.flac,2147.8,2147.8,reedov1
KEN_021_20220111_064651.flac,2157.1,2157.1,reedov1
KEN_021_20220111_064651.flac,2204.5,2204.5,reedov1
KEN_021_20220111_064651.flac,2219.8,2219.8,gnbcam2
KEN_021_20220111_064651.flac,2237.5,2237.5,gnbcam2
KEN_021_20220111_064651.flac,2238.7,2238.7,combul2
KEN_021_20220111_064651.flac,2245.6,2245.6,rindov
KEN_021_20220111_064651.flac,2247.6,2247.6,gnbcam2
KEN_021_20220111_064651.flac,2253.9,2253.9,rindov
KEN_021_20220111_064651.flac,2254.9,2254.9,combul2
KEN_021_20220111_064651.flac,2264.4,2264.4,gnbcam2
KEN_021_20220111_064651.flac,2272.3,2272.3,gnbcam2
KEN_021_20220111_064651.flac,2290.3,2290.3,reedov1
KEN_021_20220111_064651.flac,2297.5,2297.5,rindov
KEN_021_20220111_064651.flac,2304.9,2304.9,gnbcam2
KEN_021_20220111_064651.flac,2307.5,2307.5,rindov
KEN_021_20220111_064651.flac,2316.8,2316.8,gnbcam2
KEN_021_20220111_064651.flac,2320.1,2320.1,wbgbir1
KEN_021_20220111_064651.flac,2335.3,2335.3,reedov1
KEN_021_20220111_064651.flac,2339.6,2339.6,wbgbir1
KEN_021_20220111_064651.flac,2349.0,2349.0,reedov1
KEN_021_20220111_064651.flac,2366.7,2366.7,rindov
KEN_021_20220111_064651.flac,2379.3,2379.3,gnbcam2
KEN_021_20220111_064651.flac,2456.3,2456.3,slcbou1
KEN_021_20220111_064651.flac,2459.6,2459.6,reedov1
KEN_021_20220111_064651.flac,2623.4,2623.4,wbgbir1
KEN_021_20220111_064651.flac,2662.4,2662.4,combul2
KEN_021_20220111_064651.flac,2668.4,2668.4,gnbcam2
KEN_021_20220111_064651.flac,2673.0,2673.0,combul2
KEN_021_20220111_064651.flac,2789.8,2789.8,reedov1
KEN_021_20220111_064651.flac,2792.7,2792.7,rindov
KEN_021_20220111_064651.flac,2810.5,2810.5,rindov
KEN_021_20220111_064651.flac,2820.9,2820.9,rindov
KEN_021_20220111_064651.flac,2834.3,2834.3,laudov1
KEN_021_20220111_064651.flac,2839.2,2839.2,rindov
KEN_021_20220111_064651.flac,2843.5,2843.5,rindov
KEN_021_20220111_064651.flac,2848.7,2848.7,reedov1
KEN_021_20220111_064651.flac,2851.7,2851.7,combul2
KEN_021_20220111_064651.flac,2856.6,2856.6,rindov
KEN_021_20220111_064651.flac,2864.0,2864.0,rindov
KEN_021_20220111_064651.flac,2868.1,2868.1,combul2
KEN_021_20220111_064651.flac,2875.2,2875.2,slcbou1
KEN_021_20220111_064651.flac,2878.5,2878.5,rindov
KEN_021_20220111_064651.flac,2887.5,2887.5,rindov
KEN_021_20220111_064651.flac,2912.4,2912.4,rindov
KEN_021_20220111_064651.flac,2939.0,2939.0,rindov
KEN_021_20220111_064651.flac,2945.9,2945.9,combul2
KEN_021_20220111_064651.flac,2958.6,2958.6,rindov
KEN_021_20220111_064651.flac,2975.8,2975.8,rindov
KEN_021_20220111_064651.flac,3000.5,3000.5,combul2
KEN_021_20220111_064651.flac,3209.0,3209.0,reedov1
KEN_021_20220111_064651.flac,3215.4,3215.4,combul2
KEN_021_20220111_064651.flac,3234.3,3234.3,slcbou1
KEN_021_20220111_064651.flac,3241.7,3241.7,reedov1
KEN_021_20220111_064651.flac,3244.3,3244.3,slcbou1
KEN_021_20220111_064651.flac,3287.7,3287.7,rindov
KEN_021_20220111_064651.flac,3291.2,3291.2,combul2
KEN_021_20220111_064651.flac,3302.9,3302.9,combul2
KEN_021_20220111_064651.flac,3306.3,3306.3,rindov
KEN_021_20220111_064651.flac,3312.9,3312.9,combul2
KEN_021_20220111_064651.flac,3328.4,3328.4,nubwoo1
KEN_021_20220111_064651.flac,3334.2,3334.2,combul2
KEN_021_20220111_064651.flac,3341.9,3341.9,rindov
KEN_021_20220111_064651.flac,3342.5,3342.5,reedov1
KEN_021_20220111_064651.flac,3351.3,3351.3,combul2
KEN_021_20220111_064651.flac,3353.0,3353.0,reedov1
KEN_021_20220111_064651.flac,3366.0,3366.0,rindov
KEN_021_20220111_064651.flac,3368.8,3368.8,combul2
KEN_021_20220111_064651.flac,3387.1,3387.1,combul2
KEN_021_20220111_064651.flac,3400.2,3400.2,combul2
KEN_021_20220111_064651.flac,3400.8,3400.8,reedov1
KEN_021_20220111_064651.flac,3421.6,3421.6,combul2
KEN_021_20220111_064651.flac,3431.4,3431.4,combul2
KEN_021_20220111_064651.flac,3451.4,3451.4,combul2
KEN_021_20220111_064651.flac,3453.0,3453.0,rindov
KEN_021_20220111_064651.flac,3458.1,3458.1,laudov1
KEN_021_20220111_064651.flac,3466.0,3466.0,laudov1
KEN_021_20220111_064651.flac,3467.7,3467.7,combul2
KEN_021_20220111_064651.flac,3476.3,3476.3,combul2
KEN_021_20220111_064651.flac,3486.9,3486.9,laudov1
KEN_021_20220111_064651.flac,3496.1,3496.1,laudov1
KEN_021_20220111_064651.flac,3498.5,3498.5,combul2
KEN_021_20220111_064651.flac,3502.9,3502.9,laudov1
KEN_021_20220111_064651.flac,3506.4,3506.4,combul2
KEN_021_20220111_064651.flac,3511.9,3511.9,laudov1
KEN_021_20220111_064651.flac,3514.7,3514.7,combul2
KEN_021_20220111_064651.flac,3520.1,3520.1,laudov1
KEN_021_20220111_064651.flac,3529.9,3529.9,rindov
KEN_021_20220111_064651.flac,3542.5,3542.5,reedov1
KEN_021_20220111_064651.flac,3543.8,3543.8,combul2
KEN_021_20220111_064651.flac,3550.8,3550.8,reedov1
KEN_021_20220111_064651.flac,3553.0,3553.0,combul2
KEN_021_20220111_064651.flac,3562.4,3562.4,combul2
KEN_021_20220111_064651.flac,3565.0,3565.0,laudov1
KEN_021_20220111_064651.flac,3571.8,3571.8,combul2
KEN_021_20220111_064651.flac,3573.0,3573.1,lawgol
KEN_021_20220111_064651.flac,3580.3,3580.3,reedov1
KEN_021_20220111_064651.flac,3582.7,3582.7,combul2
KEN_021_20220111_064651.flac,3583.7,3583.7,rindov
KEN_021_20220111_064651.flac,3588.8,3588.8,reedov1
KEN_021_20220111_064651.flac,3592.7,3592.7,rindov
KEN_021_20220111_064651.flac,3597.2,3597.2,rindov
KEN_021_20220111_064651.flac,3598.5,3598.5,laudov1
KEN_022_20220116_090527.flac,104.9,104.9,yewgre1
KEN_022_20220116_090527.flac,116.0,116.0,yewgre1
KEN_022_20220116_090527.flac,125.2,125.2,yewgre1
KEN_022_20220116_090527.flac,152.9,152.9,yewgre1
KEN_022_20220116_090527.flac,169.0,169.0,tamdov1
KEN_022_20220116_090527.flac,182.5,182.5,combul2
KEN_022_20220116_090527.flac,198.8,198.8,whctur2
KEN_022_20220116_090527.flac,201.6,201.6,tamdov1
KEN_022_20220116_090527.flac,225.3,225.3,brwwar1
KEN_022_20220116_090527.flac,243.7,243.7,brwwar1
KEN_022_20220116_090527.flac,259.8,259.8,tamdov1
KEN_022_20220116_090527.flac,265.0,265.0,walsta1
KEN_022_20220116_090527.flac,332.4,332.4,combul2
KEN_022_20220116_090527.flac,371.8,371.8,yertin1
KEN_022_20220116_090527.flac,383.6,383.6,yertin1
KEN_022_20220116_090527.flac,449.1,449.1,yertin1
KEN_022_20220116_090527.flac,470.0,470.0,yertin1
KEN_022_20220116_090527.flac,474.0,474.0,walsta1
KEN_022_20220116_090527.flac,479.0,479.0,yertin1
KEN_022_20220116_090527.flac,482.0,482.0,hartur1
KEN_022_20220116_090527.flac,488.0,488.0,walsta1
KEN_022_20220116_090527.flac,495.5,495.5,yertin1
KEN_022_20220116_090527.flac,515.4,515.4,yertin1
KEN_022_20220116_090527.flac,518.3,518.3,hartur1
KEN_022_20220116_090527.flac,541.9,541.9,hartur1
KEN_022_20220116_090527.flac,548.7,548.7,hartur1
KEN_022_20220116_090527.flac,556.0,556.0,hartur1
KEN_022_20220116_090527.flac,559.6,559.6,yertin1
KEN_022_20220116_090527.flac,564.2,564.2,hartur1
KEN_022_20220116_090527.flac,587.9,587.9,hartur1
KEN_022_20220116_090527.flac,596.7,596.7,hartur1
KEN_022_20220116_090527.flac,603.2,603.2,yertin1
KEN_022_20220116_090527.flac,605.0,605.0,hartur1
KEN_022_20220116_090527.flac,611.3,611.3,yertin1
KEN_022_20220116_090527.flac,613.5,613.5,hartur1
KEN_022_20220116_090527.flac,623.9,623.9,hartur1
KEN_022_20220116_090527.flac,632.7,632.7,hartur1
KEN_022_20220116_090527.flac,836.2,836.2,brwwar1
KEN_022_20220116_090527.flac,842.9,842.9,trobou1
KEN_022_20220116_090527.flac,848.8,848.8,tamdov1
KEN_022_20220116_090527.flac,1062.6,1062.6,hartur1
KEN_022_20220116_090527.flac,1071.7,1071.7,yebapa1
KEN_022_20220116_090527.flac,1083.6,1083.6,yebapa1
KEN_022_20220116_090527.flac,1112.7,1112.7,shesta1
KEN_022_20220116_090527.flac,1183.8,1183.8,yewgre1
KEN_022_20220116_090527.flac,1191.6,1191.6,yewgre1
KEN_022_20220116_090527.flac,1208.6,1208.6,yewgre1
KEN_022_20220116_090527.flac,1229.6,1229.6,yewgre1
KEN_022_20220116_090527.flac,1237.3,1237.3,yewgre1
KEN_022_20220116_090527.flac,1270.8,1270.8,yewgre1
KEN_022_20220116_090527.flac,1300.7,1300.7,gytbar1
KEN_022_20220116_090527.flac,1310.2,1310.2,gytbar1
KEN_022_20220116_090527.flac,1312.4,1312.4,yewgre1
KEN_022_20220116_090527.flac,1321.3,1321.3,yewgre1
KEN_022_20220116_090527.flac,1331.8,1331.8,yewgre1
KEN_022_20220116_090527.flac,1343.4,1343.4,yewgre1
KEN_022_20220116_090527.flac,1350.8,1350.8,yewgre1
KEN_022_20220116_090527.flac,1362.4,1362.4,yertin1
KEN_022_20220116_090527.flac,1363.1,1363.1,yewgre1
KEN_022_20220116_090527.flac,1371.1,1371.1,yewgre1
KEN_022_20220116_090527.flac,1378.9,1378.9,hartur1
KEN_022_20220116_090527.flac,1381.1,1381.1,yewgre1
KEN_022_20220116_090527.flac,1386.9,1386.9,walsta1
KEN_022_20220116_090527.flac,1391.6,1391.6,yewgre1
KEN_022_20220116_090527.flac,1408.7,1408.7,yewgre1
KEN_022_20220116_090527.flac,1420.8,1420.8,yewgre1
KEN_022_20220116_090527.flac,1440.7,1440.7,yewgre1
KEN_022_20220116_090527.flac,1506.3,1506.3,yewgre1
KEN_022_20220116_090527.flac,1518.5,1518.5,yewgre1
KEN_022_20220116_090527.flac,1547.2,1547.2,yewgre1
KEN_022_20220116_090527.flac,1575.0,1575.0,yewgre1
KEN_022_20220116_090527.flac,1595.7,1595.7,yewgre1
KEN_022_20220116_090527.flac,1605.2,1605.2,yewgre1
KEN_022_20220116_090527.flac,1617.2,1617.2,yewgre1
KEN_022_20220116_090527.flac,1684.7,1684.7,yewgre1
KEN_022_20220116_090527.flac,1695.0,1695.0,yewgre1
KEN_022_20220116_090527.flac,1722.2,1722.2,yewgre1
KEN_022_20220116_090527.flac,1725.8,1725.8,yewgre1
KEN_022_20220116_090527.flac,1743.4,1743.4,yewgre1
KEN_022_20220116_090527.flac,1762.7,1762.7,yewgre1
KEN_022_20220116_090527.flac,1774.0,1774.0,yewgre1
KEN_022_20220116_090527.flac,1793.7,1793.7,yewgre1
KEN_022_20220116_090527.flac,1808.2,1808.2,yewgre1
KEN_022_20220116_090527.flac,1812.9,1812.9,yewgre1
KEN_022_20220116_090527.flac,1852.1,1852.1,yewgre1
KEN_022_20220116_090527.flac,1962.0,1962.0,yewgre1
KEN_022_20220116_090527.flac,1970.3,1970.3,yewgre1
KEN_022_20220116_090527.flac,1981.2,1981.2,yewgre1
KEN_022_20220116_090527.flac,1989.4,1989.4,yewgre1
KEN_022_20220116_090527.flac,2008.6,2008.6,yewgre1
KEN_022_20220116_090527.flac,2017.4,2017.4,yewgre1
KEN_022_20220116_090527.flac,2037.8,2037.8,yewgre1
KEN_022_20220116_090527.flac,2068.3,2068.3,yewgre1
KEN_022_20220116_090527.flac,2081.3,2081.3,yewgre1
KEN_022_20220116_090527.flac,2098.3,2098.3,yewgre1
KEN_022_20220116_090527.flac,2099.5,2099.5,shesta1
KEN_022_20220116_090527.flac,2115.3,2115.3,yewgre1
KEN_022_20220116_090527.flac,2128.0,2128.0,yewgre1
KEN_022_20220116_090527.flac,2138.4,2138.4,shesta1
KEN_022_20220116_090527.flac,2141.9,2141.9,yewgre1
KEN_022_20220116_090527.flac,2157.0,2157.0,yewgre1
KEN_022_20220116_090527.flac,2162.4,2162.4,shesta1
KEN_022_20220116_090527.flac,2174.6,2174.6,yewgre1
KEN_022_20220116_090527.flac,2194.0,2194.0,yewgre1
KEN_022_20220116_090527.flac,2209.5,2209.5,yewgre1
KEN_022_20220116_090527.flac,2227.9,2227.9,yewgre1
KEN_022_20220116_090527.flac,2246.9,2246.9,yewgre1
KEN_022_20220116_090527.flac,2340.2,2340.2,yewgre1
KEN_022_20220116_090527.flac,2356.4,2356.4,yewgre1
KEN_022_20220116_090527.flac,2365.6,2365.6,trobou1
KEN_022_20220116_090527.flac,2370.8,2370.8,yewgre1
KEN_022_20220116_090527.flac,2379.9,2379.9,yewgre1
KEN_022_20220116_090527.flac,2384.0,2384.0,trobou1
KEN_022_20220116_090527.flac,2389.7,2389.7,yewgre1
KEN_022_20220116_090527.flac,2399.1,2399.1,yewgre1
KEN_022_20220116_090527.flac,2400.0,2400.0,trobou1
KEN_022_20220116_090527.flac,2413.1,2413.1,trobou1
KEN_022_20220116_090527.flac,2417.4,2417.4,yewgre1
KEN_022_20220116_090527.flac,2419.7,2419.7,yewgre1
KEN_022_20220116_090527.flac,2427.8,2427.8,yewgre1
KEN_022_20220116_090527.flac,2440.6,2440.6,yewgre1
KEN_022_20220116_090527.flac,2442.8,2442.8,trobou1
KEN_022_20220116_090527.flac,2457.7,2457.7,yewgre1
KEN_022_20220116_090527.flac,2467.9,2467.9,yewgre1
KEN_022_20220116_090527.flac,2471.6,2471.6,trobou1
KEN_022_20220116_090527.flac,2485.8,2485.8,yewgre1
KEN_022_20220116_090527.flac,2498.5,2498.5,yewgre1
KEN_022_20220116_090527.flac,2512.7,2512.7,yewgre1
KEN_022_20220116_090527.flac,2520.9,2520.9,yewgre1
KEN_022_20220116_090527.flac,2532.4,2532.4,yewgre1
KEN_022_20220116_090527.flac,2542.1,2542.1,yewgre1
KEN_022_20220116_090527.flac,2552.8,2552.8,yewgre1
KEN_022_20220116_090527.flac,2564.3,2564.3,yewgre1
KEN_022_20220116_090527.flac,2568.8,2568.8,walsta1
KEN_022_20220116_090527.flac,2576.6,2576.6,yewgre1
KEN_022_20220116_090527.flac,2605.9,2605.9,yewgre1
KEN_022_20220116_090527.flac,2620.4,2620.4,yewgre1
KEN_022_20220116_090527.flac,2627.1,2627.1,yewgre1
KEN_022_20220116_090527.flac,2627.9,2627.9,gytbar1
KEN_022_20220116_090527.flac,2636.5,2636.5,yewgre1
KEN_022_20220116_090527.flac,2636.9,2636.9,gytbar1
KEN_022_20220116_090527.flac,2647.8,2647.8,gytbar1
KEN_022_20220116_090527.flac,2651.3,2651.3,yewgre1
KEN_022_20220116_090527.flac,2666.2,2666.2,gytbar1
KEN_022_20220116_090527.flac,2716.4,2716.4,yewgre1
KEN_022_20220116_090527.flac,2726.4,2726.4,yewgre1
KEN_022_20220116_090527.flac,2744.3,2744.3,walsta1
KEN_022_20220116_090527.flac,2746.0,2746.0,yewgre1
KEN_022_20220116_090527.flac,2766.5,2766.5,yewgre1
KEN_022_20220116_090527.flac,2776.0,2776.0,yewgre1
KEN_022_20220116_090527.flac,2790.0,2790.0,walsta1
KEN_022_20220116_090527.flac,2795.1,2795.1,yewgre1
KEN_022_20220116_090527.flac,2911.9,2911.9,hartur1
KEN_022_20220116_090527.flac,2912.8,2912.8,yewgre1
KEN_022_20220116_090527.flac,2930.7,2930.7,yewgre1
KEN_022_20220116_090527.flac,2941.5,2941.5,hartur1
KEN_022_20220116_090527.flac,2942.1,2942.1,yewgre1
KEN_022_20220116_090527.flac,2956.7,2956.7,hartur1
KEN_022_20220116_090527.flac,2964.9,2964.9,yewgre1
KEN_022_20220116_090527.flac,2971.7,2971.7,hartur1
KEN_022_20220116_090527.flac,2975.1,2975.1,yewgre1
KEN_022_20220116_090527.flac,2980.3,2980.3,yewgre1
KEN_022_20220116_090527.flac,3010.0,3010.0,yewgre1
KEN_022_20220116_090527.flac,3021.2,3021.2,yewgre1
KEN_022_20220116_090527.flac,3031.9,3031.9,yewgre1
KEN_022_20220116_090527.flac,3041.5,3041.5,yewgre1
KEN_022_20220116_090527.flac,3053.2,3053.2,yewgre1
KEN_022_20220116_090527.flac,3072.0,3072.0,yewgre1
KEN_022_20220116_090527.flac,3083.5,3083.5,yewgre1
KEN_022_20220116_090527.flac,3086.2,3086.2,hartur1
KEN_022_20220116_090527.flac,3095.5,3095.5,hartur1
KEN_022_20220116_090527.flac,3099.3,3099.3,yewgre1
KEN_022_20220116_090527.flac,3111.6,3111.6,yewgre1
KEN_022_20220116_090527.flac,3112.6,3112.6,hartur1
KEN_022_20220116_090527.flac,3121.1,3121.1,hartur1
KEN_022_20220116_090527.flac,3129.8,3129.8,yewgre1
KEN_022_20220116_090527.flac,3142.7,3142.7,yewgre1
KEN_022_20220116_090527.flac,3181.5,3181.5,yewgre1
KEN_022_20220116_090527.flac,3217.6,3217.6,yewgre1
KEN_022_20220116_090527.flac,3232.8,3232.8,yewgre1
KEN_022_20220116_090527.flac,3242.2,3242.2,yewgre1
KEN_022_20220116_090527.flac,3272.5,3272.5,yewgre1
KEN_022_20220116_090527.flac,3299.0,3299.0,yewgre1
KEN_022_20220116_090527.flac,3309.2,3309.2,yewgre1
KEN_022_20220116_090527.flac,3368.7,3368.7,yewgre1
KEN_022_20220116_090527.flac,3398.3,3398.3,yewgre1
KEN_022_20220116_090527.flac,3411.0,3411.0,yewgre1
KEN_022_20220116_090527.flac,3427.5,3427.5,yewgre1
KEN_022_20220116_090527.flac,3455.8,3455.8,yewgre1
KEN_022_20220116_090527.flac,3463.6,3463.6,yewgre1
KEN_022_20220116_090527.flac,3546.8,3546.8,yewgre1
KEN_022_20220116_090527.flac,3561.0,3561.0,yewgre1
KEN_022_20220116_090527.flac,3572.1,3572.1,yewgre1
KEN_022_20220116_090527.flac,3580.4,3580.4,yewgre1
KEN_022_20220116_090527.flac,3584.9,3584.9,yewgre1
KEN_022_20220116_090527.flac,3592.6,3592.6,yewgre1
KEN_023_20220119_035324.flac,87.4,87.4,sccsun2
KEN_023_20220119_035324.flac,92.5,92.5,wbswea1
KEN_023_20220119_035324.flac,97.9,97.9,wbswea1
KEN_023_20220119_035324.flac,103.7,103.7,marsun2
KEN_023_20220119_035324.flac,108.8,108.8,marsun2
KEN_023_20220119_035324.flac,118.4,118.4,wbswea1
KEN_023_20220119_035324.flac,126.5,126.5,marsun2
KEN_023_20220119_035324.flac,132.5,132.5,wbswea1
KEN_023_20220119_035324.flac,135.2,135.2,marsun2
KEN_023_20220119_035324.flac,152.9,152.9,sccsun2
KEN_023_20220119_035324.flac,159.0,159.0,wbswea1
KEN_023_20220119_035324.flac,176.0,176.0,wbswea1
KEN_023_20220119_035324.flac,195.1,195.1,wbswea1
KEN_023_20220119_035324.flac,197.0,197.0,spfwea1
KEN_023_20220119_035324.flac,197.9,197.9,wbswea1
KEN_023_20220119_035324.flac,199.7,199.7,reccor
KEN_023_20220119_035324.flac,205.4,205.4,reccor
KEN_023_20220119_035324.flac,209.0,209.0,reccor
KEN_023_20220119_035324.flac,221.4,221.4,reccor
KEN_023_20220119_035324.flac,229.5,229.5,reccor
KEN_023_20220119_035324.flac,233.9,233.9,wbswea1
KEN_023_20220119_035324.flac,237.0,237.0,reccor
KEN_023_20220119_035324.flac,241.2,241.2,reccor
KEN_023_20220119_035324.flac,243.2,243.2,combul2
KEN_023_20220119_035324.flac,247.0,247.0,reccor
KEN_023_20220119_035324.flac,250.5,250.5,wbswea1
KEN_023_20220119_035324.flac,257.3,257.3,wbswea1
KEN_023_20220119_035324.flac,265.8,265.8,wbswea1
KEN_023_20220119_035324.flac,272.2,272.2,combul2
KEN_023_20220119_035324.flac,272.5,272.5,reccor
KEN_023_20220119_035324.flac,276.3,276.3,reccor
KEN_023_20220119_035324.flac,285.3,285.3,wbswea1
KEN_023_20220119_035324.flac,286.2,286.2,reccor
KEN_023_20220119_035324.flac,287.3,287.3,wbswea1
KEN_023_20220119_035324.flac,290.1,290.1,subbus1
KEN_023_20220119_035324.flac,292.5,292.5,wbswea1
KEN_023_20220119_035324.flac,294.3,294.3,reccor
KEN_023_20220119_035324.flac,302.3,302.3,subbus1
KEN_023_20220119_035324.flac,305.1,305.1,wbswea1
KEN_023_20220119_035324.flac,311.2,311.2,reccor
KEN_023_20220119_035324.flac,314.6,314.6,subbus1
KEN_023_20220119_035324.flac,319.6,319.6,subbus1
KEN_023_20220119_035324.flac,320.4,320.4,wbswea1
KEN_023_20220119_035324.flac,324.1,324.1,reccor
KEN_023_20220119_035324.flac,330.0,330.0,reccor
KEN_023_20220119_035324.flac,331.8,331.8,reccor
KEN_023_20220119_035324.flac,336.1,336.1,slcbou1
KEN_023_20220119_035324.flac,339.3,339.3,wbswea1
KEN_023_20220119_035324.flac,345.8,345.8,wbswea1
KEN_023_20220119_035324.flac,354.0,354.0,purgre2
KEN_023_20220119_035324.flac,362.8,362.8,wbswea1
KEN_023_20220119_035324.flac,368.5,368.5,combul2
KEN_023_20220119_035324.flac,370.3,370.3,purgre2
KEN_023_20220119_035324.flac,372.6,372.6,wbswea1
KEN_023_20220119_035324.flac,378.4,378.4,combul2
KEN_023_20220119_035324.flac,380.5,380.5,wbswea1
KEN_023_20220119_035324.flac,384.4,384.4,purgre2
KEN_023_20220119_035324.flac,388.2,388.2,combul2
KEN_023_20220119_035324.flac,395.5,395.5,purgre2
KEN_023_20220119_035324.flac,401.3,401.3,marsun2
KEN_023_20220119_035324.flac,407.0,407.0,purgre2
KEN_023_20220119_035324.flac,414.9,414.9,purgre2
KEN_023_20220119_035324.flac,417.6,417.6,wbswea1
KEN_023_20220119_035324.flac,426.8,426.8,marsun2
KEN_023_20220119_035324.flac,429.2,429.2,gnbcam2
KEN_023_20220119_035324.flac,432.9,432.9,wbswea1
KEN_023_20220119_035324.flac,436.7,436.7,gnbcam2
KEN_023_20220119_035324.flac,446.6,446.6,gnbcam2
KEN_023_20220119_035324.flac,467.1,467.1,wbswea1
KEN_023_20220119_035324.flac,483.2,483.2,wbswea1
KEN_023_20220119_035324.flac,507.8,507.8,reccor
KEN_023_20220119_035324.flac,512.1,512.1,reccor
KEN_023_20220119_035324.flac,540.6,540.6,wbswea1
KEN_023_20220119_035324.flac,557.3,557.3,wbswea1
KEN_023_20220119_035324.flac,557.5,557.5,reccor
KEN_023_20220119_035324.flac,563.9,563.9,reccor
KEN_023_20220119_035324.flac,574.6,574.6,reccor
KEN_023_20220119_035324.flac,599.8,599.8,yespet1
KEN_023_20220119_035324.flac,603.0,603.0,yespet1
KEN_023_20220119_035324.flac,606.5,606.5,wbswea1
KEN_023_20220119_035324.flac,611.6,611.6,purgre2
KEN_023_20220119_035324.flac,619.8,619.8,yespet1
KEN_023_20220119_035324.flac,628.2,628.2,reccor
KEN_023_20220119_035324.flac,638.7,638.7,yespet1
KEN_023_20220119_035324.flac,645.9,645.9,yespet1
KEN_023_20220119_035324.flac,657.9,657.9,yespet1
KEN_023_20220119_035324.flac,661.1,661.1,yespet1
KEN_023_20220119_035324.flac,670.4,670.4,purgre2
KEN_023_20220119_035324.flac,671.6,671.6,yespet1
KEN_023_20220119_035324.flac,683.8,683.8,yespet1
KEN_023_20220119_035324.flac,702.7,702.7,slcbou1
KEN_023_20220119_035324.flac,714.0,714.0,slcbou1
KEN_023_20220119_035324.flac,722.2,722.2,wbswea1
KEN_023_20220119_035324.flac,756.8,756.8,wbswea1
KEN_023_20220119_035324.flac,785.8,785.8,slcbou1
KEN_023_20220119_035324.flac,798.8,798.8,afgfly1
KEN_023_20220119_035324.flac,801.6,801.6,afgfly1
KEN_023_20220119_035324.flac,806.2,806.2,afgfly1
KEN_023_20220119_035324.flac,813.1,813.1,wbswea1
KEN_023_20220119_035324.flac,815.3,815.3,afgfly1
KEN_023_20220119_035324.flac,829.1,829.1,marsun2
KEN_023_20220119_035324.flac,836.1,836.1,wbswea1
KEN_023_20220119_035324.flac,845.4,845.4,marsun2
KEN_023_20220119_035324.flac,846.9,846.9,combul2
KEN_023_20220119_035324.flac,857.4,857.4,reccor
KEN_023_20220119_035324.flac,869.2,869.2,reccor
KEN_023_20220119_035324.flac,877.9,877.9,combul2
KEN_023_20220119_035324.flac,882.5,882.5,wbswea1
KEN_023_20220119_035324.flac,887.5,887.5,wbswea1
KEN_023_20220119_035324.flac,890.6,890.6,sccsun2
KEN_023_20220119_035324.flac,897.0,897.0,combul2
KEN_023_20220119_035324.flac,900.5,900.5,reccor
KEN_023_20220119_035324.flac,905.8,905.8,combul2
KEN_023_20220119_035324.flac,911.0,911.0,wbswea1
KEN_023_20220119_035324.flac,919.7,919.7,reccor
KEN_023_20220119_035324.flac,922.2,922.2,sccsun2
KEN_023_20220119_035324.flac,938.9,938.9,wbswea1
KEN_023_20220119_035324.flac,943.3,943.3,marsun2
KEN_023_20220119_035324.flac,948.3,948.3,wbswea1
KEN_023_20220119_035324.flac,954.9,954.9,wbswea1
KEN_023_20220119_035324.flac,958.1,958.1,sccsun2
KEN_023_20220119_035324.flac,958.7,958.7,subbus1
KEN_023_20220119_035324.flac,960.8,960.8,reccor
KEN_023_20220119_035324.flac,963.1,963.1,subbus1
KEN_023_20220119_035324.flac,967.6,967.6,wbswea1
KEN_023_20220119_035324.flac,977.4,977.4,wbswea1
KEN_023_20220119_035324.flac,984.8,984.8,reccor
KEN_023_20220119_035324.flac,993.1,993.1,combul2
KEN_023_20220119_035324.flac,1001.5,1001.5,wbswea1
KEN_023_20220119_035324.flac,1008.1,1008.1,wbswea1
KEN_023_20220119_035324.flac,1011.7,1011.7,reccor
KEN_023_20220119_035324.flac,1018.0,1018.0,reccor
KEN_023_20220119_035324.flac,1025.0,1025.0,wbswea1
KEN_023_20220119_035324.flac,1037.5,1037.5,reccor
KEN_023_20220119_035324.flac,1044.6,1044.6,reccor
KEN_023_20220119_035324.flac,1060.4,1060.4,reccor
KEN_023_20220119_035324.flac,1064.1,1064.1,slcbou1
KEN_023_20220119_035324.flac,1066.6,1066.6,combul2
KEN_023_20220119_035324.flac,1070.3,1070.3,wbswea1
KEN_023_20220119_035324.flac,1073.7,1073.7,slcbou1
KEN_023_20220119_035324.flac,1083.1,1083.1,combul2
KEN_023_20220119_035324.flac,1085.6,1085.6,subbus1
KEN_023_20220119_035324.flac,1087.9,1087.9,wbswea1
KEN_023_20220119_035324.flac,1090.7,1090.7,reccor
KEN_023_20220119_035324.flac,1091.2,1091.2,subbus1
KEN_023_20220119_035324.flac,1095.3,1095.3,subbus1
KEN_023_20220119_035324.flac,1096.7,1096.7,slcbou1
KEN_023_20220119_035324.flac,1104.3,1104.3,reccor
KEN_023_20220119_035324.flac,1107.1,1107.1,slcbou1
KEN_023_20220119_035324.flac,1113.3,1113.3,slcbou1
KEN_023_20220119_035324.flac,1119.7,1119.7,slcbou1
KEN_023_20220119_035324.flac,1125.0,1125.0,combul2
KEN_023_20220119_035324.flac,1136.3,1136.3,wbswea1
KEN_023_20220119_035324.flac,1138.1,1138.1,reccor
KEN_023_20220119_035324.flac,1145.6,1145.6,slcbou1
KEN_023_20220119_035324.flac,1151.8,1151.8,afgfly1
KEN_023_20220119_035324.flac,1156.2,1156.2,afgfly1
KEN_023_20220119_035324.flac,1167.9,1167.9,afgfly1
KEN_023_20220119_035324.flac,1182.4,1182.4,afgfly1
KEN_023_20220119_035324.flac,1188.2,1188.2,wbswea1
KEN_023_20220119_035324.flac,1204.7,1204.7,subbus1
KEN_023_20220119_035324.flac,1209.3,1209.3,afgfly1
KEN_023_20220119_035324.flac,1217.7,1217.7,subbus1
KEN_023_20220119_035324.flac,1225.3,1225.3,subbus1
KEN_023_20220119_035324.flac,1234.3,1234.3,afgfly1
KEN_023_20220119_035324.flac,1239.5,1239.5,wbgbir1
KEN_023_20220119_035324.flac,1252.5,1252.5,reccor
KEN_023_20220119_035324.flac,1276.4,1276.4,wbswea1
KEN_023_20220119_035324.flac,1297.7,1297.7,wbswea1
KEN_023_20220119_035324.flac,1304.3,1304.3,combul2
KEN_023_20220119_035324.flac,1310.9,1310.9,combul2
KEN_023_20220119_035324.flac,1316.4,1316.4,reccor
KEN_023_20220119_035324.flac,1333.9,1333.9,reccor
KEN_023_20220119_035324.flac,1346.7,1346.7,wbswea1
KEN_023_20220119_035324.flac,1350.1,1350.1,brctch1
KEN_023_20220119_035324.flac,1354.2,1354.2,rindov
KEN_023_20220119_035324.flac,1357.5,1357.5,wbswea1
KEN_023_20220119_035324.flac,1359.9,1359.9,gnbcam2
KEN_023_20220119_035324.flac,1379.2,1379.2,rindov
KEN_023_20220119_035324.flac,1380.5,1380.5,reccor
KEN_023_20220119_035324.flac,1390.5,1390.5,rindov
KEN_023_20220119_035324.flac,1394.5,1394.5,reccor
KEN_023_20220119_035324.flac,1399.2,1399.2,reccor
KEN_023_20220119_035324.flac,1403.6,1403.6,rindov
KEN_023_20220119_035324.flac,1407.1,1407.1,gnbcam2
KEN_023_20220119_035324.flac,1414.8,1414.8,subbus1
KEN_023_20220119_035324.flac,1417.0,1417.0,gnbcam2
KEN_023_20220119_035324.flac,1426.9,1426.9,gnbcam2
KEN_023_20220119_035324.flac,1429.1,1429.1,subbus1
KEN_023_20220119_035324.flac,1437.9,1437.9,subbus1
KEN_023_20220119_035324.flac,1447.4,1447.4,subbus1
KEN_023_20220119_035324.flac,1450.2,1450.2,wbswea1
KEN_023_20220119_035324.flac,1450.7,1450.7,subbus1
KEN_023_20220119_035324.flac,1453.2,1453.2,reccor
KEN_023_20220119_035324.flac,1455.8,1455.8,subbus1
KEN_023_20220119_035324.flac,1462.2,1462.2,subbus1
KEN_023_20220119_035324.flac,1466.8,1466.8,wbswea1
KEN_023_20220119_035324.flac,1468.8,1468.8,reccor
KEN_023_20220119_035324.flac,1469.5,1469.5,subbus1
KEN_023_20220119_035324.flac,1470.2,1470.2,slcbou1
KEN_023_20220119_035324.flac,1478.9,1478.9,subbus1
KEN_023_20220119_035324.flac,1496.2,1496.2,subbus1
KEN_023_20220119_035324.flac,1502.2,1502.2,sccsun2
KEN_023_20220119_035324.flac,1507.9,1507.9,subbus1
KEN_023_20220119_035324.flac,1517.2,1517.2,sccsun2
KEN_023_20220119_035324.flac,1524.3,1524.3,wbswea1
KEN_023_20220119_035324.flac,1527.0,1527.0,rindov
KEN_023_20220119_035324.flac,1529.2,1529.2,wbswea1
KEN_023_20220119_035324.flac,1545.0,1545.0,wbswea1
KEN_023_20220119_035324.flac,1548.0,1548.0,gnbcam2
KEN_023_20220119_035324.flac,1555.1,1555.1,yespet1
KEN_023_20220119_035324.flac,1559.6,1559.6,yespet1
KEN_023_20220119_035324.flac,1567.3,1567.3,afgfly1
KEN_023_20220119_035324.flac,1572.1,1572.1,afgfly1
KEN_023_20220119_035324.flac,1578.9,1578.9,gnbcam2
KEN_023_20220119_035324.flac,1583.5,1583.5,gnbcam2
KEN_023_20220119_035324.flac,1599.0,1599.0,gnbcam2
KEN_023_20220119_035324.flac,1599.8,1599.8,reccor
KEN_023_20220119_035324.flac,1643.7,1643.7,purgre2
KEN_023_20220119_035324.flac,1650.3,1650.3,sccsun2
KEN_023_20220119_035324.flac,1655.8,1655.8,wbswea1
KEN_023_20220119_035324.flac,1659.8,1659.8,wbswea1
KEN_023_20220119_035324.flac,1667.0,1667.0,marsun2
KEN_023_20220119_035324.flac,1692.1,1692.1,reccor
KEN_023_20220119_035324.flac,1700.9,1700.9,afgfly1
KEN_023_20220119_035324.flac,1706.1,1706.1,reccor
KEN_023_20220119_035324.flac,1718.9,1718.9,reccor
KEN_023_20220119_035324.flac,1724.2,1724.2,afgfly1
KEN_023_20220119_035324.flac,1726.2,1726.2,reccor
KEN_023_20220119_035324.flac,1736.0,1736.0,reccor
KEN_023_20220119_035324.flac,1746.5,1746.5,reccor
KEN_023_20220119_035324.flac,1760.2,1760.2,reccor
KEN_023_20220119_035324.flac,1762.3,1762.3,afgfly1
KEN_023_20220119_035324.flac,1764.7,1764.7,afgfly1
KEN_023_20220119_035324.flac,1773.1,1773.1,reccor
KEN_023_20220119_035324.flac,1789.3,1789.3,afgfly1
KEN_023_20220119_035324.flac,1791.2,1791.2,brctch1
KEN_023_20220119_035324.flac,1796.0,1796.0,afgfly1
KEN_023_20220119_035324.flac,1802.3,1802.3,afgfly1
KEN_023_20220119_035324.flac,1814.5,1814.5,subbus1
KEN_023_20220119_035324.flac,1816.8,1816.8,sccsun2
KEN_023_20220119_035324.flac,1822.9,1822.9,wbgbir1
KEN_023_20220119_035324.flac,1830.2,1830.2,sccsun2
KEN_023_20220119_035324.flac,1835.0,1835.0,sccsun2
KEN_023_20220119_035324.flac,1842.9,1842.9,afgfly1
KEN_023_20220119_035324.flac,1856.8,1856.8,wbswea1
KEN_023_20220119_035324.flac,1865.5,1865.5,afgfly1
KEN_023_20220119_035324.flac,1873.4,1873.4,afgfly1
KEN_023_20220119_035324.flac,1882.1,1882.1,wbswea1
KEN_023_20220119_035324.flac,1883.6,1883.6,reccor
KEN_023_20220119_035324.flac,1889.6,1889.6,wbswea1
KEN_023_20220119_035324.flac,1903.0,1903.0,afgfly1
KEN_023_20220119_035324.flac,1907.3,1907.3,combul2
KEN_023_20220119_035324.flac,1913.8,1913.8,wbswea1
KEN_023_20220119_035324.flac,1920.9,1920.9,afgfly1
KEN_023_20220119_035324.flac,1932.8,1932.8,afgfly1
KEN_023_20220119_035324.flac,1942.3,1942.3,reccor
KEN_023_20220119_035324.flac,1949.0,1949.0,wbswea1
KEN_023_20220119_035324.flac,1965.3,1965.3,combul2
KEN_023_20220119_035324.flac,1970.9,1970.9,refbar2
KEN_023_20220119_035324.flac,1974.0,1974.0,refbar2
KEN_023_20220119_035324.flac,1986.0,1986.0,reccor
KEN_023_20220119_035324.flac,1997.6,1997.6,reccor
KEN_023_20220119_035324.flac,2002.8,2002.8,afgfly1
KEN_023_20220119_035324.flac,2021.2,2021.2,afgfly1
KEN_023_20220119_035324.flac,2026.7,2026.7,combul2
KEN_023_20220119_035324.flac,2030.3,2030.3,afgfly1
KEN_023_20220119_035324.flac,2043.3,2043.3,afgfly1
KEN_023_20220119_035324.flac,2045.0,2045.0,combul2
KEN_023_20220119_035324.flac,2054.9,2054.9,reccor
KEN_023_20220119_035324.flac,2063.8,2063.8,combul2
KEN_023_20220119_035324.flac,2075.5,2075.5,reccor
KEN_023_20220119_035324.flac,2079.9,2079.9,combul2
KEN_023_20220119_035324.flac,2080.8,2080.8,litswi1
KEN_023_20220119_035324.flac,2090.0,2090.0,litswi1
KEN_023_20220119_035324.flac,2091.6,2091.6,combul2
KEN_023_20220119_035324.flac,2098.4,2098.4,litswi1
KEN_023_20220119_035324.flac,2100.2,2100.2,combul2
KEN_023_20220119_035324.flac,2105.0,2105.0,refcro1
KEN_023_20220119_035324.flac,2114.7,2114.7,afgfly1
KEN_023_20220119_035324.flac,2126.9,2126.9,combul2
KEN_023_20220119_035324.flac,2129.8,2129.8,reccor
KEN_023_20220119_035324.flac,2142.6,2142.6,reccor
KEN_023_20220119_035324.flac,2144.2,2144.2,combul2
KEN_023_20220119_035324.flac,2149.0,2149.0,rerswa1
KEN_023_20220119_035324.flac,2150.2,2150.2,combul2
KEN_023_20220119_035324.flac,2152.5,2152.5,rerswa1
KEN_023_20220119_035324.flac,2172.1,2172.1,combul2
KEN_023_20220119_035324.flac,2173.2,2173.2,wbswea1
KEN_023_20220119_035324.flac,2177.0,2177.0,afgfly1
KEN_023_20220119_035324.flac,2182.2,2182.2,combul2
KEN_023_20220119_035324.flac,2184.5,2184.5,afgfly1
KEN_023_20220119_035324.flac,2192.4,2192.4,sccsun2
KEN_023_20220119_035324.flac,2199.2,2199.2,afgfly1
KEN_023_20220119_035324.flac,2203.4,2203.4,reccor
KEN_023_20220119_035324.flac,2211.4,2211.4,reccor
KEN_023_20220119_035324.flac,2212.2,2212.2,meypar1
KEN_023_20220119_035324.flac,2220.9,2220.9,reccor
KEN_023_20220119_035324.flac,2225.4,2225.4,gnbcam2
KEN_023_20220119_035324.flac,2245.6,2245.6,afgfly1
KEN_023_20220119_035324.flac,2249.5,2249.5,reccor
KEN_023_20220119_035324.flac,2255.3,2255.3,reccor
KEN_023_20220119_035324.flac,2267.9,2267.9,reccor
KEN_023_20220119_035324.flac,2273.6,2273.6,refbar2
KEN_023_20220119_035324.flac,2284.8,2284.8,wbswea1
KEN_023_20220119_035324.flac,2291.5,2291.5,refcro1
KEN_023_20220119_035324.flac,2296.4,2296.4,wbswea1
KEN_023_20220119_035324.flac,2298.4,2298.4,refcro1
KEN_023_20220119_035324.flac,2307.5,2307.5,brctch1
KEN_023_20220119_035324.flac,2314.3,2314.3,afgfly1
KEN_023_20220119_035324.flac,2328.0,2328.0,reccor
KEN_023_20220119_035324.flac,2331.2,2331.2,afgfly1
KEN_023_20220119_035324.flac,2334.7,2334.7,refcro1
KEN_023_20220119_035324.flac,2342.2,2342.2,refcro1
KEN_023_20220119_035324.flac,2345.3,2345.3,afgfly1
KEN_023_20220119_035324.flac,2355.6,2355.6,refcro1
KEN_023_20220119_035324.flac,2363.0,2363.0,reccor
KEN_023_20220119_035324.flac,2364.3,2364.3,refcro1
KEN_023_20220119_035324.flac,2371.1,2371.1,purgre2
KEN_023_20220119_035324.flac,2372.4,2372.4,refcro1
KEN_023_20220119_035324.flac,2377.2,2377.2,purgre2
KEN_023_20220119_035324.flac,2380.6,2380.6,refcro1
KEN_023_20220119_035324.flac,2384.9,2384.9,sccsun2
KEN_023_20220119_035324.flac,2397.2,2397.2,afgfly1
KEN_023_20220119_035324.flac,2400.7,2400.7,refcro1
KEN_023_20220119_035324.flac,2401.8,2401.8,afgfly1
KEN_023_20220119_035324.flac,2407.4,2407.4,refcro1
KEN_023_20220119_035324.flac,2407.9,2407.9,brctch1
KEN_023_20220119_035324.flac,2420.6,2420.6,purgre2
KEN_023_20220119_035324.flac,2422.1,2422.1,afgfly1
KEN_023_20220119_035324.flac,2447.7,2447.7,reccor
KEN_023_20220119_035324.flac,2458.8,2458.8,reccor
KEN_023_20220119_035324.flac,2463.2,2463.2,rindov
KEN_023_20220119_035324.flac,2472.3,2472.3,marsun2
KEN_023_20220119_035324.flac,2473.6,2473.6,nubwoo1
KEN_023_20220119_035324.flac,2489.9,2489.9,sccsun2
KEN_023_20220119_035324.flac,2498.7,2498.7,sccsun2
KEN_023_20220119_035324.flac,2501.7,2501.7,rindov
KEN_023_20220119_035324.flac,2508.6,2508.6,afgfly1
KEN_023_20220119_035324.flac,2514.3,2514.3,reccor
KEN_023_20220119_035324.flac,2518.3,2518.3,gnbcam2
KEN_023_20220119_035324.flac,2521.6,2521.6,marsun2
KEN_023_20220119_035324.flac,2533.3,2533.3,gnbcam2
KEN_023_20220119_035324.flac,2538.1,2538.1,gnbcam2
KEN_023_20220119_035324.flac,2550.8,2550.8,gnbcam2
KEN_023_20220119_035324.flac,2551.7,2551.7,reccor
KEN_023_20220119_035324.flac,2552.5,2552.5,rindov
KEN_023_20220119_035324.flac,2558.2,2558.2,bagwea1
KEN_023_20220119_035324.flac,2559.0,2559.0,gnbcam2
KEN_023_20220119_035324.flac,2563.2,2563.2,gnbcam2
KEN_023_20220119_035324.flac,2568.3,2568.3,gnbcam2
KEN_023_20220119_035324.flac,2569.4,2569.4,slcbou1
KEN_023_20220119_035324.flac,2572.8,2572.8,gnbcam2
KEN_023_20220119_035324.flac,2588.3,2588.3,reccor
KEN_023_20220119_035324.flac,2589.6,2589.6,rindov
KEN_023_20220119_035324.flac,2600.0,2600.0,ratcis1
KEN_023_20220119_035324.flac,2608.7,2608.7,ratcis1
KEN_023_20220119_035324.flac,2617.5,2617.5,ratcis1
KEN_023_20220119_035324.flac,2620.9,2620.9,ratcis1
KEN_023_20220119_035324.flac,2629.1,2629.1,slcbou1
KEN_023_20220119_035324.flac,2630.7,2630.7,ratcis1
KEN_023_20220119_035324.flac,2636.1,2636.1,slcbou1
KEN_023_20220119_035324.flac,2640.1,2640.1,ratcis1
KEN_023_20220119_035324.flac,2647.4,2647.4,ratcis1
KEN_023_20220119_035324.flac,2661.2,2661.2,reccor
KEN_023_20220119_035324.flac,2667.5,2667.5,ratcis1
KEN_023_20220119_035324.flac,2671.9,2671.9,ratcis1
KEN_023_20220119_035324.flac,2676.2,2676.2,rufcha2
KEN_023_20220119_035324.flac,2684.0,2684.0,reftin1
KEN_023_20220119_035324.flac,2686.4,2686.4,rufcha2
KEN_023_20220119_035324.flac,2694.0,2694.0,rufcha2
KEN_023_20220119_035324.flac,2696.3,2696.3,ratcis1
KEN_023_20220119_035324.flac,2704.8,2704.8,ratcis1
KEN_023_20220119_035324.flac,2708.2,2708.2,brctch1
KEN_023_20220119_035324.flac,2713.6,2713.6,ratcis1
KEN_023_20220119_035324.flac,2717.5,2717.5,ratcis1
KEN_023_20220119_035324.flac,2722.9,2722.9,ratcis1
KEN_023_20220119_035324.flac,2727.4,2727.4,ratcis1
KEN_023_20220119_035324.flac,2732.1,2732.1,slcbou1
KEN_023_20220119_035324.flac,2736.1,2736.1,ratcis1
KEN_023_20220119_035324.flac,2740.3,2740.3,slcbou1
KEN_023_20220119_035324.flac,2745.2,2745.2,ratcis1
KEN_023_20220119_035324.flac,2749.2,2749.2,slcbou1
KEN_023_20220119_035324.flac,2756.0,2756.0,slcbou1
KEN_023_20220119_035324.flac,2760.1,2760.1,ratcis1
KEN_023_20220119_035324.flac,2762.7,2762.7,rindov
KEN_023_20220119_035324.flac,2772.0,2772.0,spewea1
KEN_023_20220119_035324.flac,2778.1,2778.1,marsun2
KEN_023_20220119_035324.flac,2829.7,2829.7,rindov
KEN_023_20220119_035324.flac,2833.6,2833.6,spewea1
KEN_023_20220119_035324.flac,2840.6,2840.6,spewea1
KEN_023_20220119_035324.flac,2844.0,2844.0,hadibi1
KEN_023_20220119_035324.flac,2852.7,2852.7,spewea1
KEN_023_20220119_035324.flac,2870.0,2870.0,gnbcam2
KEN_023_20220119_035324.flac,2874.6,2874.6,gnbcam2
KEN_023_20220119_035324.flac,2877.8,2877.8,brobab1
KEN_023_20220119_035324.flac,2881.4,2881.4,brobab1
KEN_023_20220119_035324.flac,2884.7,2884.7,brobab1
KEN_023_20220119_035324.flac,2894.0,2894.0,sccsun2
KEN_023_20220119_035324.flac,2903.6,2903.6,slcbou1
KEN_023_20220119_035324.flac,2904.9,2904.9,sccsun2
KEN_023_20220119_035324.flac,2912.6,2912.6,brobab1
KEN_023_20220119_035324.flac,2918.5,2918.5,brobab1
KEN_023_20220119_035324.flac,2923.1,2923.1,brobab1
KEN_023_20220119_035324.flac,2924.0,2924.0,marsun2
KEN_023_20220119_035324.flac,2927.7,2927.7,brobab1
KEN_023_20220119_035324.flac,2934.6,2934.6,marsun2
KEN_023_20220119_035324.flac,2951.1,2951.1,combul2
KEN_023_20220119_035324.flac,2959.4,2959.4,gnbcam2
KEN_023_20220119_035324.flac,2960.7,2960.7,tafpri1
KEN_023_20220119_035324.flac,2963.0,2963.0,tafpri1
KEN_023_20220119_035324.flac,2965.6,2965.6,tafpri1
KEN_023_20220119_035324.flac,2976.5,2976.5,rerswa1
KEN_023_20220119_035324.flac,2982.9,2982.9,tafpri1
KEN_023_20220119_035324.flac,2987.4,2987.4,brobab1
KEN_023_20220119_035324.flac,2992.1,2992.1,sccsun2
KEN_023_20220119_035324.flac,3009.6,3009.6,brobab1
KEN_023_20220119_035324.flac,3015.4,3015.4,brobab1
KEN_023_20220119_035324.flac,3060.5,3060.5,yebapa1
KEN_023_20220119_035324.flac,3062.5,3062.5,slcbou1
KEN_023_20220119_035324.flac,3064.3,3064.3,slcbou1
KEN_023_20220119_035324.flac,3065.3,3065.3,brobab1
KEN_023_20220119_035324.flac,3068.7,3068.7,yebapa1
KEN_023_20220119_035324.flac,3072.4,3072.4,brobab1
KEN_023_20220119_035324.flac,3076.2,3076.2,ratcis1
KEN_023_20220119_035324.flac,3078.4,3078.4,yebapa1
KEN_023_20220119_035324.flac,3081.4,3081.4,ratcis1
KEN_023_20220119_035324.flac,3083.6,3083.6,tafpri1
KEN_023_20220119_035324.flac,3087.4,3087.4,brobab1
KEN_023_20220119_035324.flac,3088.9,3088.9,ratcis1
KEN_023_20220119_035324.flac,3090.5,3090.5,yebapa1
KEN_023_20220119_035324.flac,3092.8,3092.8,tafpri1
KEN_023_20220119_035324.flac,3097.9,3097.9,tafpri1
KEN_023_20220119_035324.flac,3098.4,3098.4,brobab1
KEN_023_20220119_035324.flac,3103.2,3103.2,slcbou1
KEN_023_20220119_035324.flac,3109.3,3109.3,brobab1
KEN_023_20220119_035324.flac,3112.0,3112.0,slcbou1
KEN_023_20220119_035324.flac,3112.4,3112.4,reccor
KEN_023_20220119_035324.flac,3115.7,3115.7,brobab1
KEN_023_20220119_035324.flac,3119.4,3119.4,reccor
KEN_023_20220119_035324.flac,3121.1,3121.1,brobab1
KEN_023_20220119_035324.flac,3126.6,3126.6,brobab1
KEN_023_20220119_035324.flac,3130.3,3130.3,brobab1
KEN_023_20220119_035324.flac,3131.6,3131.6,slcbou1
KEN_023_20220119_035324.flac,3136.4,3136.4,piecro1
KEN_023_20220119_035324.flac,3137.5,3137.5,afgfly1
KEN_023_20220119_035324.flac,3139.5,3139.5,piecro1
KEN_023_20220119_035324.flac,3160.1,3160.1,combul2
KEN_023_20220119_035324.flac,3181.2,3181.2,rindov
KEN_023_20220119_035324.flac,3217.1,3217.1,afgfly1
KEN_023_20220119_035324.flac,3226.1,3226.1,refbar2
KEN_023_20220119_035324.flac,3233.9,3233.9,yebapa1
KEN_023_20220119_035324.flac,3302.7,3302.7,refcro1
KEN_023_20220119_035324.flac,3313.3,3313.3,refcro1
KEN_023_20220119_035324.flac,3319.0,3319.0,tafpri1
KEN_023_20220119_035324.flac,3319.2,3319.2,refcro1
KEN_023_20220119_035324.flac,3329.4,3329.4,refcro1
KEN_023_20220119_035324.flac,3337.4,3337.4,refcro1
KEN_023_20220119_035324.flac,3345.3,3345.3,refcro1
KEN_023_20220119_035324.flac,3352.6,3352.6,refcro1
KEN_023_20220119_035324.flac,3366.2,3366.2,reccor
KEN_023_20220119_035324.flac,3380.2,3380.2,wbswea1
KEN_023_20220119_035324.flac,3383.4,3383.4,reccor
KEN_023_20220119_035324.flac,3419.5,3419.5,gnbcam2
KEN_023_20220119_035324.flac,3494.3,3494.3,reccor
KEN_023_20220119_035324.flac,3501.1,3501.1,reccor
KEN_023_20220119_035324.flac,3538.0,3538.0,afgfly1
KEN_023_20220119_035324.flac,3542.4,3542.4,reccor
KEN_023_20220119_035324.flac,3548.1,3548.1,sccsun2
KEN_023_20220119_035324.flac,3552.5,3552.5,sccsun2
KEN_023_20220119_035324.flac,3563.8,3563.8,gnbcam2
KEN_023_20220119_035324.flac,3576.3,3576.3,gnbcam2
KEN_023_20220119_035324.flac,3577.5,3577.5,tafpri1
KEN_023_20220119_035324.flac,3580.3,3580.3,reccor
KEN_023_20220119_035324.flac,3584.0,3584.0,gnbcam2
KEN_023_20220119_035324.flac,3591.0,3591.0,reccor
KEN_023_20220119_035324.flac,3594.2,3594.2,reccor
KEN_023_20220119_035324.flac,3596.3,3596.3,gnbcam2
KEN_023_20220119_035324.flac,3599.3,3599.3,reccor
KEN_024_20220119_045324.flac,3.1,3.1,reccor
KEN_024_20220119_045324.flac,8.3,8.3,gnbcam2
KEN_024_20220119_045324.flac,11.7,11.7,reccor
KEN_024_20220119_045324.flac,18.5,18.5,reccor
KEN_024_20220119_045324.flac,22.3,22.3,reccor
KEN_024_20220119_045324.flac,25.9,25.9,reccor
KEN_024_20220119_045324.flac,36.1,36.1,reccor
KEN_024_20220119_045324.flac,49.5,49.5,reccor
KEN_024_20220119_045324.flac,65.4,65.4,reccor
KEN_024_20220119_045324.flac,73.3,73.3,reccor
KEN_024_20220119_045324.flac,81.6,81.6,reccor
KEN_024_20220119_045324.flac,90.1,90.1,reccor
KEN_024_20220119_045324.flac,97.2,97.2,reccor
KEN_024_20220119_045324.flac,107.7,107.7,reccor
KEN_024_20220119_045324.flac,112.1,112.1,afgfly1
KEN_024_20220119_045324.flac,117.5,117.5,afgfly1
KEN_024_20220119_045324.flac,124.9,124.9,afgfly1
KEN_024_20220119_045324.flac,130.3,130.3,reccor
KEN_024_20220119_045324.flac,139.4,139.4,afgfly1
KEN_024_20220119_045324.flac,141.9,141.9,reccor
KEN_024_20220119_045324.flac,151.9,151.9,reccor
KEN_024_20220119_045324.flac,160.8,160.8,reccor
KEN_024_20220119_045324.flac,170.5,170.5,reccor
KEN_024_20220119_045324.flac,178.1,178.1,reccor
KEN_024_20220119_045324.flac,181.9,181.9,reccor
KEN_024_20220119_045324.flac,194.8,194.8,afgfly1
KEN_024_20220119_045324.flac,213.1,213.1,afgfly1
KEN_024_20220119_045324.flac,218.1,218.1,afgfly1
KEN_024_20220119_045324.flac,261.4,261.4,afgfly1
KEN_024_20220119_045324.flac,289.4,289.4,afgfly1
KEN_024_20220119_045324.flac,306.9,306.9,afgfly1
KEN_024_20220119_045324.flac,315.7,315.7,afgfly1
KEN_024_20220119_045324.flac,324.4,324.4,brobab1
KEN_024_20220119_045324.flac,341.7,341.7,refbar2
KEN_024_20220119_045324.flac,376.5,376.5,refbar2
KEN_024_20220119_045324.flac,387.3,387.3,afgfly1
KEN_024_20220119_045324.flac,410.6,410.6,afgfly1
KEN_024_20220119_045324.flac,438.6,438.6,afgfly1
KEN_024_20220119_045324.flac,447.2,447.2,afgfly1
KEN_024_20220119_045324.flac,470.4,470.4,ratcis1
KEN_024_20220119_045324.flac,477.5,477.5,ratcis1
KEN_024_20220119_045324.flac,484.2,484.2,ratcis1
KEN_024_20220119_045324.flac,490.0,490.0,ratcis1
KEN_024_20220119_045324.flac,496.9,496.9,ratcis1
KEN_024_20220119_045324.flac,503.6,503.6,ratcis1
KEN_024_20220119_045324.flac,511.7,511.7,reccor
KEN_024_20220119_045324.flac,513.2,513.2,ratcis1
KEN_024_20220119_045324.flac,517.1,517.1,ratcis1
KEN_024_20220119_045324.flac,521.2,521.2,ratcis1
KEN_024_20220119_045324.flac,529.0,529.0,ratcis1
KEN_024_20220119_045324.flac,546.5,546.5,gnbcam2
KEN_024_20220119_045324.flac,552.1,552.1,tafpri1
KEN_024_20220119_045324.flac,556.3,556.3,tafpri1
KEN_024_20220119_045324.flac,566.5,566.5,gnbcam2
KEN_024_20220119_045324.flac,568.8,568.8,rindov
KEN_024_20220119_045324.flac,582.8,582.8,refbar2
KEN_024_20220119_045324.flac,586.7,586.7,refbar2
KEN_024_20220119_045324.flac,589.0,589.0,subbus1
KEN_024_20220119_045324.flac,607.4,607.4,ratcis1
KEN_024_20220119_045324.flac,611.6,611.6,subbus1
KEN_024_20220119_045324.flac,637.9,637.9,ratcis1
KEN_024_20220119_045324.flac,644.7,644.7,ratcis1
KEN_024_20220119_045324.flac,651.5,651.5,tafpri1
KEN_024_20220119_045324.flac,654.6,654.6,ratcis1
KEN_024_20220119_045324.flac,664.7,664.7,ratcis1
KEN_024_20220119_045324.flac,670.2,670.2,ratcis1
KEN_024_20220119_045324.flac,697.2,697.2,wbswea1
KEN_024_20220119_045324.flac,702.8,702.8,gnbcam2
KEN_024_20220119_045324.flac,780.4,780.4,gnbcam2
KEN_024_20220119_045324.flac,792.3,792.3,gnbcam2
KEN_024_20220119_045324.flac,805.8,805.8,combul2
KEN_024_20220119_045324.flac,856.8,856.8,gobsta5
KEN_024_20220119_045324.flac,868.5,868.5,gobsta5
KEN_024_20220119_045324.flac,875.5,875.5,gobsta5
KEN_024_20220119_045324.flac,890.2,890.2,gobsta5
KEN_024_20220119_045324.flac,896.7,896.7,gobsta5
KEN_024_20220119_045324.flac,943.5,943.5,gnbcam2
KEN_024_20220119_045324.flac,949.3,949.3,marsun2
KEN_024_20220119_045324.flac,954.6,954.6,gnbcam2
KEN_024_20220119_045324.flac,957.7,957.7,gnbcam2
KEN_024_20220119_045324.flac,962.3,962.3,gnbcam2
KEN_024_20220119_045324.flac,967.1,967.1,gnbcam2
KEN_024_20220119_045324.flac,968.9,968.9,sccsun2
KEN_024_20220119_045324.flac,972.5,972.5,gnbcam2
KEN_024_20220119_045324.flac,978.9,978.9,sccsun2
KEN_024_20220119_045324.flac,987.6,987.6,sccsun2
KEN_024_20220119_045324.flac,991.0,991.0,marsun2
KEN_024_20220119_045324.flac,1003.2,1003.2,reccor
KEN_024_20220119_045324.flac,1010.7,1010.7,combul2
KEN_024_20220119_045324.flac,1031.9,1031.9,marsun2
KEN_024_20220119_045324.flac,1032.7,1032.7,spfwea1
KEN_024_20220119_045324.flac,1039.3,1039.3,marsun2
KEN_024_20220119_045324.flac,1043.4,1043.4,combul2
KEN_024_20220119_045324.flac,1081.6,1081.6,marsun2
KEN_024_20220119_045324.flac,1091.1,1091.1,sccsun2
KEN_024_20220119_045324.flac,1098.1,1098.1,combul2
KEN_024_20220119_045324.flac,1104.6,1104.6,combul2
KEN_024_20220119_045324.flac,1133.9,1133.9,combul2
KEN_024_20220119_045324.flac,1142.3,1142.3,slcbou1
KEN_024_20220119_045324.flac,1168.5,1168.5,refcro1
KEN_024_20220119_045324.flac,1217.3,1217.3,combul2
KEN_024_20220119_045324.flac,1283.8,1283.8,refcro1
KEN_024_20220119_045324.flac,1290.6,1290.6,abhori1
KEN_024_20220119_045324.flac,1297.6,1297.6,refcro1
KEN_024_20220119_045324.flac,1301.0,1301.0,combul2
KEN_024_20220119_045324.flac,1305.2,1305.2,refcro1
KEN_024_20220119_045324.flac,1310.7,1310.7,refcro1
KEN_024_20220119_045324.flac,1312.4,1312.4,abhori1
KEN_024_20220119_045324.flac,1314.0,1314.0,afgfly1
KEN_024_20220119_045324.flac,1324.3,1324.3,refcro1
KEN_024_20220119_045324.flac,1332.4,1332.4,refcro1
KEN_024_20220119_045324.flac,1333.5,1333.5,reccor
KEN_024_20220119_045324.flac,1339.4,1339.4,refcro1
KEN_024_20220119_045324.flac,1352.0,1352.0,refcro1
KEN_024_20220119_045324.flac,1352.2,1352.2,reccor
KEN_024_20220119_045324.flac,1354.1,1354.1,slcbou1
KEN_024_20220119_045324.flac,1370.2,1370.2,slcbou1
KEN_024_20220119_045324.flac,1377.6,1377.6,refcro1
KEN_024_20220119_045324.flac,1386.1,1386.1,refcro1
KEN_024_20220119_045324.flac,1392.7,1392.7,combul2
KEN_024_20220119_045324.flac,1409.9,1409.9,marsun2
KEN_024_20220119_045324.flac,1415.8,1415.8,combul2
KEN_024_20220119_045324.flac,1422.6,1422.6,combul2
KEN_024_20220119_045324.flac,1429.6,1429.6,combul2
KEN_024_20220119_045324.flac,1436.6,1436.6,combul2
KEN_024_20220119_045324.flac,1439.2,1439.2,combul2
KEN_024_20220119_045324.flac,1500.7,1500.7,reccor
KEN_024_20220119_045324.flac,1527.1,1527.1,wbswea1
KEN_024_20220119_045324.flac,1533.1,1533.1,afgfly1
KEN_024_20220119_045324.flac,1539.9,1539.9,reccor
KEN_024_20220119_045324.flac,1547.3,1547.3,combul2
KEN_024_20220119_045324.flac,1547.7,1547.7,reccor
KEN_024_20220119_045324.flac,1559.0,1559.0,combul2
KEN_024_20220119_045324.flac,1575.6,1575.6,combul2
KEN_024_20220119_045324.flac,1579.9,1579.9,abhori1
KEN_024_20220119_045324.flac,1588.2,1588.2,combul2
KEN_024_20220119_045324.flac,1589.1,1589.1,meypar1
KEN_024_20220119_045324.flac,1595.8,1595.8,combul2
KEN_024_20220119_045324.flac,1601.4,1601.4,refbar2
KEN_024_20220119_045324.flac,1636.8,1636.8,combul2
KEN_024_20220119_045324.flac,1648.2,1648.2,combul2
KEN_024_20220119_045324.flac,1648.6,1648.6,meypar1
KEN_024_20220119_045324.flac,1657.1,1657.1,combul2
KEN_024_20220119_045324.flac,1670.2,1670.2,combul2
KEN_024_20220119_045324.flac,1686.9,1686.9,combul2
KEN_024_20220119_045324.flac,1696.5,1696.5,reccor
KEN_024_20220119_045324.flac,1702.7,1702.7,combul2
KEN_024_20220119_045324.flac,1714.0,1714.0,marsun2
KEN_024_20220119_045324.flac,1717.3,1717.3,marsun2
KEN_024_20220119_045324.flac,1729.3,1729.3,combul2
KEN_024_20220119_045324.flac,1741.0,1741.0,reccor
KEN_024_20220119_045324.flac,1796.6,1796.6,reccor
KEN_024_20220119_045324.flac,1803.5,1803.5,reccor
KEN_024_20220119_045324.flac,1810.4,1810.4,reccor
KEN_024_20220119_045324.flac,1818.3,1818.3,reccor
KEN_024_20220119_045324.flac,1832.1,1832.1,reccor
KEN_024_20220119_045324.flac,1838.3,1838.3,reccor
KEN_024_20220119_045324.flac,1843.7,1843.7,reccor
KEN_024_20220119_045324.flac,1861.9,1861.9,abhori1
KEN_024_20220119_045324.flac,1862.3,1862.3,reccor
KEN_024_20220119_045324.flac,1880.1,1880.1,abhori1
KEN_024_20220119_045324.flac,1892.3,1892.3,marsun2
KEN_024_20220119_045324.flac,1895.2,1895.2,reccor
KEN_024_20220119_045324.flac,1899.8,1899.8,reccor
KEN_024_20220119_045324.flac,1901.0,1901.0,marsun2
KEN_024_20220119_045324.flac,1919.2,1919.2,marsun2
KEN_024_20220119_045324.flac,1931.5,1931.5,reccor
KEN_024_20220119_045324.flac,1936.0,1936.0,reccor
KEN_024_20220119_045324.flac,1955.7,1955.7,reccor
KEN_024_20220119_045324.flac,2003.5,2003.5,reccor
KEN_024_20220119_045324.flac,2011.0,2011.0,abhori1
KEN_024_20220119_045324.flac,2016.9,2016.9,abhori1
KEN_024_20220119_045324.flac,2025.4,2025.4,abhori1
KEN_024_20220119_045324.flac,2040.4,2040.4,abhori1
KEN_024_20220119_045324.flac,2046.6,2046.6,marsun2
KEN_024_20220119_045324.flac,2056.7,2056.7,abhori1
KEN_024_20220119_045324.flac,2067.9,2067.9,abhori1
KEN_024_20220119_045324.flac,2124.9,2124.9,abhori1
KEN_024_20220119_045324.flac,2135.7,2135.7,reccor
KEN_024_20220119_045324.flac,2170.2,2170.2,marsun2
KEN_024_20220119_045324.flac,2182.3,2182.3,reccor
KEN_024_20220119_045324.flac,2205.5,2205.5,reccor
KEN_024_20220119_045324.flac,2220.4,2220.4,combul2
KEN_024_20220119_045324.flac,2226.2,2226.2,reccor
KEN_024_20220119_045324.flac,2238.5,2238.5,reccor
KEN_024_20220119_045324.flac,2239.4,2239.4,marsun2
KEN_024_20220119_045324.flac,2247.8,2247.8,rehwea1
KEN_024_20220119_045324.flac,2248.6,2248.6,marsun2
KEN_024_20220119_045324.flac,2254.3,2254.3,rehwea1
KEN_024_20220119_045324.flac,2258.0,2258.0,marsun2
KEN_024_20220119_045324.flac,2265.9,2265.9,marsun2
KEN_024_20220119_045324.flac,2282.8,2282.8,reccor
KEN_024_20220119_045324.flac,2289.3,2289.3,reccor
KEN_024_20220119_045324.flac,2360.9,2360.9,gnbcam2
KEN_024_20220119_045324.flac,2370.2,2370.2,reccor
KEN_024_20220119_045324.flac,2372.8,2372.8,purgre2
KEN_024_20220119_045324.flac,2394.6,2394.6,reccor
KEN_024_20220119_045324.flac,2402.7,2402.7,reccor
KEN_024_20220119_045324.flac,2456.3,2456.3,reccor
KEN_024_20220119_045324.flac,2458.9,2458.9,sccsun2
KEN_024_20220119_045324.flac,2467.9,2467.9,reccor
KEN_024_20220119_045324.flac,2552.0,2552.0,reccor
KEN_024_20220119_045324.flac,2561.7,2561.7,reccor
KEN_024_20220119_045324.flac,2586.7,2586.7,reccor
KEN_024_20220119_045324.flac,2605.6,2605.6,reccor
KEN_024_20220119_045324.flac,2625.4,2625.4,reccor
KEN_024_20220119_045324.flac,2641.6,2641.6,reccor
KEN_024_20220119_045324.flac,2651.5,2651.5,hadibi1
KEN_024_20220119_045324.flac,2660.0,2660.0,hadibi1
KEN_024_20220119_045324.flac,2670.7,2670.7,wbgbir1
KEN_024_20220119_045324.flac,2675.7,2675.7,refbar2
KEN_024_20220119_045324.flac,2679.8,2679.8,reccor
KEN_024_20220119_045324.flac,2688.6,2688.6,wbgbir1
KEN_024_20220119_045324.flac,2693.9,2693.9,reccor
KEN_024_20220119_045324.flac,2811.6,2811.6,rindov
KEN_024_20220119_045324.flac,2821.2,2821.2,reccor
KEN_024_20220119_045324.flac,2917.3,2917.3,nubwoo1
KEN_024_20220119_045324.flac,3046.3,3046.3,marsun2
KEN_024_20220119_045324.flac,3050.4,3050.4,abhori1
KEN_024_20220119_045324.flac,3057.4,3057.4,rindov
KEN_024_20220119_045324.flac,3060.1,3060.1,slcbou1
KEN_024_20220119_045324.flac,3067.9,3067.9,rindov
KEN_024_20220119_045324.flac,3075.6,3075.6,rindov
KEN_024_20220119_045324.flac,3082.6,3082.6,rindov
KEN_024_20220119_045324.flac,3088.1,3088.1,wbgbir1
KEN_024_20220119_045324.flac,3091.9,3091.9,rindov
KEN_024_20220119_045324.flac,3095.3,3095.3,sccsun2
KEN_024_20220119_045324.flac,3101.4,3101.4,rindov
KEN_024_20220119_045324.flac,3137.6,3137.6,rindov
KEN_024_20220119_045324.flac,3379.0,3379.0,marsun2
KEN_024_20220119_045324.flac,3384.7,3384.7,marsun2
KEN_024_20220119_045324.flac,3400.7,3400.7,marsun2
KEN_024_20220119_045324.flac,3417.9,3417.9,marsun2
KEN_024_20220119_045324.flac,3436.1,3436.1,wbgbir1
KEN_024_20220119_045324.flac,3543.1,3543.1,sccsun2
KEN_024_20220119_045324.flac,3554.1,3554.1,marsun2
KEN_024_20220119_045324.flac,3580.1,3580.1,marsun2
KEN_024_20220119_045324.flac,3586.3,3586.3,marsun2
KEN_025_20220122_050606.flac,7.2,7.2,varsun2
KEN_025_20220122_050606.flac,21.7,21.7,slcbou1
KEN_025_20220122_050606.flac,23.3,23.3,wbrcha2
KEN_025_20220122_050606.flac,32.4,32.4,wbrcha2
KEN_025_20220122_050606.flac,37.3,37.3,hadibi1
KEN_025_20220122_050606.flac,61.8,61.8,wbrcha2
KEN_025_20220122_050606.flac,68.0,68.0,yebapa1
KEN_025_20220122_050606.flac,76.2,76.2,wbrcha2
KEN_025_20220122_050606.flac,138.1,138.1,afpfly1
KEN_025_20220122_050606.flac,170.7,170.7,combul2
KEN_025_20220122_050606.flac,180.2,180.2,yebapa1
KEN_025_20220122_050606.flac,183.8,183.8,yebapa1
KEN_025_20220122_050606.flac,196.2,196.2,blnmou1
KEN_025_20220122_050606.flac,203.1,203.1,marsun2
KEN_025_20220122_050606.flac,211.8,211.8,yebapa1
KEN_025_20220122_050606.flac,263.5,263.5,sccsun2
KEN_025_20220122_050606.flac,278.2,278.2,kerspa2
KEN_025_20220122_050606.flac,287.4,287.4,combul2
KEN_025_20220122_050606.flac,293.6,293.6,slcbou1
KEN_025_20220122_050606.flac,303.1,303.1,wbrcha2
KEN_025_20220122_050606.flac,306.2,306.2,slcbou1
KEN_025_20220122_050606.flac,312.1,312.1,kerspa2
KEN_025_20220122_050606.flac,347.0,347.0,slcbou1
KEN_025_20220122_050606.flac,353.8,353.8,afrthr1
KEN_025_20220122_050606.flac,354.9,354.9,kerspa2
KEN_025_20220122_050606.flac,369.5,369.5,afrthr1
KEN_025_20220122_050606.flac,388.2,388.2,slcbou1
KEN_025_20220122_050606.flac,393.3,393.3,afrthr1
KEN_025_20220122_050606.flac,407.9,407.9,wbrcha2
KEN_025_20220122_050606.flac,421.3,421.3,wbrcha2
KEN_025_20220122_050606.flac,428.4,428.4,slcbou1
KEN_025_20220122_050606.flac,433.6,433.6,slcbou1
KEN_025_20220122_050606.flac,451.8,451.8,slcbou1
KEN_025_20220122_050606.flac,462.8,462.8,slcbou1
KEN_025_20220122_050606.flac,480.3,480.3,slcbou1
KEN_025_20220122_050606.flac,492.0,492.0,slcbou1
KEN_025_20220122_050606.flac,495.6,495.6,gnbcam2
KEN_025_20220122_050606.flac,500.7,500.7,gnbcam2
KEN_025_20220122_050606.flac,508.3,508.3,gnbcam2
KEN_025_20220122_050606.flac,512.3,512.3,slcbou1
KEN_025_20220122_050606.flac,515.7,515.7,gnbcam2
KEN_025_20220122_050606.flac,531.6,531.6,combul2
KEN_025_20220122_050606.flac,536.4,536.4,blnmou1
KEN_025_20220122_050606.flac,540.9,540.9,combul2
KEN_025_20220122_050606.flac,549.0,549.0,combul2
KEN_025_20220122_050606.flac,553.7,553.7,combul2
KEN_025_20220122_050606.flac,562.6,562.6,combul2
KEN_025_20220122_050606.flac,571.1,571.1,combul2
KEN_025_20220122_050606.flac,576.5,576.5,gnbcam2
KEN_025_20220122_050606.flac,578.3,578.3,combul2
KEN_025_20220122_050606.flac,580.4,580.4,wbgbir1
KEN_025_20220122_050606.flac,592.2,592.2,combul2
KEN_025_20220122_050606.flac,601.9,601.9,combul2
KEN_025_20220122_050606.flac,603.7,603.7,brctch1
KEN_025_20220122_050606.flac,618.9,618.9,blnmou1
KEN_025_20220122_050606.flac,619.6,619.6,combul2
KEN_025_20220122_050606.flac,634.5,634.5,brctch1
KEN_025_20220122_050606.flac,641.0,641.0,gnbcam2
KEN_025_20220122_050606.flac,656.7,656.7,combul2
KEN_025_20220122_050606.flac,666.0,666.0,afrthr1
KEN_025_20220122_050606.flac,682.1,682.1,gnbcam2
KEN_025_20220122_050606.flac,696.9,696.9,gnbcam2
KEN_025_20220122_050606.flac,709.8,709.8,gnbcam2
KEN_025_20220122_050606.flac,723.3,723.3,grewoo2
KEN_025_20220122_050606.flac,726.2,726.2,gnbcam2
KEN_025_20220122_050606.flac,746.7,746.7,gnbcam2
KEN_025_20220122_050606.flac,756.0,756.0,gnbcam2
KEN_025_20220122_050606.flac,763.0,763.0,gnbcam2
KEN_025_20220122_050606.flac,772.5,772.5,blnmou1
KEN_025_20220122_050606.flac,780.0,780.0,gnbcam2
KEN_025_20220122_050606.flac,787.0,787.0,blnmou1
KEN_025_20220122_050606.flac,787.6,787.6,gnbcam2
KEN_025_20220122_050606.flac,810.5,810.5,blnmou1
KEN_025_20220122_050606.flac,815.8,815.8,gnbcam2
KEN_025_20220122_050606.flac,820.1,820.1,blnmou1
KEN_025_20220122_050606.flac,823.7,823.7,blnmou1
KEN_025_20220122_050606.flac,830.3,830.3,gnbcam2
KEN_025_20220122_050606.flac,831.1,831.1,blnmou1
KEN_025_20220122_050606.flac,836.9,836.9,blnmou1
KEN_025_20220122_050606.flac,845.3,845.3,nubwoo1
KEN_025_20220122_050606.flac,863.5,863.5,brctch1
KEN_025_20220122_050606.flac,867.6,867.6,blnmou1
KEN_025_20220122_050606.flac,874.5,874.5,blnmou1
KEN_025_20220122_050606.flac,889.5,889.5,blnmou1
KEN_025_20220122_050606.flac,894.2,894.2,wbgbir1
KEN_025_20220122_050606.flac,902.6,902.6,blnmou1
KEN_025_20220122_050606.flac,912.7,912.7,blnmou1
KEN_025_20220122_050606.flac,1031.7,1031.7,blnmou1
KEN_025_20220122_050606.flac,1045.4,1045.4,blnmou1
KEN_025_20220122_050606.flac,1061.6,1061.6,blnmou1
KEN_025_20220122_050606.flac,1074.9,1074.9,blnmou1
KEN_025_20220122_050606.flac,1082.2,1082.2,blnmou1
KEN_025_20220122_050606.flac,1085.7,1085.7,combul2
KEN_025_20220122_050606.flac,1092.4,1092.4,slcbou1
KEN_025_20220122_050606.flac,1103.9,1103.9,blnmou1
KEN_025_20220122_050606.flac,1120.6,1120.6,blnmou1
KEN_025_20220122_050606.flac,1144.5,1144.5,marsun2
KEN_025_20220122_050606.flac,1158.6,1158.6,blnmou1
KEN_025_20220122_050606.flac,1174.2,1174.2,rindov
KEN_025_20220122_050606.flac,1180.4,1180.4,nubwoo1
KEN_025_20220122_050606.flac,1208.9,1208.9,rindov
KEN_025_20220122_050606.flac,1226.3,1226.3,subbus1
KEN_025_20220122_050606.flac,1231.9,1231.9,brctch1
KEN_025_20220122_050606.flac,1233.4,1233.4,subbus1
KEN_025_20220122_050606.flac,1237.6,1237.6,combul2
KEN_025_20220122_050606.flac,1240.7,1240.7,subbus1
KEN_025_20220122_050606.flac,1257.8,1257.8,subbus1
KEN_025_20220122_050606.flac,1259.5,1259.5,combul2
KEN_025_20220122_050606.flac,1264.2,1264.2,combul2
KEN_025_20220122_050606.flac,1278.3,1278.3,combul2
KEN_025_20220122_050606.flac,1288.9,1288.9,combul2
KEN_025_20220122_050606.flac,1305.4,1305.4,combul2
KEN_025_20220122_050606.flac,1306.7,1306.7,wbgbir1
KEN_025_20220122_050606.flac,1313.1,1313.1,brctch1
KEN_025_20220122_050606.flac,1317.7,1317.7,rindov
KEN_025_20220122_050606.flac,1321.6,1321.6,combul2
KEN_025_20220122_050606.flac,1336.5,1336.5,combul2
KEN_025_20220122_050606.flac,1344.3,1344.3,combul2
KEN_025_20220122_050606.flac,1350.3,1350.3,wbgbir1
KEN_025_20220122_050606.flac,1358.0,1358.0,yebapa1
KEN_025_20220122_050606.flac,1368.2,1368.2,yebapa1
KEN_025_20220122_050606.flac,1372.1,1372.1,combul2
KEN_025_20220122_050606.flac,1377.3,1377.3,combul2
KEN_025_20220122_050606.flac,1394.1,1394.1,combul2
KEN_025_20220122_050606.flac,1407.5,1407.5,combul2
KEN_025_20220122_050606.flac,1415.8,1415.8,subbus1
KEN_025_20220122_050606.flac,1420.7,1420.7,combul2
KEN_025_20220122_050606.flac,1423.6,1423.6,subbus1
KEN_025_20220122_050606.flac,1439.4,1439.4,gnbcam2
KEN_025_20220122_050606.flac,1442.1,1442.1,refbar2
KEN_025_20220122_050606.flac,1450.4,1450.4,combul2
KEN_025_20220122_050606.flac,1457.7,1457.7,yebapa1
KEN_025_20220122_050606.flac,1463.2,1463.2,wbrcha2
KEN_025_20220122_050606.flac,1463.8,1463.8,yebapa1
KEN_025_20220122_050606.flac,1468.1,1468.1,wbrcha2
KEN_025_20220122_050606.flac,1472.1,1472.1,yebapa1
KEN_025_20220122_050606.flac,1488.7,1488.7,combul2
KEN_025_20220122_050606.flac,1495.2,1495.2,whbcro2
KEN_025_20220122_050606.flac,1503.4,1503.4,combul2
KEN_025_20220122_050606.flac,1511.0,1511.0,combul2
KEN_025_20220122_050606.flac,1526.8,1526.8,wbrcha2
KEN_025_20220122_050606.flac,1532.0,1532.0,combul2
KEN_025_20220122_050606.flac,1546.4,1546.4,wbrcha2
KEN_025_20220122_050606.flac,1559.5,1559.5,wbrcha2
KEN_025_20220122_050606.flac,1570.9,1570.9,wbrcha2
KEN_025_20220122_050606.flac,1580.6,1580.6,wbrcha2
KEN_025_20220122_050606.flac,1582.0,1582.0,subbus1
KEN_025_20220122_050606.flac,1583.7,1583.7,slcbou1
KEN_025_20220122_050606.flac,1600.3,1600.3,slcbou1
KEN_025_20220122_050606.flac,1601.9,1601.9,subbus1
KEN_025_20220122_050606.flac,1608.6,1608.6,subbus1
KEN_025_20220122_050606.flac,1609.7,1609.7,wbrcha2
KEN_025_20220122_050606.flac,1616.6,1616.6,subbus1
KEN_025_20220122_050606.flac,1619.3,1619.3,wbrcha2
KEN_025_20220122_050606.flac,1631.5,1631.5,wbrcha2
KEN_025_20220122_050606.flac,1637.1,1637.1,subbus1
KEN_025_20220122_050606.flac,1641.3,1641.3,subbus1
KEN_025_20220122_050606.flac,1643.2,1643.2,wbrcha2
KEN_025_20220122_050606.flac,1646.9,1646.9,wbrcha2
KEN_025_20220122_050606.flac,1651.9,1651.9,subbus1
KEN_025_20220122_050606.flac,1660.6,1660.6,subbus1
KEN_025_20220122_050606.flac,1669.2,1669.2,subbus1
KEN_025_20220122_050606.flac,1674.7,1674.7,subbus1
KEN_025_20220122_050606.flac,1679.4,1679.4,wbrcha2
KEN_025_20220122_050606.flac,1686.7,1686.7,wbrcha2
KEN_025_20220122_050606.flac,1692.3,1692.3,subbus1
KEN_025_20220122_050606.flac,1698.8,1698.8,wbrcha2
KEN_025_20220122_050606.flac,1700.6,1700.6,subbus1
KEN_025_20220122_050606.flac,1706.4,1706.4,wbrcha2
KEN_025_20220122_050606.flac,1710.9,1710.9,subbus1
KEN_025_20220122_050606.flac,1713.6,1713.6,wbrcha2
KEN_025_20220122_050606.flac,1725.5,1725.5,wbrcha2
KEN_025_20220122_050606.flac,1727.5,1727.5,subbus1
KEN_025_20220122_050606.flac,1732.9,1732.9,wbrcha2
KEN_025_20220122_050606.flac,1734.8,1734.8,subbus1
KEN_025_20220122_050606.flac,1741.9,1741.9,subbus1
KEN_025_20220122_050606.flac,1750.6,1750.6,wbrcha2
KEN_025_20220122_050606.flac,1757.6,1757.6,wbrcha2
KEN_025_20220122_050606.flac,1764.5,1764.5,wbrcha2
KEN_025_20220122_050606.flac,1772.0,1772.0,wbrcha2
KEN_025_20220122_050606.flac,1776.8,1776.8,wbrcha2
KEN_025_20220122_050606.flac,1786.5,1786.5,combul2
KEN_025_20220122_050606.flac,1792.8,1792.8,subbus1
KEN_025_20220122_050606.flac,1797.3,1797.3,subbus1
KEN_025_20220122_050606.flac,1803.2,1803.2,subbus1
KEN_025_20220122_050606.flac,1854.0,1854.0,gnbcam2
KEN_025_20220122_050606.flac,1855.0,1855.0,marsun2
KEN_025_20220122_050606.flac,1885.8,1885.8,marsun2
KEN_025_20220122_050606.flac,1902.1,1902.1,slcbou1
KEN_025_20220122_050606.flac,1907.4,1907.4,gnbcam2
KEN_025_20220122_050606.flac,1913.8,1913.8,slcbou1
KEN_025_20220122_050606.flac,1916.1,1916.1,gnbcam2
KEN_025_20220122_050606.flac,1921.3,1921.3,gnbcam2
KEN_025_20220122_050606.flac,1927.3,1927.3,refbar2
KEN_025_20220122_050606.flac,1928.6,1928.6,gnbcam2
KEN_025_20220122_050606.flac,1934.2,1934.2,refbar2
KEN_025_20220122_050606.flac,1937.7,1937.7,gnbcam2
KEN_025_20220122_050606.flac,1940.9,1940.9,gnbcam2
KEN_025_20220122_050606.flac,1946.4,1946.4,brctch1
KEN_025_20220122_050606.flac,1963.0,1963.0,gnbcam2
KEN_025_20220122_050606.flac,1964.7,1964.7,combul2
KEN_025_20220122_050606.flac,1971.8,1971.8,gnbcam2
KEN_025_20220122_050606.flac,1978.6,1978.6,gnbcam2
KEN_025_20220122_050606.flac,1990.2,1990.2,rindov
KEN_025_20220122_050606.flac,2007.6,2007.6,slcbou1
KEN_025_20220122_050606.flac,2021.2,2021.2,blnmou1
KEN_025_20220122_050606.flac,2023.7,2023.7,marsun2
KEN_025_20220122_050606.flac,2028.5,2028.5,blnmou1
KEN_025_20220122_050606.flac,2047.9,2047.9,blnmou1
KEN_025_20220122_050606.flac,2099.4,2099.4,gnbcam2
KEN_025_20220122_050606.flac,2112.2,2112.2,blnmou1
KEN_025_20220122_050606.flac,2128.6,2128.6,combul2
KEN_025_20220122_050606.flac,2137.2,2137.2,blnmou1
KEN_025_20220122_050606.flac,2151.5,2151.5,subbus1
KEN_025_20220122_050606.flac,2164.5,2164.5,subbus1
KEN_025_20220122_050606.flac,2194.3,2194.3,blnmou1
KEN_025_20220122_050606.flac,2214.7,2214.7,subbus1
KEN_025_20220122_050606.flac,2229.2,2229.2,subbus1
KEN_025_20220122_050606.flac,2263.6,2263.6,rindov
KEN_025_20220122_050606.flac,2269.6,2269.6,rindov
KEN_025_20220122_050606.flac,2295.7,2295.7,wbgbir1
KEN_025_20220122_050606.flac,2297.8,2297.8,rindov
KEN_025_20220122_050606.flac,2329.4,2329.4,sccsun2
KEN_025_20220122_050606.flac,2353.7,2353.7,rindov
KEN_025_20220122_050606.flac,2397.5,2397.5,blnmou1
KEN_025_20220122_050606.flac,2429.5,2429.5,wbgbir1
KEN_025_20220122_050606.flac,2458.3,2458.3,blnmou1
KEN_025_20220122_050606.flac,2474.5,2474.5,blnmou1
KEN_025_20220122_050606.flac,2481.3,2481.3,wbgbir1
KEN_025_20220122_050606.flac,2481.8,2481.8,abhori1
KEN_025_20220122_050606.flac,2495.0,2495.0,blnmou1
KEN_025_20220122_050606.flac,2508.5,2508.5,blnmou1
KEN_025_20220122_050606.flac,2518.9,2518.9,abhori1
KEN_025_20220122_050606.flac,2521.0,2521.0,blnmou1
KEN_025_20220122_050606.flac,2522.9,2522.9,abhori1
KEN_025_20220122_050606.flac,2528.1,2528.1,yebapa1
KEN_025_20220122_050606.flac,2542.8,2542.8,combul2
KEN_025_20220122_050606.flac,2544.9,2544.9,subbus1
KEN_025_20220122_050606.flac,2548.9,2548.9,yebapa1
KEN_025_20220122_050606.flac,2551.5,2551.5,wbrcha2
KEN_025_20220122_050606.flac,2555.7,2555.7,yebapa1
KEN_025_20220122_050606.flac,2557.7,2557.7,blnmou1
KEN_025_20220122_050606.flac,2561.5,2561.5,wbrcha2
KEN_025_20220122_050606.flac,2567.0,2567.0,wbrcha2
KEN_025_20220122_050606.flac,2572.7,2572.7,subbus1
KEN_025_20220122_050606.flac,2575.9,2575.9,wbrcha2
KEN_025_20220122_050606.flac,2580.2,2580.2,subbus1
KEN_025_20220122_050606.flac,2582.2,2582.2,blnmou1
KEN_025_20220122_050606.flac,2589.5,2589.5,subbus1
KEN_025_20220122_050606.flac,2590.4,2590.4,afrthr1
KEN_025_20220122_050606.flac,2600.5,2600.5,wbrcha2
KEN_025_20220122_050606.flac,2609.9,2609.9,subbus1
KEN_025_20220122_050606.flac,2616.9,2616.9,slcbou1
KEN_025_20220122_050606.flac,2624.0,2624.0,subbus1
KEN_025_20220122_050606.flac,2630.8,2630.8,wbrcha2
KEN_025_20220122_050606.flac,2635.4,2635.4,subbus1
KEN_025_20220122_050606.flac,2640.8,2640.8,afrthr1
KEN_025_20220122_050606.flac,2644.9,2644.9,subbus1
KEN_025_20220122_050606.flac,2648.3,2648.3,wbrcha2
KEN_025_20220122_050606.flac,2653.5,2653.5,afrthr1
KEN_025_20220122_050606.flac,2669.2,2669.2,rindov
KEN_025_20220122_050606.flac,2685.6,2685.6,blnmou1
KEN_025_20220122_050606.flac,2703.0,2703.0,gnbcam2
KEN_025_20220122_050606.flac,2706.4,2706.4,blnmou1
KEN_025_20220122_050606.flac,2740.4,2740.4,combul2
KEN_025_20220122_050606.flac,2744.4,2744.4,blnmou1
KEN_025_20220122_050606.flac,2756.6,2756.6,marsun2
KEN_025_20220122_050606.flac,2766.3,2766.3,blnmou1
KEN_025_20220122_050606.flac,2771.7,2771.7,crohor1
KEN_025_20220122_050606.flac,2822.5,2822.5,blnmou1
KEN_025_20220122_050606.flac,2822.9,2822.9,combul2
KEN_025_20220122_050606.flac,2877.7,2877.7,combul2
KEN_025_20220122_050606.flac,2885.5,2885.5,blnmou1
KEN_025_20220122_050606.flac,2895.6,2895.6,combul2
KEN_025_20220122_050606.flac,2907.5,2907.5,refbar2
KEN_025_20220122_050606.flac,2920.0,2920.0,combul2
KEN_025_20220122_050606.flac,2927.6,2927.6,combul2
KEN_025_20220122_050606.flac,2930.4,2930.4,whbwhe3
KEN_025_20220122_050606.flac,2935.6,2935.6,combul2
KEN_025_20220122_050606.flac,2948.0,2948.0,combul2
KEN_025_20220122_050606.flac,2959.9,2959.9,wbrcha2
KEN_025_20220122_050606.flac,2998.0,2998.0,combul2
KEN_025_20220122_050606.flac,3009.1,3009.1,brctch1
KEN_025_20220122_050606.flac,3025.4,3025.4,slcbou1
KEN_025_20220122_050606.flac,3032.4,3032.4,combul2
KEN_025_20220122_050606.flac,3085.3,3085.3,combul2
KEN_025_20220122_050606.flac,3088.6,3088.6,brctch1
KEN_025_20220122_050606.flac,3096.8,3096.8,slcbou1
KEN_025_20220122_050606.flac,3108.4,3108.4,combul2
KEN_025_20220122_050606.flac,3127.7,3127.7,crohor1
KEN_025_20220122_050606.flac,3133.8,3133.8,marsun2
KEN_025_20220122_050606.flac,3140.8,3140.8,whbcou1
KEN_025_20220122_050606.flac,3172.8,3172.8,marsun2
KEN_025_20220122_050606.flac,3182.2,3182.2,slcbou1
KEN_025_20220122_050606.flac,3192.6,3192.6,wbgbir1
KEN_025_20220122_050606.flac,3200.6,3200.6,combul2
KEN_025_20220122_050606.flac,3211.0,3211.0,wbgbir1
KEN_025_20220122_050606.flac,3226.2,3226.2,wbgbir1
KEN_025_20220122_050606.flac,3237.7,3237.7,wbgbir1
KEN_025_20220122_050606.flac,3259.8,3259.8,wbgbir1
KEN_025_20220122_050606.flac,3261.5,3261.5,abhori1
KEN_025_20220122_050606.flac,3284.9,3284.9,abhori1
KEN_025_20220122_050606.flac,3285.3,3285.3,wbgbir1
KEN_025_20220122_050606.flac,3292.8,3292.8,abhori1
KEN_025_20220122_050606.flac,3296.1,3296.1,wbgbir1
KEN_025_20220122_050606.flac,3307.7,3307.7,abhori1
KEN_025_20220122_050606.flac,3316.2,3316.2,wbgbir1
KEN_025_20220122_050606.flac,3321.1,3321.1,abhori1
KEN_025_20220122_050606.flac,3327.3,3327.3,abhori1
KEN_025_20220122_050606.flac,3337.6,3337.6,abhori1
KEN_025_20220122_050606.flac,3347.5,3347.5,abhori1
KEN_025_20220122_050606.flac,3424.9,3424.9,afrthr1
KEN_025_20220122_050606.flac,3456.4,3456.4,combul2
KEN_025_20220122_050606.flac,3479.5,3479.5,combul2
KEN_025_20220122_050606.flac,3493.4,3493.4,crohor1
KEN_025_20220122_050606.flac,3506.7,3506.7,varsun2
KEN_025_20220122_050606.flac,3515.2,3515.2,refbar2
KEN_025_20220122_050606.flac,3523.2,3523.2,wbgbir1
KEN_025_20220122_050606.flac,3535.0,3535.0,wbgbir1
KEN_025_20220122_050606.flac,3540.8,3540.8,refbar2
KEN_025_20220122_050606.flac,3570.6,3570.6,abhori1
KEN_025_20220122_050606.flac,3576.7,3576.7,abhori1
KEN_025_20220122_050606.flac,3578.5,3578.5,combul2
KEN_025_20220122_050606.flac,3590.7,3590.7,abhori1
KEN_025_20220122_050606.flac,3598.5,3598.5,afrthr1
KEN_026_20220122_065805.flac,117.8,117.8,slcbou1
KEN_026_20220122_065805.flac,126.8,126.8,slcbou1
KEN_026_20220122_065805.flac,131.4,131.4,slcbou1
KEN_026_20220122_065805.flac,209.9,209.9,combul2
KEN_026_20220122_065805.flac,223.2,223.2,combul2
KEN_026_20220122_065805.flac,228.8,228.8,combul2
KEN_026_20220122_065805.flac,239.7,239.7,slcbou1
KEN_026_20220122_065805.flac,246.6,246.6,slcbou1
KEN_026_20220122_065805.flac,248.7,248.7,wbgbir1
KEN_026_20220122_065805.flac,251.2,251.2,combul2
KEN_026_20220122_065805.flac,256.4,256.4,rindov
KEN_026_20220122_065805.flac,260.0,260.0,wbgbir1
KEN_026_20220122_065805.flac,262.6,262.6,combul2
KEN_026_20220122_065805.flac,270.1,270.1,combul2
KEN_026_20220122_065805.flac,277.4,277.4,combul2
KEN_026_20220122_065805.flac,282.4,282.4,rindov
KEN_026_20220122_065805.flac,292.7,292.7,combul2
KEN_026_20220122_065805.flac,294.2,294.2,gnbcam2
KEN_026_20220122_065805.flac,300.7,300.7,combul2
KEN_026_20220122_065805.flac,306.6,306.6,rindov
KEN_026_20220122_065805.flac,321.7,321.7,gnbcam2
KEN_026_20220122_065805.flac,324.5,324.5,combul2
KEN_026_20220122_065805.flac,334.4,334.4,combul2
KEN_026_20220122_065805.flac,336.0,336.0,gnbcam2
KEN_026_20220122_065805.flac,341.1,341.1,combul2
KEN_026_20220122_065805.flac,363.3,363.3,gnbcam2
KEN_026_20220122_065805.flac,408.7,408.7,gnbcam2
KEN_026_20220122_065805.flac,409.4,409.4,wbgbir1
KEN_026_20220122_065805.flac,413.8,413.8,wbgbir1
KEN_026_20220122_065805.flac,415.7,415.7,combul2
KEN_026_20220122_065805.flac,421.1,421.1,combul2
KEN_026_20220122_065805.flac,441.7,441.7,combul2
KEN_026_20220122_065805.flac,449.4,449.4,combul2
KEN_026_20220122_065805.flac,451.2,451.2,rindov
KEN_026_20220122_065805.flac,478.1,478.1,rindov
KEN_026_20220122_065805.flac,494.4,494.4,slcbou1
KEN_026_20220122_065805.flac,497.7,497.7,rindov
KEN_026_20220122_065805.flac,500.5,500.5,slcbou1
KEN_026_20220122_065805.flac,507.8,507.8,slcbou1
KEN_026_20220122_065805.flac,510.5,510.5,subbus1
KEN_026_20220122_065805.flac,513.8,513.8,slcbou1
KEN_026_20220122_065805.flac,519.5,519.5,subbus1
KEN_026_20220122_065805.flac,536.6,536.6,subbus1
KEN_026_20220122_065805.flac,546.2,546.2,subbus1
KEN_026_20220122_065805.flac,578.3,578.3,gnbcam2
KEN_026_20220122_065805.flac,582.1,582.1,yebapa1
KEN_026_20220122_065805.flac,582.5,582.5,rindov
KEN_026_20220122_065805.flac,590.4,590.4,subbus1
KEN_026_20220122_065805.flac,591.7,591.7,gnbcam2
KEN_026_20220122_065805.flac,598.6,598.6,gnbcam2
KEN_026_20220122_065805.flac,606.8,606.8,gnbcam2
KEN_026_20220122_065805.flac,607.1,607.1,combul2
KEN_026_20220122_065805.flac,611.5,611.5,slcbou1
KEN_026_20220122_065805.flac,613.6,613.6,gnbcam2
KEN_026_20220122_065805.flac,637.2,637.2,wbrcha2
KEN_026_20220122_065805.flac,648.8,648.8,wbrcha2
KEN_026_20220122_065805.flac,655.8,655.8,combul2
KEN_026_20220122_065805.flac,673.2,673.2,combul2
KEN_026_20220122_065805.flac,679.1,679.1,combul2
KEN_026_20220122_065805.flac,701.0,701.0,slcbou1
KEN_026_20220122_065805.flac,702.8,702.8,wbrcha2
KEN_026_20220122_065805.flac,706.4,706.4,wbgbir1
KEN_026_20220122_065805.flac,712.0,712.0,wbrcha2
KEN_026_20220122_065805.flac,713.2,713.2,slcbou1
KEN_026_20220122_065805.flac,721.6,721.6,wbrcha2
KEN_026_20220122_065805.flac,728.9,728.9,wbrcha2
KEN_026_20220122_065805.flac,734.2,734.2,wbrcha2
KEN_026_20220122_065805.flac,734.7,734.7,gnbcam2
KEN_026_20220122_065805.flac,739.0,739.0,wbrcha2
KEN_026_20220122_065805.flac,740.2,740.2,gnbcam2
KEN_026_20220122_065805.flac,742.5,742.5,rindov
KEN_026_20220122_065805.flac,753.2,753.2,slcbou1
KEN_026_20220122_065805.flac,754.7,754.7,wbrcha2
KEN_026_20220122_065805.flac,757.3,757.3,subbus1
KEN_026_20220122_065805.flac,760.6,760.6,wbrcha2
KEN_026_20220122_065805.flac,774.7,774.7,slcbou1
KEN_026_20220122_065805.flac,776.1,776.1,wbrcha2
KEN_026_20220122_065805.flac,788.7,788.7,wbrcha2
KEN_026_20220122_065805.flac,791.9,791.9,slcbou1
KEN_026_20220122_065805.flac,799.6,799.6,wbrcha2
KEN_026_20220122_065805.flac,801.8,801.8,slcbou1
KEN_026_20220122_065805.flac,808.4,808.4,wbrcha2
KEN_026_20220122_065805.flac,811.7,811.7,slcbou1
KEN_026_20220122_065805.flac,815.8,815.8,slcbou1
KEN_026_20220122_065805.flac,816.2,816.2,wbrcha2
KEN_026_20220122_065805.flac,830.9,830.9,wbrcha2
KEN_026_20220122_065805.flac,839.8,839.8,wbrcha2
KEN_026_20220122_065805.flac,854.7,854.7,wbgbir1
KEN_026_20220122_065805.flac,862.4,862.4,reedov1
KEN_026_20220122_065805.flac,872.8,872.8,slcbou1
KEN_026_20220122_065805.flac,884.5,884.5,gnbcam2
KEN_026_20220122_065805.flac,886.6,886.6,combul2
KEN_026_20220122_065805.flac,894.8,894.8,gnbcam2
KEN_026_20220122_065805.flac,901.5,901.5,wbrcha2
KEN_026_20220122_065805.flac,905.9,905.9,gnbcam2
KEN_026_20220122_065805.flac,906.8,906.8,combul2
KEN_026_20220122_065805.flac,925.9,925.9,slcbou1
KEN_026_20220122_065805.flac,933.0,933.0,combul2
KEN_026_20220122_065805.flac,945.0,945.0,slcbou1
KEN_026_20220122_065805.flac,980.1,980.1,slcbou1
KEN_026_20220122_065805.flac,984.7,984.7,wbrcha2
KEN_026_20220122_065805.flac,992.5,992.5,meypar1
KEN_026_20220122_065805.flac,1000.0,1000.0,combul2
KEN_026_20220122_065805.flac,1012.9,1012.9,meypar1
KEN_026_20220122_065805.flac,1019.8,1019.8,combul2
KEN_026_20220122_065805.flac,1023.3,1023.3,wbgbir1
KEN_026_20220122_065805.flac,1042.2,1042.2,soufis1
KEN_026_20220122_065805.flac,1043.1,1043.1,reedov1
KEN_026_20220122_065805.flac,1047.6,1047.6,meypar1
KEN_026_20220122_065805.flac,1051.0,1051.0,combul2
KEN_026_20220122_065805.flac,1052.0,1052.0,combul2
KEN_026_20220122_065805.flac,1052.0,1052.0,soufis1
KEN_026_20220122_065805.flac,1072.1,1072.1,combul2
KEN_026_20220122_065805.flac,1078.9,1078.9,combul2
KEN_026_20220122_065805.flac,1085.6,1085.6,subbus1
KEN_026_20220122_065805.flac,1096.1,1096.1,soufis1
KEN_026_20220122_065805.flac,1099.6,1099.6,combul2
KEN_026_20220122_065805.flac,1104.1,1104.1,slcbou1
KEN_026_20220122_065805.flac,1152.5,1152.5,gnbcam2
KEN_026_20220122_065805.flac,1158.3,1158.3,meypar1
KEN_026_20220122_065805.flac,1165.4,1165.4,combul2
KEN_026_20220122_065805.flac,1184.1,1184.1,meypar1
KEN_026_20220122_065805.flac,1193.0,1193.0,soufis1
KEN_026_20220122_065805.flac,1209.0,1209.0,meypar1
KEN_026_20220122_065805.flac,1211.0,1211.0,blnmou1
KEN_026_20220122_065805.flac,1211.5,1211.5,subbus1
KEN_026_20220122_065805.flac,1219.5,1219.5,blnmou1
KEN_026_20220122_065805.flac,1220.5,1220.5,subbus1
KEN_026_20220122_065805.flac,1223.5,1223.5,subbus1
KEN_026_20220122_065805.flac,1224.1,1224.1,meypar1
KEN_026_20220122_065805.flac,1230.8,1230.8,subbus1
KEN_026_20220122_065805.flac,1234.3,1234.3,gnbcam2
KEN_026_20220122_065805.flac,1234.7,1234.7,meypar1
KEN_026_20220122_065805.flac,1242.4,1242.4,subbus1
KEN_026_20220122_065805.flac,1252.9,1252.9,slcbou1
KEN_026_20220122_065805.flac,1253.9,1253.9,subbus1
KEN_026_20220122_065805.flac,1259.2,1259.2,slcbou1
KEN_026_20220122_065805.flac,1271.6,1271.6,gnbcam2
KEN_026_20220122_065805.flac,1274.5,1274.5,soufis1
KEN_026_20220122_065805.flac,1283.2,1283.2,gnbcam2
KEN_026_20220122_065805.flac,1284.9,1284.9,yebapa1
KEN_026_20220122_065805.flac,1289.1,1289.1,soufis1
KEN_026_20220122_065805.flac,1292.7,1292.7,gnbcam2
KEN_026_20220122_065805.flac,1294.2,1294.2,yebapa1
KEN_026_20220122_065805.flac,1298.7,1298.7,gnbcam2
KEN_026_20220122_065805.flac,1305.5,1305.5,combul2
KEN_026_20220122_065805.flac,1315.3,1315.3,wbgbir1
KEN_026_20220122_065805.flac,1328.1,1328.1,combul2
KEN_026_20220122_065805.flac,1333.8,1333.8,slcbou1
KEN_026_20220122_065805.flac,1340.8,1340.8,reedov1
KEN_026_20220122_065805.flac,1367.2,1367.2,slcbou1
KEN_026_20220122_065805.flac,1378.8,1378.8,slcbou1
KEN_026_20220122_065805.flac,1381.1,1381.1,soufis1
KEN_026_20220122_065805.flac,1415.2,1415.2,slcbou1
KEN_026_20220122_065805.flac,1449.0,1449.0,reedov1
KEN_026_20220122_065805.flac,1459.4,1459.4,rindov
KEN_026_20220122_065805.flac,1462.3,1462.3,wbrcha2
KEN_026_20220122_065805.flac,1470.9,1470.9,rindov
KEN_026_20220122_065805.flac,1473.9,1473.9,grewoo2
KEN_026_20220122_065805.flac,1477.2,1477.2,wbgbir1
KEN_026_20220122_065805.flac,1492.6,1492.6,wbrcha2
KEN_026_20220122_065805.flac,1500.2,1500.2,rindov
KEN_026_20220122_065805.flac,1506.6,1506.6,slcbou1
KEN_026_20220122_065805.flac,1525.4,1525.4,rindov
KEN_026_20220122_065805.flac,1536.4,1536.4,rindov
KEN_026_20220122_065805.flac,1544.2,1544.2,yebapa1
KEN_026_20220122_065805.flac,1547.8,1547.8,subbus1
KEN_026_20220122_065805.flac,1553.3,1553.3,subbus1
KEN_026_20220122_065805.flac,1557.2,1557.2,subbus1
KEN_026_20220122_065805.flac,1558.4,1558.4,rindov
KEN_026_20220122_065805.flac,1560.4,1560.4,yebapa1
KEN_026_20220122_065805.flac,1562.2,1562.2,subbus1
KEN_026_20220122_065805.flac,1568.0,1568.0,subbus1
KEN_026_20220122_065805.flac,1573.0,1573.0,rindov
KEN_026_20220122_065805.flac,1583.6,1583.6,rindov
KEN_026_20220122_065805.flac,1595.8,1595.8,wbgbir1
KEN_026_20220122_065805.flac,1602.0,1602.0,rindov
KEN_026_20220122_065805.flac,1629.6,1629.6,rindov
KEN_026_20220122_065805.flac,1652.6,1652.6,combul2
KEN_026_20220122_065805.flac,1661.8,1661.8,rindov
KEN_026_20220122_065805.flac,1694.2,1694.2,rindov
KEN_026_20220122_065805.flac,1713.6,1713.6,combul2
KEN_026_20220122_065805.flac,1715.5,1715.5,rindov
KEN_026_20220122_065805.flac,1716.9,1716.9,reedov1
KEN_026_20220122_065805.flac,1725.8,1725.8,reedov1
KEN_026_20220122_065805.flac,1735.7,1735.7,rindov
KEN_026_20220122_065805.flac,1758.0,1758.0,combul2
KEN_026_20220122_065805.flac,1759.1,1759.1,rindov
KEN_026_20220122_065805.flac,1771.4,1771.4,reedov1
KEN_026_20220122_065805.flac,1775.8,1775.8,rindov
KEN_026_20220122_065805.flac,1782.4,1782.4,reedov1
KEN_026_20220122_065805.flac,1786.6,1786.6,wbrcha2
KEN_026_20220122_065805.flac,1819.8,1819.8,rindov
KEN_026_20220122_065805.flac,1827.0,1827.0,subbus1
KEN_026_20220122_065805.flac,1830.9,1830.9,combul2
KEN_026_20220122_065805.flac,1862.9,1862.9,wbrcha2
KEN_026_20220122_065805.flac,1865.3,1865.3,combul2
KEN_026_20220122_065805.flac,1907.4,1907.4,reedov1
KEN_026_20220122_065805.flac,1927.1,1927.1,yebapa1
KEN_026_20220122_065805.flac,1942.1,1942.1,combul2
KEN_026_20220122_065805.flac,1947.7,1947.7,subbus1
KEN_026_20220122_065805.flac,1959.0,1959.0,subbus1
KEN_026_20220122_065805.flac,1972.0,1972.0,wbrcha2
KEN_026_20220122_065805.flac,1973.4,1973.4,subbus1
KEN_026_20220122_065805.flac,1980.0,1980.0,reedov1
KEN_026_20220122_065805.flac,1983.3,1983.3,subbus1
KEN_026_20220122_065805.flac,1992.7,1992.7,slcbou1
KEN_026_20220122_065805.flac,2005.6,2005.6,rindov
KEN_026_20220122_065805.flac,2008.4,2008.4,blnmou1
KEN_026_20220122_065805.flac,2013.6,2013.6,blnmou1
KEN_026_20220122_065805.flac,2027.7,2027.7,blnmou1
KEN_026_20220122_065805.flac,2028.9,2028.9,wbrcha2
KEN_026_20220122_065805.flac,2037.5,2037.5,blnmou1
KEN_026_20220122_065805.flac,2050.6,2050.6,reedov1
KEN_026_20220122_065805.flac,2051.0,2051.0,blnmou1
KEN_026_20220122_065805.flac,2054.2,2054.2,rindov
KEN_026_20220122_065805.flac,2058.6,2058.6,blnmou1
KEN_026_20220122_065805.flac,2075.0,2075.0,rindov
KEN_026_20220122_065805.flac,2075.9,2075.9,blnmou1
KEN_026_20220122_065805.flac,2088.9,2088.9,blnmou1
KEN_026_20220122_065805.flac,2092.6,2092.6,rindov
KEN_026_20220122_065805.flac,2093.0,2093.0,blnmou1
KEN_026_20220122_065805.flac,2096.5,2096.5,blnmou1
KEN_026_20220122_065805.flac,2101.2,2101.2,rindov
KEN_026_20220122_065805.flac,2102.8,2102.8,blnmou1
KEN_026_20220122_065805.flac,2108.7,2108.7,blnmou1
KEN_026_20220122_065805.flac,2115.5,2115.5,reedov1
KEN_026_20220122_065805.flac,2118.8,2118.8,rindov
KEN_026_20220122_065805.flac,2120.7,2120.7,wbrcha2
KEN_026_20220122_065805.flac,2124.0,2124.0,blnmou1
KEN_026_20220122_065805.flac,2125.8,2125.8,rindov
KEN_026_20220122_065805.flac,2128.4,2128.4,blnmou1
KEN_026_20220122_065805.flac,2134.6,2134.6,rindov
KEN_026_20220122_065805.flac,2135.9,2135.9,blnmou1
KEN_026_20220122_065805.flac,2138.1,2138.1,reedov1
KEN_026_20220122_065805.flac,2145.9,2145.9,reedov1
KEN_026_20220122_065805.flac,2146.5,2146.5,blnmou1
KEN_026_20220122_065805.flac,2151.1,2151.1,blnmou1
KEN_026_20220122_065805.flac,2156.1,2156.1,subbus1
KEN_026_20220122_065805.flac,2161.7,2161.7,subbus1
KEN_026_20220122_065805.flac,2173.8,2173.8,reedov1
KEN_026_20220122_065805.flac,2175.9,2175.9,rindov
KEN_026_20220122_065805.flac,2176.0,2176.0,subbus1
KEN_026_20220122_065805.flac,2178.2,2178.2,rindov
KEN_026_20220122_065805.flac,2181.3,2181.3,subbus1
KEN_026_20220122_065805.flac,2181.9,2181.9,rindov
KEN_026_20220122_065805.flac,2186.3,2186.3,blnmou1
KEN_026_20220122_065805.flac,2193.7,2193.7,rindov
KEN_026_20220122_065805.flac,2200.0,2200.0,slcbou1
KEN_026_20220122_065805.flac,2205.3,2205.3,brican1
KEN_026_20220122_065805.flac,2211.9,2211.9,reedov1
KEN_026_20220122_065805.flac,2214.6,2214.6,brican1
KEN_026_20220122_065805.flac,2220.3,2220.3,blnmou1
KEN_026_20220122_065805.flac,2225.6,2225.6,subbus1
KEN_026_20220122_065805.flac,2231.1,2231.1,subbus1
KEN_026_20220122_065805.flac,2231.5,2231.5,reedov1
KEN_026_20220122_065805.flac,2238.8,2238.8,wbrcha2
KEN_026_20220122_065805.flac,2246.7,2246.7,subbus1
KEN_026_20220122_065805.flac,2250.7,2250.7,subbus1
KEN_026_20220122_065805.flac,2260.9,2260.9,subbus1
KEN_026_20220122_065805.flac,2263.1,2263.1,reedov1
KEN_026_20220122_065805.flac,2266.7,2266.7,subbus1
KEN_026_20220122_065805.flac,2276.1,2276.1,yebapa1
KEN_026_20220122_065805.flac,2277.9,2277.9,subbus1
KEN_026_20220122_065805.flac,2281.9,2281.9,subbus1
KEN_026_20220122_065805.flac,2287.6,2287.6,yebapa1
KEN_026_20220122_065805.flac,2290.3,2290.3,soufis1
KEN_026_20220122_065805.flac,2293.3,2293.3,slcbou1
KEN_026_20220122_065805.flac,2300.2,2300.2,brican1
KEN_026_20220122_065805.flac,2308.2,2308.2,yebapa1
KEN_026_20220122_065805.flac,2311.8,2311.8,brican1
KEN_026_20220122_065805.flac,2320.3,2320.3,brican1
KEN_026_20220122_065805.flac,2327.1,2327.1,yebapa1
KEN_026_20220122_065805.flac,2331.5,2331.5,wbgbir1
KEN_026_20220122_065805.flac,2332.8,2332.8,wbgbir1
KEN_026_20220122_065805.flac,2338.5,2338.5,brican1
KEN_026_20220122_065805.flac,2341.3,2341.3,combul2
KEN_026_20220122_065805.flac,2365.5,2365.5,blnmou1
KEN_026_20220122_065805.flac,2368.6,2368.6,combul2
KEN_026_20220122_065805.flac,2378.9,2378.9,combul2
KEN_026_20220122_065805.flac,2393.5,2393.5,blnmou1
KEN_026_20220122_065805.flac,2400.6,2400.6,rindov
KEN_026_20220122_065805.flac,2406.0,2406.0,blnmou1
KEN_026_20220122_065805.flac,2416.8,2416.8,rindov
KEN_026_20220122_065805.flac,2430.1,2430.1,blnmou1
KEN_026_20220122_065805.flac,2438.9,2438.9,rindov
KEN_026_20220122_065805.flac,2442.9,2442.9,blnmou1
KEN_026_20220122_065805.flac,2445.6,2445.6,combul2
KEN_026_20220122_065805.flac,2446.0,2446.0,rindov
KEN_026_20220122_065805.flac,2452.0,2452.0,blnmou1
KEN_026_20220122_065805.flac,2453.9,2453.9,rindov
KEN_026_20220122_065805.flac,2466.6,2466.6,combul2
KEN_026_20220122_065805.flac,2474.3,2474.3,rindov
KEN_026_20220122_065805.flac,2487.6,2487.6,combul2
KEN_026_20220122_065805.flac,2489.6,2489.6,yebapa1
KEN_026_20220122_065805.flac,2492.7,2492.7,brican1
KEN_026_20220122_065805.flac,2494.4,2494.4,subbus1
KEN_026_20220122_065805.flac,2499.7,2499.7,subbus1
KEN_026_20220122_065805.flac,2501.4,2501.4,slcbou1
KEN_026_20220122_065805.flac,2504.1,2504.1,subbus1
KEN_026_20220122_065805.flac,2508.1,2508.1,rindov
KEN_026_20220122_065805.flac,2510.6,2510.6,brican1
KEN_026_20220122_065805.flac,2513.5,2513.5,subbus1
KEN_026_20220122_065805.flac,2522.4,2522.4,rindov
KEN_026_20220122_065805.flac,2526.5,2526.5,brican1
KEN_026_20220122_065805.flac,2529.8,2529.8,subbus1
KEN_026_20220122_065805.flac,2538.0,2538.0,subbus1
KEN_026_20220122_065805.flac,2544.6,2544.6,subbus1
KEN_026_20220122_065805.flac,2551.9,2551.9,subbus1
KEN_026_20220122_065805.flac,2574.0,2574.0,combul2
KEN_026_20220122_065805.flac,2583.7,2583.7,brican1
KEN_026_20220122_065805.flac,2594.4,2594.4,blnmou1
KEN_026_20220122_065805.flac,2596.6,2596.6,combul2
KEN_026_20220122_065805.flac,2698.4,2698.4,slcbou1
KEN_026_20220122_065805.flac,2708.6,2708.6,refbar2
KEN_026_20220122_065805.flac,2709.3,2709.3,brican1
KEN_026_20220122_065805.flac,2718.4,2718.4,brican1
KEN_026_20220122_065805.flac,2733.1,2733.1,subbus1
KEN_026_20220122_065805.flac,2739.4,2739.4,subbus1
KEN_026_20220122_065805.flac,2744.7,2744.7,subbus1
KEN_026_20220122_065805.flac,2752.0,2752.0,subbus1
KEN_026_20220122_065805.flac,2758.7,2758.7,subbus1
KEN_026_20220122_065805.flac,2763.9,2763.9,slcbou1
KEN_026_20220122_065805.flac,2791.2,2791.2,brican1
KEN_026_20220122_065805.flac,2796.1,2796.1,blnmou1
KEN_026_20220122_065805.flac,2802.0,2802.0,blnmou1
KEN_026_20220122_065805.flac,2819.4,2819.4,blnmou1
KEN_026_20220122_065805.flac,2829.3,2829.3,blnmou1
KEN_026_20220122_065805.flac,2844.8,2844.8,blnmou1
KEN_026_20220122_065805.flac,2860.7,2860.7,blnmou1
KEN_026_20220122_065805.flac,2863.8,2863.8,brican1
KEN_026_20220122_065805.flac,2871.6,2871.6,blnmou1
KEN_026_20220122_065805.flac,2878.0,2878.0,slcbou1
KEN_026_20220122_065805.flac,2880.9,2880.9,blnmou1
KEN_026_20220122_065805.flac,2885.3,2885.3,slcbou1
KEN_026_20220122_065805.flac,2889.0,2889.0,blnmou1
KEN_026_20220122_065805.flac,2891.1,2891.1,slcbou1
KEN_026_20220122_065805.flac,2902.0,2902.0,blnmou1
KEN_026_20220122_065805.flac,2911.1,2911.1,blnmou1
KEN_026_20220122_065805.flac,2940.5,2940.5,combul2
KEN_026_20220122_065805.flac,2951.7,2951.7,rindov
KEN_026_20220122_065805.flac,2954.2,2954.2,blnmou1
KEN_026_20220122_065805.flac,2961.4,2961.4,rindov
KEN_026_20220122_065805.flac,2970.1,2970.1,rindov
KEN_026_20220122_065805.flac,2972.8,2972.8,brican1
KEN_026_20220122_065805.flac,2982.1,2982.1,brican1
KEN_026_20220122_065805.flac,2996.7,2996.7,blnmou1
KEN_026_20220122_065805.flac,3003.8,3003.8,rindov
KEN_026_20220122_065805.flac,3005.7,3005.7,blnmou1
KEN_026_20220122_065805.flac,3033.3,3033.3,blnmou1
KEN_026_20220122_065805.flac,3049.1,3049.1,marsun2
KEN_026_20220122_065805.flac,3113.5,3113.5,marsun2
KEN_026_20220122_065805.flac,3117.9,3117.9,rindov
KEN_026_20220122_065805.flac,3121.0,3121.0,slcbou1
KEN_026_20220122_065805.flac,3126.4,3126.4,slcbou1
KEN_026_20220122_065805.flac,3130.8,3130.8,brican1
KEN_026_20220122_065805.flac,3131.7,3131.7,slcbou1
KEN_026_20220122_065805.flac,3136.5,3136.5,slcbou1
KEN_026_20220122_065805.flac,3138.3,3138.3,brican1
KEN_026_20220122_065805.flac,3169.3,3169.3,subbus1
KEN_026_20220122_065805.flac,3177.8,3177.8,subbus1
KEN_026_20220122_065805.flac,3179.4,3179.4,slcbou1
KEN_026_20220122_065805.flac,3187.5,3187.5,combul2
KEN_026_20220122_065805.flac,3191.1,3191.1,subbus1
KEN_026_20220122_065805.flac,3197.6,3197.6,combul2
KEN_026_20220122_065805.flac,3205.9,3205.9,combul2
KEN_026_20220122_065805.flac,3242.3,3242.3,subbus1
KEN_026_20220122_065805.flac,3247.4,3247.4,slcbou1
KEN_026_20220122_065805.flac,3248.1,3248.1,subbus1
KEN_026_20220122_065805.flac,3259.8,3259.8,brican1
KEN_026_20220122_065805.flac,3260.8,3260.8,subbus1
KEN_026_20220122_065805.flac,3266.1,3266.1,subbus1
KEN_026_20220122_065805.flac,3280.1,3280.1,brican1
KEN_026_20220122_065805.flac,3283.0,3283.0,combul2
KEN_026_20220122_065805.flac,3287.2,3287.2,combul2
KEN_026_20220122_065805.flac,3293.5,3293.5,brican1
KEN_026_20220122_065805.flac,3301.8,3301.8,brican1
KEN_026_20220122_065805.flac,3304.1,3304.1,combul2
KEN_026_20220122_065805.flac,3309.9,3309.9,subbus1
KEN_026_20220122_065805.flac,3311.8,3311.8,brican1
KEN_026_20220122_065805.flac,3322.5,3322.5,subbus1
KEN_026_20220122_065805.flac,3334.8,3334.8,combul2
KEN_026_20220122_065805.flac,3338.8,3338.8,subbus1
KEN_026_20220122_065805.flac,3342.3,3342.3,combul2
KEN_026_20220122_065805.flac,3349.3,3349.3,combul2
KEN_026_20220122_065805.flac,3350.5,3350.5,marsun2
KEN_026_20220122_065805.flac,3353.1,3353.1,combul2
KEN_026_20220122_065805.flac,3356.6,3356.6,marsun2
KEN_026_20220122_065805.flac,3357.5,3357.5,combul2
KEN_026_20220122_065805.flac,3366.0,3366.0,combul2
KEN_026_20220122_065805.flac,3372.9,3372.9,marsun2
KEN_026_20220122_065805.flac,3373.5,3373.5,combul2
KEN_026_20220122_065805.flac,3385.1,3385.1,combul2
KEN_026_20220122_065805.flac,3398.8,3398.8,combul2
KEN_026_20220122_065805.flac,3407.9,3407.9,combul2
KEN_026_20220122_065805.flac,3420.6,3420.6,combul2
KEN_026_20220122_065805.flac,3427.8,3427.8,combul2
KEN_026_20220122_065805.flac,3433.0,3433.0,subbus1
KEN_026_20220122_065805.flac,3437.5,3437.5,subbus1
KEN_026_20220122_065805.flac,3441.4,3441.4,subbus1
KEN_026_20220122_065805.flac,3445.4,3445.4,whbwhe3
KEN_026_20220122_065805.flac,3447.0,3447.0,combul2
KEN_026_20220122_065805.flac,3461.1,3461.1,brican1
KEN_026_20220122_065805.flac,3466.2,3466.2,combul2
KEN_026_20220122_065805.flac,3467.1,3467.1,rehwea1
KEN_026_20220122_065805.flac,3468.9,3468.9,brican1
KEN_026_20220122_065805.flac,3473.5,3473.5,subbus1
KEN_026_20220122_065805.flac,3478.5,3478.5,rehwea1
KEN_026_20220122_065805.flac,3482.9,3482.9,subbus1
KEN_026_20220122_065805.flac,3484.7,3484.7,brican1
KEN_026_20220122_065805.flac,3487.2,3487.2,rehwea1
KEN_026_20220122_065805.flac,3494.1,3494.1,brican1
KEN_026_20220122_065805.flac,3496.6,3496.6,rehwea1
KEN_026_20220122_065805.flac,3503.7,3503.7,rehwea1
KEN_026_20220122_065805.flac,3524.7,3524.7,combul2
KEN_026_20220122_065805.flac,3526.4,3526.4,blnmou1
KEN_026_20220122_065805.flac,3545.9,3545.9,combul2
KEN_026_20220122_065805.flac,3573.7,3573.7,combul2
KEN_026_20220122_065805.flac,3577.5,3577.5,combul2
KEN_026_20220122_065805.flac,3589.3,3589.3,combul2
KEN_026_20220122_065805.flac,3594.9,3594.9,rindov
KEN_026_20220122_065805.flac,3597.6,3597.6,wbgbir1
KEN_027_20220130_042332.flac,52.6,52.6,lotlap1
KEN_027_20220130_042332.flac,54.9,54.9,hadibi1
KEN_027_20220130_042332.flac,71.5,71.5,lotlap1
KEN_027_20220130_042332.flac,124.3,124.3,hadibi1
KEN_027_20220130_042332.flac,143.1,143.1,lotlap1
KEN_027_20220130_042332.flac,162.9,162.9,hadibi1
KEN_027_20220130_042332.flac,231.8,231.8,lotlap1
KEN_027_20220130_042332.flac,244.4,244.4,hadibi1
KEN_027_20220130_042332.flac,252.7,252.7,hadibi1
KEN_027_20220130_042332.flac,259.3,259.3,hadibi1
KEN_027_20220130_042332.flac,295.2,295.2,hadibi1
KEN_027_20220130_042332.flac,298.4,298.4,eaywag1
KEN_027_20220130_042332.flac,385.4,385.4,hadibi1
KEN_027_20220130_042332.flac,405.7,405.7,eaywag1
KEN_027_20220130_042332.flac,417.8,417.8,eaywag1
KEN_027_20220130_042332.flac,426.0,426.0,hadibi1
KEN_027_20220130_042332.flac,432.3,432.3,eaywag1
KEN_027_20220130_042332.flac,438.0,438.0,hadibi1
KEN_027_20220130_042332.flac,442.8,442.8,eaywag1
KEN_027_20220130_042332.flac,448.7,448.7,blwlap1
KEN_027_20220130_042332.flac,451.0,451.0,hadibi1
KEN_027_20220130_042332.flac,452.3,452.3,blwlap1
KEN_027_20220130_042332.flac,457.4,457.4,blwlap1
KEN_027_20220130_042332.flac,468.8,468.8,eaywag1
KEN_027_20220130_042332.flac,472.4,472.4,blwlap1
KEN_027_20220130_042332.flac,478.7,478.7,hadibi1
KEN_027_20220130_042332.flac,485.3,485.3,eaywag1
KEN_027_20220130_042332.flac,513.8,513.8,hadibi1
KEN_027_20220130_042332.flac,516.1,516.1,eaywag1
KEN_027_20220130_042332.flac,539.0,539.0,lotlap1
KEN_027_20220130_042332.flac,541.4,541.4,egygoo
KEN_027_20220130_042332.flac,567.5,567.5,egygoo
KEN_027_20220130_042332.flac,571.2,571.2,hadibi1
KEN_027_20220130_042332.flac,579.5,579.5,hadibi1
KEN_027_20220130_042332.flac,590.4,590.4,hadibi1
KEN_027_20220130_042332.flac,600.1,600.1,hadibi1
KEN_027_20220130_042332.flac,602.9,602.9,eaywag1
KEN_027_20220130_042332.flac,607.8,607.8,eaywag1
KEN_027_20220130_042332.flac,608.0,608.0,hadibi1
KEN_027_20220130_042332.flac,628.1,628.1,egygoo
KEN_027_20220130_042332.flac,633.5,633.5,eaywag1
KEN_027_20220130_042332.flac,640.9,640.9,egygoo
KEN_027_20220130_042332.flac,645.2,645.2,eaywag1
KEN_027_20220130_042332.flac,726.8,726.8,eaywag1
KEN_027_20220130_042332.flac,765.6,765.6,woosan
KEN_027_20220130_042332.flac,800.3,800.3,eaywag1
KEN_027_20220130_042332.flac,803.6,803.6,afrpip1
KEN_027_20220130_042332.flac,817.6,817.6,hadibi1
KEN_027_20220130_042332.flac,823.7,823.7,hadibi1
KEN_027_20220130_042332.flac,824.3,824.3,eaywag1
KEN_027_20220130_042332.flac,840.6,840.6,hadibi1
KEN_027_20220130_042332.flac,855.9,855.9,eaywag1
KEN_027_20220130_042332.flac,865.9,865.9,hadibi1
KEN_027_20220130_042332.flac,873.1,873.1,hadibi1
KEN_027_20220130_042332.flac,889.9,889.9,hadibi1
KEN_027_20220130_042332.flac,893.0,893.0,eaywag1
KEN_027_20220130_042332.flac,896.1,896.1,hadibi1
KEN_027_20220130_042332.flac,899.3,899.3,eaywag1
KEN_027_20220130_042332.flac,907.6,907.6,hadibi1
KEN_027_20220130_042332.flac,913.4,913.4,hadibi1
KEN_027_20220130_042332.flac,927.6,927.6,eaywag1
KEN_027_20220130_042332.flac,928.2,928.2,hadibi1
KEN_027_20220130_042332.flac,935.2,935.2,hadibi1
KEN_027_20220130_042332.flac,958.7,958.7,eaywag1
KEN_027_20220130_042332.flac,960.4,960.4,hadibi1
KEN_027_20220130_042332.flac,1137.7,1137.7,eaywag1
KEN_027_20220130_042332.flac,1155.5,1155.5,eaywag1
KEN_027_20220130_042332.flac,1258.2,1258.2,eaywag1
KEN_027_20220130_042332.flac,1457.1,1457.1,eaywag1
KEN_027_20220130_042332.flac,1514.5,1514.5,eaywag1
KEN_027_20220130_042332.flac,1517.4,1517.4,eaywag1
KEN_027_20220130_042332.flac,1629.9,1629.9,eaywag1
KEN_027_20220130_042332.flac,1637.5,1637.5,eaywag1
KEN_027_20220130_042332.flac,1666.0,1666.0,egygoo
KEN_027_20220130_042332.flac,1757.6,1757.6,eaywag1
KEN_027_20220130_042332.flac,1762.3,1762.3,woosan
KEN_027_20220130_042332.flac,1824.9,1824.9,egygoo
KEN_027_20220130_042332.flac,1829.9,1829.9,egygoo
KEN_027_20220130_042332.flac,1901.9,1901.9,egygoo
KEN_027_20220130_042332.flac,1947.7,1947.7,blaplo1
KEN_027_20220130_042332.flac,1954.6,1954.6,blaplo1
KEN_027_20220130_042332.flac,1977.7,1977.7,blaplo1
KEN_027_20220130_042332.flac,1997.9,1997.9,afrpip1
KEN_027_20220130_042332.flac,2079.2,2079.2,eaywag1
KEN_027_20220130_042332.flac,2121.9,2121.9,afrpip1
KEN_027_20220130_042332.flac,2130.5,2130.5,afrpip1
KEN_027_20220130_042332.flac,2137.7,2137.7,afrpip1
KEN_027_20220130_042332.flac,2213.2,2213.2,quailf1
KEN_027_20220130_042332.flac,2222.3,2222.3,quailf1
KEN_027_20220130_042332.flac,2280.5,2280.5,woosan
KEN_027_20220130_042332.flac,2314.4,2314.4,blaplo1
KEN_027_20220130_042332.flac,2356.6,2356.6,egygoo
KEN_027_20220130_042332.flac,2369.0,2369.0,egygoo
KEN_027_20220130_042332.flac,2374.7,2374.7,egygoo
KEN_027_20220130_042332.flac,2381.6,2381.6,egygoo
KEN_027_20220130_042332.flac,2391.2,2391.2,egygoo
KEN_027_20220130_042332.flac,2397.4,2397.4,blaplo1
KEN_027_20220130_042332.flac,2426.7,2426.7,egygoo
KEN_027_20220130_042332.flac,2441.8,2441.8,egygoo
KEN_027_20220130_042332.flac,2456.1,2456.1,egygoo
KEN_027_20220130_042332.flac,2460.9,2460.9,egygoo
KEN_027_20220130_042332.flac,2468.0,2468.0,egygoo
KEN_027_20220130_042332.flac,2473.5,2473.5,egygoo
KEN_027_20220130_042332.flac,2479.6,2479.6,egygoo
KEN_027_20220130_042332.flac,2487.3,2487.3,egygoo
KEN_027_20220130_042332.flac,2495.5,2495.5,egygoo
KEN_027_20220130_042332.flac,2515.6,2515.6,egygoo
KEN_027_20220130_042332.flac,2518.1,2518.1,egygoo
KEN_027_20220130_042332.flac,2534.9,2534.9,afrjac1
KEN_027_20220130_042332.flac,2574.8,2574.8,afrjac1
KEN_027_20220130_042332.flac,2582.6,2582.6,afrjac1
KEN_027_20220130_042332.flac,2588.5,2588.5,egygoo
KEN_027_20220130_042332.flac,2597.8,2597.8,egygoo
KEN_027_20220130_042332.flac,2604.0,2604.0,afrjac1
KEN_027_20220130_042332.flac,2615.9,2615.9,egygoo
KEN_027_20220130_042332.flac,2626.9,2626.9,egygoo
KEN_027_20220130_042332.flac,2647.8,2647.8,egygoo
KEN_027_20220130_042332.flac,2655.5,2655.5,egygoo
KEN_027_20220130_042332.flac,2666.5,2666.5,eaywag1
KEN_027_20220130_042332.flac,2669.3,2669.3,egygoo
KEN_027_20220130_042332.flac,2681.4,2681.4,egygoo
KEN_027_20220130_042332.flac,2682.1,2682.1,eaywag1
KEN_027_20220130_042332.flac,2689.5,2689.5,egygoo
KEN_027_20220130_042332.flac,2694.5,2694.5,egygoo
KEN_027_20220130_042332.flac,2698.6,2698.6,egygoo
KEN_027_20220130_042332.flac,2704.1,2704.1,egygoo
KEN_027_20220130_042332.flac,2708.5,2708.5,egygoo
KEN_027_20220130_042332.flac,2715.1,2715.1,egygoo
KEN_027_20220130_042332.flac,2718.6,2718.6,egygoo
KEN_027_20220130_042332.flac,2724.1,2724.1,egygoo
KEN_027_20220130_042332.flac,2731.5,2731.5,egygoo
KEN_027_20220130_042332.flac,2735.4,2735.4,egygoo
KEN_027_20220130_042332.flac,2740.1,2740.1,egygoo
KEN_027_20220130_042332.flac,2751.3,2751.3,egygoo
KEN_027_20220130_042332.flac,2768.5,2768.5,eaywag1
KEN_027_20220130_042332.flac,2769.1,2769.1,egygoo
KEN_027_20220130_042332.flac,2778.5,2778.5,egygoo
KEN_027_20220130_042332.flac,2793.0,2793.0,egygoo
KEN_027_20220130_042332.flac,2800.9,2800.9,egygoo
KEN_027_20220130_042332.flac,2804.2,2804.2,egygoo
KEN_027_20220130_042332.flac,2812.5,2812.5,egygoo
KEN_027_20220130_042332.flac,2824.9,2824.9,egygoo
KEN_027_20220130_042332.flac,2829.8,2829.8,egygoo
KEN_027_20220130_042332.flac,2834.5,2834.5,egygoo
KEN_027_20220130_042332.flac,2846.4,2846.4,egygoo
KEN_027_20220130_042332.flac,2868.3,2868.3,egygoo
KEN_027_20220130_042332.flac,2876.1,2876.1,egygoo
KEN_027_20220130_042332.flac,2880.6,2880.6,egygoo
KEN_027_20220130_042332.flac,2885.4,2885.4,eaywag1
KEN_027_20220130_042332.flac,2886.9,2886.9,egygoo
KEN_027_20220130_042332.flac,2896.9,2896.9,egygoo
KEN_027_20220130_042332.flac,2912.8,2912.8,egygoo
KEN_027_20220130_042332.flac,2917.5,2917.5,egygoo
KEN_027_20220130_042332.flac,2921.2,2921.2,egygoo
KEN_027_20220130_042332.flac,2922.4,2922.4,eaywag1
KEN_027_20220130_042332.flac,2939.1,2939.1,eaywag1
KEN_027_20220130_042332.flac,2951.5,2951.5,eaywag1
KEN_027_20220130_042332.flac,2953.5,2953.5,egygoo
KEN_027_20220130_042332.flac,2969.0,2969.0,egygoo
KEN_027_20220130_042332.flac,2973.3,2973.3,eaywag1
KEN_027_20220130_042332.flac,2979.2,2979.2,egygoo
KEN_027_20220130_042332.flac,2983.3,2983.3,blaplo1
KEN_027_20220130_042332.flac,2991.3,2991.3,egygoo
KEN_027_20220130_042332.flac,2997.7,2997.7,blaplo1
KEN_027_20220130_042332.flac,3001.8,3001.8,blaplo1
KEN_027_20220130_042332.flac,3011.1,3011.1,egygoo
KEN_027_20220130_042332.flac,3019.7,3019.7,egygoo
KEN_027_20220130_042332.flac,3029.2,3029.2,blaplo1
KEN_027_20220130_042332.flac,3031.5,3031.5,egygoo
KEN_027_20220130_042332.flac,3037.8,3037.8,blaplo1
KEN_027_20220130_042332.flac,3041.6,3041.6,egygoo
KEN_027_20220130_042332.flac,3043.6,3043.6,eaywag1
KEN_027_20220130_042332.flac,3049.6,3049.6,blaplo1
KEN_027_20220130_042332.flac,3050.0,3050.0,egygoo
KEN_027_20220130_042332.flac,3052.4,3052.4,blaplo1
KEN_027_20220130_042332.flac,3056.2,3056.2,blaplo1
KEN_027_20220130_042332.flac,3066.0,3066.0,egygoo
KEN_027_20220130_042332.flac,3071.5,3071.5,blaplo1
KEN_027_20220130_042332.flac,3074.1,3074.1,egygoo
KEN_027_20220130_042332.flac,3078.4,3078.4,eaywag1
KEN_027_20220130_042332.flac,3080.1,3080.1,blaplo1
KEN_027_20220130_042332.flac,3081.6,3081.6,egygoo
KEN_027_20220130_042332.flac,3086.4,3086.4,egygoo
KEN_027_20220130_042332.flac,3093.7,3093.7,afrpip1
KEN_027_20220130_042332.flac,3095.1,3095.1,blaplo1
KEN_027_20220130_042332.flac,3097.3,3097.3,comsan
KEN_027_20220130_042332.flac,3108.5,3108.5,blaplo1
KEN_027_20220130_042332.flac,3117.7,3117.7,egygoo
KEN_027_20220130_042332.flac,3122.6,3122.6,blaplo1
KEN_027_20220130_042332.flac,3128.4,3128.4,egygoo
KEN_027_20220130_042332.flac,3134.8,3134.8,blaplo1
KEN_027_20220130_042332.flac,3138.8,3138.8,egygoo
KEN_027_20220130_042332.flac,3144.6,3144.6,egygoo
KEN_027_20220130_042332.flac,3148.7,3148.7,blaplo1
KEN_027_20220130_042332.flac,3154.4,3154.4,egygoo
KEN_027_20220130_042332.flac,3157.9,3157.9,egygoo
KEN_027_20220130_042332.flac,3168.8,3168.8,egygoo
KEN_027_20220130_042332.flac,3183.9,3183.9,egygoo
KEN_027_20220130_042332.flac,3185.3,3185.3,eaywag1
KEN_027_20220130_042332.flac,3189.0,3189.0,egygoo
KEN_027_20220130_042332.flac,3197.4,3197.4,blaplo1
KEN_027_20220130_042332.flac,3205.0,3205.0,eaywag1
KEN_027_20220130_042332.flac,3214.8,3214.8,egygoo
KEN_027_20220130_042332.flac,3221.0,3221.0,egygoo
KEN_027_20220130_042332.flac,3225.0,3225.0,egygoo
KEN_027_20220130_042332.flac,3236.3,3236.3,egygoo
KEN_027_20220130_042332.flac,3243.5,3243.5,egygoo
KEN_027_20220130_042332.flac,3257.3,3257.3,egygoo
KEN_027_20220130_042332.flac,3262.9,3262.9,egygoo
KEN_027_20220130_042332.flac,3268.3,3268.3,egygoo
KEN_027_20220130_042332.flac,3279.6,3279.6,egygoo
KEN_027_20220130_042332.flac,3287.0,3287.0,egygoo
KEN_027_20220130_042332.flac,3295.0,3295.0,lotlap1
KEN_027_20220130_042332.flac,3296.5,3296.5,egygoo
KEN_027_20220130_042332.flac,3306.2,3306.2,egygoo
KEN_027_20220130_042332.flac,3315.7,3315.7,egygoo
KEN_027_20220130_042332.flac,3339.6,3339.6,egygoo
KEN_027_20220130_042332.flac,3351.5,3351.5,egygoo
KEN_027_20220130_042332.flac,3357.2,3357.2,egygoo
KEN_027_20220130_042332.flac,3358.5,3358.5,lotlap1
KEN_027_20220130_042332.flac,3365.6,3365.6,egygoo
KEN_027_20220130_042332.flac,3375.3,3375.3,egygoo
KEN_027_20220130_042332.flac,3393.5,3393.5,egygoo
KEN_027_20220130_042332.flac,3399.8,3399.8,egygoo
KEN_027_20220130_042332.flac,3434.7,3434.7,egygoo
KEN_027_20220130_042332.flac,3444.5,3444.5,egygoo
KEN_027_20220130_042332.flac,3450.0,3450.0,egygoo
KEN_027_20220130_042332.flac,3459.0,3459.0,egygoo
KEN_027_20220130_042332.flac,3470.3,3470.3,egygoo
KEN_027_20220130_042332.flac,3477.2,3477.2,egygoo
KEN_027_20220130_042332.flac,3485.7,3485.7,egygoo
KEN_027_20220130_042332.flac,3493.2,3493.2,egygoo
KEN_027_20220130_042332.flac,3502.2,3502.2,egygoo
KEN_027_20220130_042332.flac,3509.3,3509.3,egygoo
KEN_027_20220130_042332.flac,3514.8,3514.8,egygoo
KEN_027_20220130_042332.flac,3518.9,3518.9,egygoo
KEN_027_20220130_042332.flac,3527.9,3527.9,egygoo
KEN_027_20220130_042332.flac,3534.4,3534.4,egygoo
KEN_027_20220130_042332.flac,3538.2,3538.2,egygoo
KEN_027_20220130_042332.flac,3544.8,3544.8,egygoo
KEN_027_20220130_042332.flac,3549.6,3549.6,egygoo
KEN_027_20220130_042332.flac,3551.1,3551.1,hadibi1
KEN_027_20220130_042332.flac,3553.9,3553.9,hadibi1
KEN_027_20220130_042332.flac,3560.5,3560.5,lotlap1
KEN_027_20220130_042332.flac,3563.7,3563.7,egygoo
KEN_027_20220130_042332.flac,3565.3,3565.3,lotlap1
KEN_027_20220130_042332.flac,3575.5,3575.5,lotlap1
KEN_027_20220130_042332.flac,3582.4,3582.4,lotlap1
KEN_027_20220130_042332.flac,3592.1,3592.1,egygoo
KEN_027_20220130_042332.flac,3596.9,3596.9,lotlap1
KEN_027_20220130_042332.flac,3599.5,3599.5,egygoo
KEN_028_20220130_062332.flac,27.9,27.9,egygoo
KEN_028_20220130_062332.flac,46.4,46.4,egygoo
KEN_028_20220130_062332.flac,55.0,55.0,egygoo
KEN_028_20220130_062332.flac,72.8,72.8,egygoo
KEN_028_20220130_062332.flac,81.2,81.2,egygoo
KEN_028_20220130_062332.flac,90.8,90.8,egygoo
KEN_028_20220130_062332.flac,115.8,115.8,egygoo
KEN_028_20220130_062332.flac,122.4,122.4,egygoo
KEN_028_20220130_062332.flac,129.7,129.7,egygoo
KEN_028_20220130_062332.flac,142.4,142.4,egygoo
KEN_028_20220130_062332.flac,186.3,186.3,egygoo
KEN_028_20220130_062332.flac,196.2,196.2,egygoo
KEN_028_20220130_062332.flac,200.0,200.0,egygoo
KEN_028_20220130_062332.flac,205.7,205.7,egygoo
KEN_028_20220130_062332.flac,215.6,215.6,egygoo
KEN_028_20220130_062332.flac,222.3,222.3,egygoo
KEN_028_20220130_062332.flac,223.6,223.6,quailf1
KEN_028_20220130_062332.flac,227.1,227.1,grccra1
KEN_028_20220130_062332.flac,230.4,230.4,grccra1
KEN_028_20220130_062332.flac,236.3,236.3,quailf1
KEN_028_20220130_062332.flac,241.6,241.6,egygoo
KEN_028_20220130_062332.flac,244.1,244.1,quailf1
KEN_028_20220130_062332.flac,247.8,247.8,quailf1
KEN_028_20220130_062332.flac,256.6,256.6,eaywag1
KEN_028_20220130_062332.flac,263.6,263.6,blaplo1
KEN_028_20220130_062332.flac,268.3,268.3,quailf1
KEN_028_20220130_062332.flac,275.3,275.3,quailf1
KEN_028_20220130_062332.flac,347.8,347.8,afrjac1
KEN_028_20220130_062332.flac,375.4,375.4,eaywag1
KEN_028_20220130_062332.flac,394.9,394.9,afrjac1
KEN_028_20220130_062332.flac,412.0,412.0,egygoo
KEN_028_20220130_062332.flac,415.5,415.5,blaplo1
KEN_028_20220130_062332.flac,421.0,421.0,eaywag1
KEN_028_20220130_062332.flac,432.9,432.9,blaplo1
KEN_028_20220130_062332.flac,439.3,439.3,eaywag1
KEN_028_20220130_062332.flac,445.3,445.3,egygoo
KEN_028_20220130_062332.flac,450.5,450.5,eaywag1
KEN_028_20220130_062332.flac,454.2,454.2,egygoo
KEN_028_20220130_062332.flac,463.3,463.3,egygoo
KEN_028_20220130_062332.flac,503.9,503.9,eaywag1
KEN_028_20220130_062332.flac,511.4,511.4,eaywag1
KEN_028_20220130_062332.flac,523.7,523.7,egygoo
KEN_028_20220130_062332.flac,526.3,526.3,egygoo
KEN_028_20220130_062332.flac,530.4,530.4,egygoo
KEN_028_20220130_062332.flac,532.3,532.3,egygoo
KEN_028_20220130_062332.flac,566.8,566.8,blaplo1
KEN_028_20220130_062332.flac,605.9,605.9,eaywag1
KEN_028_20220130_062332.flac,672.3,672.3,egygoo
KEN_028_20220130_062332.flac,676.6,676.6,blaplo1
KEN_028_20220130_062332.flac,680.4,680.4,egygoo
KEN_028_20220130_062332.flac,684.8,684.8,egygoo
KEN_028_20220130_062332.flac,697.8,697.8,blaplo1
KEN_028_20220130_062332.flac,700.1,700.1,egygoo
KEN_028_20220130_062332.flac,702.8,702.8,eaywag1
KEN_028_20220130_062332.flac,761.5,761.5,blaplo1
KEN_028_20220130_062332.flac,764.8,764.8,egygoo
KEN_028_20220130_062332.flac,776.7,776.7,egygoo
KEN_028_20220130_062332.flac,784.1,784.1,eaywag1
KEN_028_20220130_062332.flac,786.8,786.8,egygoo
KEN_028_20220130_062332.flac,796.7,796.7,blaplo1
KEN_028_20220130_062332.flac,799.4,799.4,egygoo
KEN_028_20220130_062332.flac,802.8,802.8,blaplo1
KEN_028_20220130_062332.flac,804.0,804.0,egygoo
KEN_028_20220130_062332.flac,808.8,808.8,egygoo
KEN_028_20220130_062332.flac,814.6,814.6,egygoo
KEN_028_20220130_062332.flac,818.1,818.1,egygoo
KEN_028_20220130_062332.flac,833.6,833.6,grccra1
KEN_028_20220130_062332.flac,837.8,837.8,egygoo
KEN_028_20220130_062332.flac,844.8,844.8,egygoo
KEN_028_20220130_062332.flac,850.6,850.6,egygoo
KEN_028_20220130_062332.flac,853.2,853.2,egygoo
KEN_028_20220130_062332.flac,856.7,856.7,blaplo1
KEN_028_20220130_062332.flac,892.8,892.8,egygoo
KEN_028_20220130_062332.flac,917.3,917.3,egygoo
KEN_028_20220130_062332.flac,934.6,934.6,hadibi1
KEN_028_20220130_062332.flac,959.2,959.2,eaywag1
KEN_028_20220130_062332.flac,970.4,970.4,eaywag1
KEN_028_20220130_062332.flac,975.6,975.6,egygoo
KEN_028_20220130_062332.flac,993.9,993.9,egygoo
KEN_028_20220130_062332.flac,1000.2,1000.2,egygoo
KEN_028_20220130_062332.flac,1002.4,1002.4,egygoo
KEN_028_20220130_062332.flac,1005.9,1005.9,egygoo
KEN_028_20220130_062332.flac,1007.6,1007.6,egygoo
KEN_028_20220130_062332.flac,1018.0,1018.0,hadibi1
KEN_028_20220130_062332.flac,1021.9,1021.9,egygoo
KEN_028_20220130_062332.flac,1028.8,1028.8,egygoo
KEN_028_20220130_062332.flac,1037.2,1037.2,egygoo
KEN_028_20220130_062332.flac,1042.1,1042.1,hadibi1
KEN_028_20220130_062332.flac,1073.8,1073.8,egygoo
KEN_028_20220130_062332.flac,1081.0,1081.0,egygoo
KEN_028_20220130_062332.flac,1091.6,1091.6,egygoo
KEN_028_20220130_062332.flac,1100.0,1100.0,hadibi1
KEN_028_20220130_062332.flac,1101.6,1101.6,egygoo
KEN_028_20220130_062332.flac,1109.1,1109.1,lotlap1
KEN_028_20220130_062332.flac,1112.4,1112.4,eaywag1
KEN_028_20220130_062332.flac,1115.0,1115.0,egygoo
KEN_028_20220130_062332.flac,1121.4,1121.4,hadibi1
KEN_028_20220130_062332.flac,1127.2,1127.2,egygoo
KEN_028_20220130_062332.flac,1139.2,1139.2,egygoo
KEN_028_20220130_062332.flac,1142.8,1142.8,egygoo
KEN_028_20220130_062332.flac,1146.2,1146.2,hadibi1
KEN_028_20220130_062332.flac,1149.0,1149.0,lotlap1
KEN_028_20220130_062332.flac,1158.3,1158.3,lotlap1
KEN_028_20220130_062332.flac,1160.0,1160.0,egygoo
KEN_028_20220130_062332.flac,1163.6,1163.6,eaywag1
KEN_028_20220130_062332.flac,1164.9,1164.9,lotlap1
KEN_028_20220130_062332.flac,1177.6,1177.6,egygoo
KEN_028_20220130_062332.flac,1186.4,1186.4,egygoo
KEN_028_20220130_062332.flac,1188.8,1188.8,hadibi1
KEN_028_20220130_062332.flac,1197.7,1197.7,egygoo
KEN_029_20220130_082832.flac,36.0,36.0,egygoo
KEN_029_20220130_082832.flac,62.9,62.9,egygoo
KEN_029_20220130_082832.flac,102.5,102.5,egygoo
KEN_029_20220130_082832.flac,127.0,127.0,egygoo
KEN_029_20220130_082832.flac,139.1,139.1,egygoo
KEN_029_20220130_082832.flac,149.7,149.7,egygoo
KEN_029_20220130_082832.flac,199.2,199.2,egygoo
KEN_029_20220130_082832.flac,219.3,219.3,egygoo
KEN_029_20220130_082832.flac,231.9,231.9,egygoo
KEN_029_20220130_082832.flac,256.6,256.6,egygoo
KEN_029_20220130_082832.flac,267.0,267.0,egygoo
KEN_029_20220130_082832.flac,304.7,304.7,egygoo
KEN_029_20220130_082832.flac,341.4,341.4,egygoo
KEN_029_20220130_082832.flac,349.8,349.8,egygoo
KEN_029_20220130_082832.flac,358.1,358.1,egygoo
KEN_029_20220130_082832.flac,370.5,370.5,egygoo
KEN_029_20220130_082832.flac,380.9,380.9,egygoo
KEN_029_20220130_082832.flac,396.4,396.4,blaplo1
KEN_029_20220130_082832.flac,410.8,410.8,egygoo
KEN_029_20220130_082832.flac,436.3,436.3,egygoo
KEN_029_20220130_082832.flac,453.0,453.0,egygoo
KEN_029_20220130_082832.flac,462.2,462.2,egygoo
KEN_029_20220130_082832.flac,480.5,480.5,egygoo
KEN_029_20220130_082832.flac,508.2,508.2,egygoo
KEN_029_20220130_082832.flac,563.4,563.4,egygoo
KEN_029_20220130_082832.flac,589.2,589.2,egygoo
KEN_029_20220130_082832.flac,591.3,591.3,hadibi1
KEN_029_20220130_082832.flac,597.0,597.0,hadibi1
KEN_029_20220130_082832.flac,603.4,603.4,hadibi1
KEN_029_20220130_082832.flac,605.8,605.8,afrpip1
KEN_029_20220130_082832.flac,626.2,626.2,egygoo
KEN_029_20220130_082832.flac,634.1,634.1,egygoo
KEN_029_20220130_082832.flac,645.9,645.9,lotlap1
KEN_029_20220130_082832.flac,667.7,667.7,hadibi1
KEN_029_20220130_082832.flac,707.0,707.0,egygoo
KEN_029_20220130_082832.flac,747.2,747.2,hadibi1
KEN_029_20220130_082832.flac,771.3,771.3,hadibi1
KEN_029_20220130_082832.flac,780.0,780.0,hadibi1
KEN_029_20220130_082832.flac,819.2,819.2,hadibi1
KEN_029_20220130_082832.flac,831.4,831.4,hadibi1
KEN_029_20220130_082832.flac,861.6,861.6,egygoo
KEN_029_20220130_082832.flac,909.2,909.2,egygoo
KEN_029_20220130_082832.flac,914.4,914.4,egygoo
KEN_029_20220130_082832.flac,923.2,923.2,egygoo
KEN_029_20220130_082832.flac,963.4,963.4,lotlap1
KEN_029_20220130_082832.flac,969.5,969.5,egygoo
KEN_029_20220130_082832.flac,989.7,989.7,lotlap1
KEN_029_20220130_082832.flac,1023.1,1023.1,hadibi1
KEN_029_20220130_082832.flac,1037.9,1037.9,egygoo
KEN_029_20220130_082832.flac,1050.2,1050.2,egygoo
KEN_029_20220130_082832.flac,1055.0,1055.0,egygoo
KEN_029_20220130_082832.flac,1057.2,1057.2,hadibi1
KEN_029_20220130_082832.flac,1064.0,1064.0,hadibi1
KEN_029_20220130_082832.flac,1078.6,1078.6,egygoo
KEN_029_20220130_082832.flac,1103.2,1103.2,egygoo
KEN_029_20220130_082832.flac,1111.1,1111.1,lotlap1
KEN_029_20220130_082832.flac,1122.7,1122.7,egygoo
KEN_029_20220130_082832.flac,1143.5,1143.5,blaplo1
KEN_029_20220130_082832.flac,1182.1,1182.1,blaplo1
KEN_029_20220130_082832.flac,1206.0,1206.0,blaplo1
KEN_029_20220130_082832.flac,1216.9,1216.9,blaplo1
KEN_029_20220130_082832.flac,1225.7,1225.7,egygoo
KEN_029_20220130_082832.flac,1256.1,1256.1,egygoo
KEN_029_20220130_082832.flac,1264.7,1264.7,blaplo1
KEN_029_20220130_082832.flac,1332.2,1332.2,egygoo
KEN_029_20220130_082832.flac,1337.9,1337.9,egygoo
KEN_029_20220130_082832.flac,1368.3,1368.3,gargan
KEN_029_20220130_082832.flac,1377.2,1377.2,gargan
KEN_029_20220130_082832.flac,1381.8,1381.8,egygoo
KEN_029_20220130_082832.flac,1386.5,1386.5,gargan
KEN_029_20220130_082832.flac,1395.6,1395.6,egygoo
KEN_029_20220130_082832.flac,1448.2,1448.2,egygoo
KEN_029_20220130_082832.flac,1469.6,1469.6,egygoo
KEN_029_20220130_082832.flac,1552.4,1552.4,egygoo
KEN_029_20220130_082832.flac,1567.0,1567.0,egygoo
KEN_029_20220130_082832.flac,1579.0,1579.0,egygoo
KEN_029_20220130_082832.flac,1595.3,1595.3,egygoo
KEN_029_20220130_082832.flac,1605.9,1605.9,egygoo
KEN_029_20220130_082832.flac,1607.7,1607.7,blaplo1
KEN_029_20220130_082832.flac,1626.7,1626.7,egygoo
KEN_029_20220130_082832.flac,1629.9,1629.9,gargan
KEN_029_20220130_082832.flac,1686.0,1686.0,hadibi1
KEN_029_20220130_082832.flac,1706.1,1706.1,hadibi1
KEN_029_20220130_082832.flac,1715.6,1715.6,egygoo
KEN_029_20220130_082832.flac,1724.6,1724.6,hadibi1
KEN_029_20220130_082832.flac,1745.2,1745.2,hadibi1
KEN_029_20220130_082832.flac,1767.6,1767.6,egygoo
KEN_029_20220130_082832.flac,1769.3,1769.3,hadibi1
KEN_029_20220130_082832.flac,1782.6,1782.6,egygoo
KEN_029_20220130_082832.flac,1793.6,1793.6,egygoo
KEN_029_20220130_082832.flac,1842.2,1842.2,egygoo
KEN_029_20220130_082832.flac,1864.6,1864.6,egygoo
KEN_029_20220130_082832.flac,1869.5,1869.5,egygoo
KEN_029_20220130_082832.flac,1890.5,1890.5,lotlap1
KEN_029_20220130_082832.flac,1920.5,1920.5,lotlap1
KEN_029_20220130_082832.flac,1928.4,1928.4,gargan
KEN_029_20220130_082832.flac,1931.8,1931.8,lotlap1
KEN_029_20220130_082832.flac,1957.2,1957.2,gargan
KEN_029_20220130_082832.flac,1971.3,1971.3,gargan
KEN_029_20220130_082832.flac,1990.2,1990.2,gargan
KEN_029_20220130_082832.flac,2007.8,2007.8,gargan
KEN_029_20220130_082832.flac,2120.2,2120.2,gargan
KEN_029_20220130_082832.flac,2312.5,2312.5,blaplo1
KEN_029_20220130_082832.flac,2370.9,2370.9,egygoo
KEN_029_20220130_082832.flac,2587.5,2587.5,gargan
KEN_029_20220130_082832.flac,2596.9,2596.9,gargan
KEN_029_20220130_082832.flac,2614.3,2614.3,gargan
KEN_029_20220130_082832.flac,2964.2,2964.2,egygoo
KEN_029_20220130_082832.flac,3000.5,3000.5,rindov
KEN_029_20220130_082832.flac,3005.8,3005.8,rindov
KEN_029_20220130_082832.flac,3023.1,3023.1,egygoo
KEN_029_20220130_082832.flac,3046.7,3046.7,egygoo
KEN_029_20220130_082832.flac,3077.0,3077.0,quailf1
KEN_029_20220130_082832.flac,3106.4,3106.4,gargan
KEN_029_20220130_082832.flac,3113.1,3113.1,blaplo1
KEN_029_20220130_082832.flac,3120.4,3120.4,blaplo1
KEN_029_20220130_082832.flac,3195.8,3195.8,quailf1
KEN_029_20220130_082832.flac,3204.9,3204.9,quailf1
KEN_029_20220130_082832.flac,3222.6,3222.6,quailf1
KEN_029_20220130_082832.flac,3229.5,3229.5,rindov
KEN_029_20220130_082832.flac,3372.3,3372.3,egygoo
KEN_029_20220130_082832.flac,3387.7,3387.7,grccra1
KEN_029_20220130_082832.flac,3444.1,3444.1,blaplo1
KEN_029_20220130_082832.flac,3565.6,3565.6,rindov
KEN_029_20220130_082832.flac,3568.7,3568.7,egygoo
KEN_030_20220203_030448.flac,15.8,15.8,sltnig1
KEN_030_20220203_030448.flac,217.6,217.6,wbswea1
KEN_030_20220203_030448.flac,482.6,482.6,fotdro5
KEN_030_20220203_030448.flac,483.8,483.8,wbrcha2
KEN_030_20220203_030448.flac,495.4,495.4,wbrcha2
KEN_030_20220203_030448.flac,498.3,498.3,fotdro5
KEN_030_20220203_030448.flac,503.4,503.4,wbrcha2
KEN_030_20220203_030448.flac,513.4,513.4,wbrcha2
KEN_030_20220203_030448.flac,525.8,525.8,wbrcha2
KEN_030_20220203_030448.flac,533.0,533.0,wbrcha2
KEN_030_20220203_030448.flac,540.2,540.2,wbrcha2
KEN_030_20220203_030448.flac,547.1,547.1,wbrcha2
KEN_030_20220203_030448.flac,555.5,555.5,wbrcha2
KEN_030_20220203_030448.flac,564.7,564.7,wbrcha2
KEN_030_20220203_030448.flac,578.8,578.8,wbrcha2
KEN_030_20220203_030448.flac,590.0,590.0,wbrcha2
KEN_030_20220203_030448.flac,604.3,604.3,wbrcha2
KEN_030_20220203_030448.flac,617.5,617.5,wbrcha2
KEN_030_20220203_030448.flac,625.7,625.7,wbrcha2
KEN_030_20220203_030448.flac,633.7,633.7,wbrcha2
KEN_030_20220203_030448.flac,643.0,643.0,wbrcha2
KEN_030_20220203_030448.flac,658.6,658.6,wbrcha2
KEN_030_20220203_030448.flac,668.6,668.6,wbrcha2
KEN_030_20220203_030448.flac,676.2,676.2,wbrcha2
KEN_030_20220203_030448.flac,687.2,687.2,wbrcha2
KEN_030_20220203_030448.flac,704.2,704.2,wbrcha2
KEN_030_20220203_030448.flac,718.4,718.4,wbrcha2
KEN_030_20220203_030448.flac,732.1,732.1,wbrcha2
KEN_030_20220203_030448.flac,738.4,738.4,wbrcha2
KEN_030_20220203_030448.flac,746.4,746.4,wbrcha2
KEN_030_20220203_030448.flac,753.3,753.3,wbswea1
KEN_030_20220203_030448.flac,756.0,756.0,wbswea1
KEN_030_20220203_030448.flac,760.8,760.8,wbswea1
KEN_030_20220203_030448.flac,770.6,770.6,wbswea1
KEN_030_20220203_030448.flac,779.1,779.1,wbswea1
KEN_030_20220203_030448.flac,786.1,786.1,wbswea1
KEN_030_20220203_030448.flac,795.1,795.1,wbswea1
KEN_030_20220203_030448.flac,799.8,799.8,wbrcha2
KEN_030_20220203_030448.flac,805.8,805.8,wbswea1
KEN_030_20220203_030448.flac,814.2,814.2,wbswea1
KEN_030_20220203_030448.flac,814.2,814.2,wbrcha2
KEN_030_20220203_030448.flac,814.2,814.2,wbswea1
KEN_030_20220203_030448.flac,824.4,824.4,wbrcha2
KEN_030_20220203_030448.flac,834.5,834.5,wbswea1
KEN_030_20220203_030448.flac,844.6,844.6,wbrcha2
KEN_030_20220203_030448.flac,853.4,853.4,wbswea1
KEN_030_20220203_030448.flac,857.9,857.9,wbrcha2
KEN_030_20220203_030448.flac,863.0,863.0,wbswea1
KEN_030_20220203_030448.flac,864.9,864.9,wbrcha2
KEN_030_20220203_030448.flac,877.0,877.0,wbswea1
KEN_030_20220203_030448.flac,885.8,885.8,wbswea1
KEN_030_20220203_030448.flac,895.2,895.2,wbswea1
KEN_030_20220203_030448.flac,903.9,903.9,wbrcha2
KEN_030_20220203_030448.flac,913.5,913.5,wbrcha2
KEN_030_20220203_030448.flac,917.9,917.9,wbswea1
KEN_030_20220203_030448.flac,927.2,927.2,wbrcha2
KEN_030_20220203_030448.flac,933.3,933.3,wbrcha2
KEN_030_20220203_030448.flac,954.0,954.0,wbrcha2
KEN_030_20220203_030448.flac,976.2,976.2,wbrcha2
KEN_030_20220203_030448.flac,986.1,986.1,wbrcha2
KEN_030_20220203_030448.flac,999.5,999.5,wbrcha2
KEN_030_20220203_030448.flac,1017.9,1017.9,wbswea1
KEN_030_20220203_030448.flac,1018.4,1018.4,wbrcha2
KEN_030_20220203_030448.flac,1022.1,1022.1,wbrcha2
KEN_030_20220203_030448.flac,1030.2,1030.2,wbswea1
KEN_030_20220203_030448.flac,1041.4,1041.4,wbrcha2
KEN_030_20220203_030448.flac,1054.2,1054.2,wbrcha2
KEN_030_20220203_030448.flac,1060.9,1060.9,wbswea1
KEN_030_20220203_030448.flac,1068.6,1068.6,wbswea1
KEN_030_20220203_030448.flac,1071.4,1071.4,wbrcha2
KEN_030_20220203_030448.flac,1092.0,1092.0,wbrcha2
KEN_030_20220203_030448.flac,1097.5,1097.5,wbrcha2
KEN_030_20220203_030448.flac,1102.3,1102.3,wbrcha2
KEN_030_20220203_030448.flac,1106.8,1106.8,wbswea1
KEN_030_20220203_030448.flac,1113.4,1113.4,wbswea1
KEN_030_20220203_030448.flac,1123.3,1123.3,amesun2
KEN_030_20220203_030448.flac,1126.1,1126.1,wbrcha2
KEN_030_20220203_030448.flac,1132.5,1132.5,amesun2
KEN_030_20220203_030448.flac,1135.7,1135.7,wbrcha2
KEN_030_20220203_030448.flac,1145.2,1145.2,wbrcha2
KEN_030_20220203_030448.flac,1148.3,1148.3,amesun2
KEN_030_20220203_030448.flac,1152.7,1152.7,wbrcha2
KEN_030_20220203_030448.flac,1165.6,1165.6,wbrcha2
KEN_030_20220203_030448.flac,1178.9,1178.9,amesun2
KEN_030_20220203_030448.flac,1191.2,1191.2,wbrcha2
KEN_030_20220203_030448.flac,1196.3,1196.3,amesun2
KEN_030_20220203_030448.flac,1197.4,1197.4,wbswea1
KEN_030_20220203_030448.flac,1202.6,1202.6,amesun2
KEN_030_20220203_030448.flac,1209.6,1209.6,amesun2
KEN_030_20220203_030448.flac,1218.3,1218.3,wbrcha2
KEN_030_20220203_030448.flac,1221.8,1221.8,amesun2
KEN_030_20220203_030448.flac,1229.5,1229.5,wbrcha2
KEN_030_20220203_030448.flac,1232.1,1232.1,amesun2
KEN_030_20220203_030448.flac,1247.3,1247.3,amesun2
KEN_030_20220203_030448.flac,1250.7,1250.7,wbswea1
KEN_030_20220203_030448.flac,1263.9,1263.9,amesun2
KEN_030_20220203_030448.flac,1269.8,1269.8,wbswea1
KEN_030_20220203_030448.flac,1274.7,1274.7,amesun2
KEN_030_20220203_030448.flac,1287.8,1287.8,wbswea1
KEN_030_20220203_030448.flac,1291.5,1291.5,amesun2
KEN_030_20220203_030448.flac,1294.9,1294.9,wbrcha2
KEN_030_20220203_030448.flac,1302.8,1302.8,wbswea1
KEN_030_20220203_030448.flac,1307.6,1307.6,amesun2
KEN_030_20220203_030448.flac,1313.0,1313.0,amesun2
KEN_030_20220203_030448.flac,1318.7,1318.7,wbrcha2
KEN_030_20220203_030448.flac,1329.5,1329.5,wbswea1
KEN_030_20220203_030448.flac,1332.7,1332.7,amesun2
KEN_030_20220203_030448.flac,1336.0,1336.0,wbswea1
KEN_030_20220203_030448.flac,1350.1,1350.1,amesun2
KEN_030_20220203_030448.flac,1360.8,1360.8,amesun2
KEN_030_20220203_030448.flac,1363.3,1363.3,wbrcha2
KEN_030_20220203_030448.flac,1379.4,1379.4,amesun2
KEN_030_20220203_030448.flac,1383.1,1383.1,wbrcha2
KEN_030_20220203_030448.flac,1409.1,1409.1,amesun2
KEN_030_20220203_030448.flac,1459.2,1459.2,amesun2
KEN_030_20220203_030448.flac,1474.8,1474.8,wbswea1
KEN_030_20220203_030448.flac,1477.5,1477.5,amesun2
KEN_030_20220203_030448.flac,1484.2,1484.2,amesun2
KEN_030_20220203_030448.flac,1496.9,1496.9,amesun2
KEN_030_20220203_030448.flac,1502.6,1502.6,amesun2
KEN_030_20220203_030448.flac,1531.7,1531.7,amesun2
KEN_030_20220203_030448.flac,1547.9,1547.9,amesun2
KEN_030_20220203_030448.flac,1578.6,1578.6,wbswea1
KEN_030_20220203_030448.flac,1589.1,1589.1,wbrcha2
KEN_030_20220203_030448.flac,1609.7,1609.7,wbswea1
KEN_030_20220203_030448.flac,1633.2,1633.2,gnbcam2
KEN_030_20220203_030448.flac,1636.9,1636.9,amesun2
KEN_030_20220203_030448.flac,1639.3,1639.3,combul2
KEN_030_20220203_030448.flac,1646.0,1646.0,wbrcha2
KEN_030_20220203_030448.flac,1650.7,1650.7,gnbcam2
KEN_030_20220203_030448.flac,1653.9,1653.9,amesun2
KEN_030_20220203_030448.flac,1666.7,1666.7,wbswea1
KEN_030_20220203_030448.flac,1671.8,1671.8,amesun2
KEN_030_20220203_030448.flac,1687.5,1687.5,slcbou1
KEN_030_20220203_030448.flac,1689.5,1689.5,amesun2
KEN_030_20220203_030448.flac,1703.9,1703.9,slcbou1
KEN_030_20220203_030448.flac,1709.5,1709.5,amesun2
KEN_030_20220203_030448.flac,1716.0,1716.0,wbswea1
KEN_030_20220203_030448.flac,1718.2,1718.2,gnbcam2
KEN_030_20220203_030448.flac,1721.8,1721.8,gnbcam2
KEN_030_20220203_030448.flac,1722.8,1722.8,wbgbir1
KEN_030_20220203_030448.flac,1726.5,1726.5,slcbou1
KEN_030_20220203_030448.flac,1735.7,1735.7,wbswea1
KEN_030_20220203_030448.flac,1740.7,1740.7,gnbcam2
KEN_030_20220203_030448.flac,1744.5,1744.5,wbswea1
KEN_030_20220203_030448.flac,1747.5,1747.5,gnbcam2
KEN_030_20220203_030448.flac,1754.6,1754.6,gnbcam2
KEN_030_20220203_030448.flac,1757.3,1757.3,wbswea1
KEN_030_20220203_030448.flac,1763.8,1763.8,wbgbir1
KEN_030_20220203_030448.flac,1764.0,1764.0,wbswea1
KEN_030_20220203_030448.flac,1782.0,1782.0,amesun2
KEN_030_20220203_030448.flac,1804.1,1804.1,amesun2
KEN_030_20220203_030448.flac,1817.2,1817.2,amesun2
KEN_030_20220203_030448.flac,1833.0,1833.0,amesun2
KEN_030_20220203_030448.flac,1857.5,1857.5,amesun2
KEN_030_20220203_030448.flac,1871.1,1871.1,amesun2
KEN_030_20220203_030448.flac,1880.3,1880.3,wbswea1
KEN_030_20220203_030448.flac,1896.8,1896.8,amesun2
KEN_030_20220203_030448.flac,1921.8,1921.8,wbrcha2
KEN_030_20220203_030448.flac,1925.1,1925.1,amesun2
KEN_030_20220203_030448.flac,1941.7,1941.7,amesun2
KEN_030_20220203_030448.flac,1999.1,1999.1,amesun2
KEN_030_20220203_030448.flac,2000.7,2000.7,wbrcha2
KEN_030_20220203_030448.flac,2014.3,2014.3,wbrcha2
KEN_030_20220203_030448.flac,2023.9,2023.9,combul2
KEN_030_20220203_030448.flac,2033.2,2033.2,amesun2
KEN_030_20220203_030448.flac,2035.2,2035.2,combul2
KEN_030_20220203_030448.flac,2036.3,2036.3,wbrcha2
KEN_030_20220203_030448.flac,2043.3,2043.3,combul2
KEN_030_20220203_030448.flac,2044.7,2044.7,amesun2
KEN_030_20220203_030448.flac,2050.4,2050.4,combul2
KEN_030_20220203_030448.flac,2053.6,2053.6,wbrcha2
KEN_030_20220203_030448.flac,2097.2,2097.2,wbrcha2
KEN_030_20220203_030448.flac,2102.9,2102.9,amesun2
KEN_030_20220203_030448.flac,2121.6,2121.6,gnbcam2
KEN_030_20220203_030448.flac,2128.1,2128.1,gnbcam2
KEN_030_20220203_030448.flac,2130.6,2130.6,varsun2
KEN_030_20220203_030448.flac,2134.8,2134.8,varsun2
KEN_030_20220203_030448.flac,2164.4,2164.4,gnbcam2
KEN_030_20220203_030448.flac,2167.9,2167.9,combul2
KEN_030_20220203_030448.flac,2177.3,2177.3,gnbcam2
KEN_030_20220203_030448.flac,2177.9,2177.9,wbgbir1
KEN_030_20220203_030448.flac,2179.6,2179.6,combul2
KEN_030_20220203_030448.flac,2192.3,2192.3,wbrcha2
KEN_030_20220203_030448.flac,2194.8,2194.8,gnbcam2
KEN_030_20220203_030448.flac,2196.5,2196.5,combul2
KEN_030_20220203_030448.flac,2213.1,2213.1,gnbcam2
KEN_030_20220203_030448.flac,2272.0,2272.0,wbrcha2
KEN_030_20220203_030448.flac,2281.9,2281.9,gnbcam2
KEN_030_20220203_030448.flac,2290.9,2290.9,afpfly1
KEN_030_20220203_030448.flac,2297.1,2297.1,wbswea1
KEN_030_20220203_030448.flac,2304.7,2304.7,wbrcha2
KEN_030_20220203_030448.flac,2313.7,2313.7,combul2
KEN_030_20220203_030448.flac,2316.1,2316.1,wbswea1
KEN_030_20220203_030448.flac,2322.0,2322.0,combul2
KEN_030_20220203_030448.flac,2337.6,2337.6,wbgbir1
KEN_030_20220203_030448.flac,2339.6,2339.6,wbrcha2
KEN_030_20220203_030448.flac,2357.1,2357.1,wbrcha2
KEN_030_20220203_030448.flac,2363.2,2363.2,gyhbus1
KEN_030_20220203_030448.flac,2364.2,2364.2,sccsun2
KEN_030_20220203_030448.flac,2365.5,2365.5,wbrcha2
KEN_030_20220203_030448.flac,2368.0,2368.0,gyhbus1
KEN_030_20220203_030448.flac,2371.8,2371.8,sccsun2
KEN_030_20220203_030448.flac,2377.2,2377.2,sccsun2
KEN_030_20220203_030448.flac,2404.2,2404.2,sccsun2
KEN_030_20220203_030448.flac,2413.2,2413.2,wbrcha2
KEN_030_20220203_030448.flac,2423.1,2423.1,amesun2
KEN_030_20220203_030448.flac,2464.7,2464.7,wbrcha2
KEN_030_20220203_030448.flac,2490.2,2490.2,wbrcha2
KEN_030_20220203_030448.flac,2499.0,2499.0,amesun2
KEN_030_20220203_030448.flac,2520.3,2520.3,varsun2
KEN_030_20220203_030448.flac,2530.6,2530.6,varsun2
KEN_030_20220203_030448.flac,2536.1,2536.1,varsun2
KEN_030_20220203_030448.flac,2540.1,2540.1,brobab1
KEN_030_20220203_030448.flac,2547.1,2547.1,varsun2
KEN_030_20220203_030448.flac,2575.5,2575.5,slcbou1
KEN_030_20220203_030448.flac,2610.6,2610.6,combul2
KEN_030_20220203_030448.flac,2621.6,2621.6,wbswea1
KEN_030_20220203_030448.flac,2642.5,2642.5,amesun2
KEN_030_20220203_030448.flac,2673.6,2673.6,slcbou1
KEN_030_20220203_030448.flac,2676.7,2676.7,combul2
KEN_030_20220203_030448.flac,2682.5,2682.5,combul2
KEN_030_20220203_030448.flac,2685.9,2685.9,slcbou1
KEN_030_20220203_030448.flac,2694.6,2694.6,combul2
KEN_030_20220203_030448.flac,2711.7,2711.7,combul2
KEN_030_20220203_030448.flac,2723.0,2723.0,amesun2
KEN_030_20220203_030448.flac,2735.9,2735.9,reccor
KEN_030_20220203_030448.flac,2737.8,2737.8,combul2
KEN_030_20220203_030448.flac,2745.9,2745.9,reccor
KEN_030_20220203_030448.flac,2750.3,2750.3,gnbcam2
KEN_030_20220203_030448.flac,2755.4,2755.4,reccor
KEN_030_20220203_030448.flac,2757.6,2757.6,combul2
KEN_030_20220203_030448.flac,2764.3,2764.3,slcbou1
KEN_030_20220203_030448.flac,2773.1,2773.1,reccor
KEN_030_20220203_030448.flac,2787.7,2787.7,combul2
KEN_030_20220203_030448.flac,2820.8,2820.8,reftin1
KEN_030_20220203_030448.flac,2831.3,2831.3,reftin1
KEN_030_20220203_030448.flac,2833.7,2833.7,combul2
KEN_030_20220203_030448.flac,2840.4,2840.4,combul2
KEN_030_20220203_030448.flac,2842.7,2842.7,reftin1
KEN_030_20220203_030448.flac,2851.9,2851.9,wbswea1
KEN_030_20220203_030448.flac,2892.4,2892.4,wbrcha2
KEN_030_20220203_030448.flac,2898.7,2898.7,wbrcha2
KEN_030_20220203_030448.flac,2908.5,2908.5,wbrcha2
KEN_030_20220203_030448.flac,2918.9,2918.9,wbrcha2
KEN_030_20220203_030448.flac,2925.3,2925.3,wbrcha2
KEN_030_20220203_030448.flac,2929.4,2929.4,wbswea1
KEN_030_20220203_030448.flac,2936.3,2936.3,wbrcha2
KEN_030_20220203_030448.flac,2947.4,2947.4,wbrcha2
KEN_030_20220203_030448.flac,2952.8,2952.8,slcbou1
KEN_030_20220203_030448.flac,2957.3,2957.3,slcbou1
KEN_030_20220203_030448.flac,2976.7,2976.7,gnbcam2
KEN_030_20220203_030448.flac,2986.9,2986.9,wbswea1
KEN_030_20220203_030448.flac,2991.0,2991.0,brican1
KEN_030_20220203_030448.flac,3006.2,3006.2,brican1
KEN_030_20220203_030448.flac,3043.4,3043.4,brican1
KEN_030_20220203_030448.flac,3080.5,3080.5,wbrcha2
KEN_030_20220203_030448.flac,3083.6,3083.6,varsun2
KEN_030_20220203_030448.flac,3099.3,3099.3,afrthr1
KEN_030_20220203_030448.flac,3107.1,3107.1,slcbou1
KEN_030_20220203_030448.flac,3111.8,3111.8,gnbcam2
KEN_030_20220203_030448.flac,3117.3,3117.3,slcbou1
KEN_030_20220203_030448.flac,3120.7,3120.7,combul2
KEN_030_20220203_030448.flac,3128.0,3128.0,gnbcam2
KEN_030_20220203_030448.flac,3128.3,3128.3,combul2
KEN_030_20220203_030448.flac,3134.2,3134.2,afrthr1
KEN_030_20220203_030448.flac,3137.6,3137.6,gnbcam2
KEN_030_20220203_030448.flac,3138.3,3138.3,combul2
KEN_030_20220203_030448.flac,3144.1,3144.1,afrthr1
KEN_030_20220203_030448.flac,3159.1,3159.1,gnbcam2
KEN_030_20220203_030448.flac,3164.0,3164.0,gnbcam2
KEN_030_20220203_030448.flac,3168.8,3168.8,combul2
KEN_030_20220203_030448.flac,3170.9,3170.9,combul2
KEN_030_20220203_030448.flac,3174.3,3174.3,gnbcam2
KEN_030_20220203_030448.flac,3180.3,3180.3,gnbcam2
KEN_030_20220203_030448.flac,3199.2,3199.2,brican1
KEN_030_20220203_030448.flac,3203.1,3203.1,wbrcha2
KEN_030_20220203_030448.flac,3211.8,3211.8,brican1
KEN_030_20220203_030448.flac,3238.4,3238.4,brican1
KEN_030_20220203_030448.flac,3272.3,3272.3,afrthr1
KEN_030_20220203_030448.flac,3277.7,3277.7,brctch1
KEN_030_20220203_030448.flac,3279.3,3279.3,amesun2
KEN_030_20220203_030448.flac,3291.9,3291.9,amesun2
KEN_030_20220203_030448.flac,3310.8,3310.8,amesun2
KEN_030_20220203_030448.flac,3316.8,3316.8,slcbou1
KEN_030_20220203_030448.flac,3328.2,3328.2,slcbou1
KEN_030_20220203_030448.flac,3333.0,3333.0,slcbou1
KEN_030_20220203_030448.flac,3340.0,3340.0,refbar2
KEN_030_20220203_030448.flac,3344.8,3344.8,brican1
KEN_030_20220203_030448.flac,3349.3,3349.3,combul2
KEN_030_20220203_030448.flac,3360.3,3360.3,afrthr1
KEN_030_20220203_030448.flac,3381.3,3381.3,wbswea1
KEN_030_20220203_030448.flac,3399.0,3399.0,wbswea1
KEN_030_20220203_030448.flac,3402.0,3402.0,afrthr1
KEN_030_20220203_030448.flac,3410.8,3410.8,refbar2
KEN_030_20220203_030448.flac,3415.1,3415.1,afrthr1
KEN_030_20220203_030448.flac,3423.8,3423.8,wbswea1
KEN_030_20220203_030448.flac,3425.1,3425.1,afrthr1
KEN_030_20220203_030448.flac,3428.2,3428.2,slcbou1
KEN_030_20220203_030448.flac,3434.2,3434.2,slcbou1
KEN_030_20220203_030448.flac,3439.4,3439.4,slcbou1
KEN_030_20220203_030448.flac,3446.5,3446.5,wbswea1
KEN_030_20220203_030448.flac,3483.0,3483.0,combul2
KEN_030_20220203_030448.flac,3531.9,3531.9,afrthr1
KEN_030_20220203_030448.flac,3534.6,3534.6,wbswea1
KEN_030_20220203_030448.flac,3542.3,3542.3,afrthr1
KEN_030_20220203_030448.flac,3543.2,3543.2,gobsta5
KEN_030_20220203_030448.flac,3550.8,3550.8,combul2
KEN_030_20220203_030448.flac,3556.5,3556.5,gobsta5
KEN_030_20220203_030448.flac,3558.5,3558.5,combul2
KEN_030_20220203_030448.flac,3563.5,3563.5,combul2
KEN_030_20220203_030448.flac,3585.4,3585.4,combul2
KEN_031_20220204_040326.flac,36.4,36.4,wbgbir1
KEN_031_20220204_040326.flac,38.3,38.3,refbar2
KEN_031_20220204_040326.flac,42.9,42.9,gnbcam2
KEN_031_20220204_040326.flac,45.2,45.2,abhori1
KEN_031_20220204_040326.flac,54.9,54.9,abhori1
KEN_031_20220204_040326.flac,58.5,58.5,abhori1
KEN_031_20220204_040326.flac,62.7,62.7,wbswea1
KEN_031_20220204_040326.flac,67.3,67.3,abhori1
KEN_031_20220204_040326.flac,71.3,71.3,wbswea1
KEN_031_20220204_040326.flac,74.2,74.2,refbar2
KEN_031_20220204_040326.flac,75.6,75.6,abhori1
KEN_031_20220204_040326.flac,87.8,87.8,brctch1
KEN_031_20220204_040326.flac,89.1,89.1,abhori1
KEN_031_20220204_040326.flac,95.7,95.7,abhori1
KEN_031_20220204_040326.flac,101.1,101.1,abhori1
KEN_031_20220204_040326.flac,108.4,108.4,abhori1
KEN_031_20220204_040326.flac,112.2,112.2,abhori1
KEN_031_20220204_040326.flac,141.1,141.1,abhori1
KEN_031_20220204_040326.flac,145.2,145.2,abhori1
KEN_031_20220204_040326.flac,153.9,153.9,abhori1
KEN_031_20220204_040326.flac,156.7,156.7,wbgbir1
KEN_031_20220204_040326.flac,157.8,157.8,abhori1
KEN_031_20220204_040326.flac,160.6,160.6,abhori1
KEN_031_20220204_040326.flac,161.3,161.3,wbgbir1
KEN_031_20220204_040326.flac,165.2,165.2,abhori1
KEN_031_20220204_040326.flac,170.0,170.0,abhori1
KEN_031_20220204_040326.flac,178.0,178.0,abhori1
KEN_031_20220204_040326.flac,186.3,186.3,wbgbir1
KEN_031_20220204_040326.flac,188.1,188.1,abhori1
KEN_031_20220204_040326.flac,194.1,194.1,abhori1
KEN_031_20220204_040326.flac,221.2,221.2,refbar2
KEN_031_20220204_040326.flac,226.3,226.3,abhori1
KEN_031_20220204_040326.flac,236.8,236.8,abhori1
KEN_031_20220204_040326.flac,246.0,246.0,abhori1
KEN_031_20220204_040326.flac,251.1,251.1,combul2
KEN_031_20220204_040326.flac,253.5,253.5,abhori1
KEN_031_20220204_040326.flac,256.4,256.4,combul2
KEN_031_20220204_040326.flac,260.9,260.9,abhori1
KEN_031_20220204_040326.flac,272.1,272.1,combul2
KEN_031_20220204_040326.flac,281.0,281.0,combul2
KEN_031_20220204_040326.flac,289.0,289.0,abhori1
KEN_031_20220204_040326.flac,295.4,295.4,abhori1
KEN_031_20220204_040326.flac,312.1,312.1,wbgbir1
KEN_031_20220204_040326.flac,321.8,321.8,abhori1
KEN_031_20220204_040326.flac,328.9,328.9,abhori1
KEN_031_20220204_040326.flac,332.4,332.4,combul2
KEN_031_20220204_040326.flac,335.1,335.1,abhori1
KEN_031_20220204_040326.flac,338.3,338.3,abhori1
KEN_031_20220204_040326.flac,344.6,344.6,abhori1
KEN_031_20220204_040326.flac,348.6,348.6,slcbou1
KEN_031_20220204_040326.flac,349.8,349.8,abhori1
KEN_031_20220204_040326.flac,354.2,354.2,abhori1
KEN_031_20220204_040326.flac,361.4,361.4,wbswea1
KEN_031_20220204_040326.flac,363.4,363.4,abhori1
KEN_031_20220204_040326.flac,368.7,368.7,abhori1
KEN_031_20220204_040326.flac,393.7,393.7,combul2
KEN_031_20220204_040326.flac,401.0,401.0,abhori1
KEN_031_20220204_040326.flac,405.3,405.3,abhori1
KEN_031_20220204_040326.flac,406.8,406.8,spemou2
KEN_031_20220204_040326.flac,412.1,412.1,abhori1
KEN_031_20220204_040326.flac,413.1,413.1,spemou2
KEN_031_20220204_040326.flac,416.1,416.1,wbgbir1
KEN_031_20220204_040326.flac,421.7,421.7,combul2
KEN_031_20220204_040326.flac,423.3,423.3,wbgbir1
KEN_031_20220204_040326.flac,428.7,428.7,combul2
KEN_031_20220204_040326.flac,434.8,434.8,wbgbir1
KEN_031_20220204_040326.flac,443.2,443.2,wbgbir1
KEN_031_20220204_040326.flac,459.2,459.2,spemou2
KEN_031_20220204_040326.flac,459.7,459.7,abhori1
KEN_031_20220204_040326.flac,462.1,462.1,combul2
KEN_031_20220204_040326.flac,467.5,467.5,abhori1
KEN_031_20220204_040326.flac,472.2,472.2,abhori1
KEN_031_20220204_040326.flac,477.6,477.6,combul2
KEN_031_20220204_040326.flac,480.0,480.0,abhori1
KEN_031_20220204_040326.flac,483.0,483.0,spemou2
KEN_031_20220204_040326.flac,487.4,487.4,abhori1
KEN_031_20220204_040326.flac,492.7,492.7,abhori1
KEN_031_20220204_040326.flac,496.4,496.4,abhori1
KEN_031_20220204_040326.flac,499.1,499.1,spemou2
KEN_031_20220204_040326.flac,501.8,501.8,combul2
KEN_031_20220204_040326.flac,506.7,506.7,spemou2
KEN_031_20220204_040326.flac,516.0,516.0,abhori1
KEN_031_20220204_040326.flac,518.7,518.7,spemou2
KEN_031_20220204_040326.flac,526.5,526.5,combul2
KEN_031_20220204_040326.flac,531.8,531.8,gnbcam2
KEN_031_20220204_040326.flac,539.2,539.2,spemou2
KEN_031_20220204_040326.flac,548.9,548.9,abhori1
KEN_031_20220204_040326.flac,555.3,555.3,abhori1
KEN_031_20220204_040326.flac,559.5,559.5,yebapa1
KEN_031_20220204_040326.flac,564.6,564.6,yebapa1
KEN_031_20220204_040326.flac,572.9,572.9,combul2
KEN_031_20220204_040326.flac,575.4,575.4,yebapa1
KEN_031_20220204_040326.flac,577.2,577.2,abhori1
KEN_031_20220204_040326.flac,581.9,581.9,yebapa1
KEN_031_20220204_040326.flac,586.6,586.6,combul2
KEN_031_20220204_040326.flac,614.8,614.8,vibsta2
KEN_031_20220204_040326.flac,615.6,615.6,abhori1
KEN_031_20220204_040326.flac,618.9,618.9,vibsta2
KEN_031_20220204_040326.flac,620.8,620.8,abhori1
KEN_031_20220204_040326.flac,639.3,639.3,vibsta2
KEN_031_20220204_040326.flac,654.8,654.8,combul2
KEN_031_20220204_040326.flac,666.4,666.4,vibsta2
KEN_031_20220204_040326.flac,676.6,676.6,combul2
KEN_031_20220204_040326.flac,692.3,692.3,abhori1
KEN_031_20220204_040326.flac,702.0,702.0,abhori1
KEN_031_20220204_040326.flac,718.0,718.0,vibsta2
KEN_031_20220204_040326.flac,719.6,719.6,vibsta2
KEN_031_20220204_040326.flac,723.3,723.3,vibsta2
KEN_031_20220204_040326.flac,728.3,728.3,vibsta2
KEN_031_20220204_040326.flac,734.1,734.1,abhori1
KEN_031_20220204_040326.flac,735.4,735.4,vibsta2
KEN_031_20220204_040326.flac,738.0,738.0,abhori1
KEN_031_20220204_040326.flac,740.9,740.9,vibsta2
KEN_031_20220204_040326.flac,744.9,744.9,spemou2
KEN_031_20220204_040326.flac,747.4,747.4,vibsta2
KEN_031_20220204_040326.flac,749.8,749.8,abhori1
KEN_031_20220204_040326.flac,751.7,751.7,spemou2
KEN_031_20220204_040326.flac,761.9,761.9,spemou2
KEN_031_20220204_040326.flac,773.5,773.5,spemou2
KEN_031_20220204_040326.flac,777.9,777.9,abhori1
KEN_031_20220204_040326.flac,780.7,780.7,spemou2
KEN_031_20220204_040326.flac,786.8,786.8,abhori1
KEN_031_20220204_040326.flac,797.9,797.9,abhori1
KEN_031_20220204_040326.flac,807.4,807.4,abhori1
KEN_031_20220204_040326.flac,814.9,814.9,vibsta2
KEN_031_20220204_040326.flac,822.4,822.4,spemou2
KEN_031_20220204_040326.flac,827.3,827.3,vibsta2
KEN_031_20220204_040326.flac,831.3,831.3,vibsta2
KEN_031_20220204_040326.flac,832.1,832.1,spemou2
KEN_031_20220204_040326.flac,841.4,841.4,refbar2
KEN_031_20220204_040326.flac,848.9,848.9,spemou2
KEN_031_20220204_040326.flac,852.6,852.6,wbgbir1
KEN_031_20220204_040326.flac,864.4,864.4,vibsta2
KEN_031_20220204_040326.flac,866.8,866.8,spemou2
KEN_031_20220204_040326.flac,875.8,875.8,spemou2
KEN_031_20220204_040326.flac,880.4,880.4,spemou2
KEN_031_20220204_040326.flac,881.0,881.0,vibsta2
KEN_031_20220204_040326.flac,899.1,899.1,wbgbir1
KEN_031_20220204_040326.flac,904.0,904.0,combul2
KEN_031_20220204_040326.flac,905.0,905.0,vibsta2
KEN_031_20220204_040326.flac,907.3,907.3,combul2
KEN_031_20220204_040326.flac,910.2,910.2,combul2
KEN_031_20220204_040326.flac,911.5,911.5,libeat1
KEN_031_20220204_040326.flac,917.4,917.4,wbgbir1
KEN_031_20220204_040326.flac,922.4,922.4,combul2
KEN_031_20220204_040326.flac,926.4,926.4,spemou2
KEN_031_20220204_040326.flac,928.5,928.5,combul2
KEN_031_20220204_040326.flac,933.8,933.8,combul2
KEN_031_20220204_040326.flac,937.7,937.7,combul2
KEN_031_20220204_040326.flac,940.6,940.6,wbgbir1
KEN_031_20220204_040326.flac,942.7,942.7,spemou2
KEN_031_20220204_040326.flac,943.8,943.8,combul2
KEN_031_20220204_040326.flac,953.5,953.5,spemou2
KEN_031_20220204_040326.flac,955.7,955.7,combul2
KEN_031_20220204_040326.flac,958.0,958.0,spemou2
KEN_031_20220204_040326.flac,958.8,958.8,combul2
KEN_031_20220204_040326.flac,966.7,966.7,combul2
KEN_031_20220204_040326.flac,972.0,972.0,spemou2
KEN_031_20220204_040326.flac,974.4,974.4,combul2
KEN_031_20220204_040326.flac,981.1,981.1,blnmou1
KEN_031_20220204_040326.flac,984.1,984.1,afpfly1
KEN_031_20220204_040326.flac,990.4,990.4,wbgbir1
KEN_031_20220204_040326.flac,995.0,995.0,blnmou1
KEN_031_20220204_040326.flac,997.3,997.3,wbgbir1
KEN_031_20220204_040326.flac,998.6,998.6,combul2
KEN_031_20220204_040326.flac,1000.1,1000.1,wbgbir1
KEN_031_20220204_040326.flac,1005.5,1005.5,combul2
KEN_031_20220204_040326.flac,1008.0,1008.0,blnmou1
KEN_031_20220204_040326.flac,1011.2,1011.2,whctur2
KEN_031_20220204_040326.flac,1014.8,1014.8,combul2
KEN_031_20220204_040326.flac,1016.4,1016.4,blnmou1
KEN_031_20220204_040326.flac,1021.8,1021.8,gnbcam2
KEN_031_20220204_040326.flac,1031.7,1031.7,supsta1
KEN_031_20220204_040326.flac,1034.3,1034.3,combul2
KEN_031_20220204_040326.flac,1039.3,1039.3,whctur2
KEN_031_20220204_040326.flac,1041.2,1041.2,combul2
KEN_031_20220204_040326.flac,1044.8,1044.8,combul2
KEN_031_20220204_040326.flac,1046.8,1046.8,afpfly1
KEN_031_20220204_040326.flac,1049.7,1049.7,whctur2
KEN_031_20220204_040326.flac,1051.5,1051.5,blnmou1
KEN_031_20220204_040326.flac,1057.5,1057.5,combul2
KEN_031_20220204_040326.flac,1061.1,1061.1,blnmou1
KEN_031_20220204_040326.flac,1067.3,1067.3,afpfly1
KEN_031_20220204_040326.flac,1071.6,1071.6,combul2
KEN_031_20220204_040326.flac,1075.9,1075.9,combul2
KEN_031_20220204_040326.flac,1079.2,1079.2,blnmou1
KEN_031_20220204_040326.flac,1083.2,1083.2,blnmou1
KEN_031_20220204_040326.flac,1084.3,1084.3,combul2
KEN_031_20220204_040326.flac,1089.5,1089.5,blnmou1
KEN_031_20220204_040326.flac,1090.4,1090.4,combul2
KEN_031_20220204_040326.flac,1096.0,1096.0,whctur2
KEN_031_20220204_040326.flac,1097.4,1097.4,blnmou1
KEN_031_20220204_040326.flac,1109.0,1109.0,blnmou1
KEN_031_20220204_040326.flac,1114.7,1114.7,blnmou1
KEN_031_20220204_040326.flac,1118.2,1118.2,combul2
KEN_031_20220204_040326.flac,1121.1,1121.1,blnmou1
KEN_031_20220204_040326.flac,1126.5,1126.5,blnmou1
KEN_031_20220204_040326.flac,1128.4,1128.4,combul2
KEN_031_20220204_040326.flac,1132.2,1132.2,combul2
KEN_031_20220204_040326.flac,1145.3,1145.3,combul2
KEN_031_20220204_040326.flac,1159.2,1159.2,combul2
KEN_031_20220204_040326.flac,1178.6,1178.6,yebapa1
KEN_031_20220204_040326.flac,1186.4,1186.4,combul2
KEN_031_20220204_040326.flac,1193.2,1193.2,combul2
KEN_031_20220204_040326.flac,1195.0,1195.0,yebapa1
KEN_031_20220204_040326.flac,1201.1,1201.1,combul2
KEN_031_20220204_040326.flac,1203.3,1203.3,yebapa1
KEN_031_20220204_040326.flac,1207.0,1207.0,afpfly1
KEN_031_20220204_040326.flac,1209.6,1209.6,combul2
KEN_031_20220204_040326.flac,1211.9,1211.9,yebapa1
KEN_031_20220204_040326.flac,1214.9,1214.9,yebapa1
KEN_031_20220204_040326.flac,1220.4,1220.4,yebapa1
KEN_031_20220204_040326.flac,1229.0,1229.0,yebapa1
KEN_031_20220204_040326.flac,1231.7,1231.7,combul2
KEN_031_20220204_040326.flac,1234.3,1234.3,blnmou1
KEN_031_20220204_040326.flac,1242.1,1242.1,combul2
KEN_031_20220204_040326.flac,1249.1,1249.1,combul2
KEN_031_20220204_040326.flac,1254.7,1254.7,combul2
KEN_031_20220204_040326.flac,1260.2,1260.2,combul2
KEN_031_20220204_040326.flac,1266.9,1266.9,combul2
KEN_031_20220204_040326.flac,1273.5,1273.5,combul2
KEN_031_20220204_040326.flac,1280.0,1280.0,slcbou1
KEN_031_20220204_040326.flac,1282.9,1282.9,combul2
KEN_031_20220204_040326.flac,1286.7,1286.7,combul2
KEN_031_20220204_040326.flac,1295.4,1295.4,combul2
KEN_031_20220204_040326.flac,1307.2,1307.2,refbar2
KEN_031_20220204_040326.flac,1311.3,1311.3,wbrcha2
KEN_031_20220204_040326.flac,1313.3,1313.3,combul2
KEN_031_20220204_040326.flac,1319.6,1319.6,combul2
KEN_031_20220204_040326.flac,1329.3,1329.3,combul2
KEN_031_20220204_040326.flac,1332.0,1332.0,bagwea1
KEN_031_20220204_040326.flac,1336.8,1336.8,combul2
KEN_031_20220204_040326.flac,1342.8,1342.8,combul2
KEN_031_20220204_040326.flac,1347.6,1347.6,combul2
KEN_031_20220204_040326.flac,1349.2,1349.2,bagwea1
KEN_031_20220204_040326.flac,1352.4,1352.4,combul2
KEN_031_20220204_040326.flac,1357.1,1357.1,combul2
KEN_031_20220204_040326.flac,1362.4,1362.4,refcro1
KEN_031_20220204_040326.flac,1367.9,1367.9,refcro1
KEN_031_20220204_040326.flac,1370.1,1370.1,gnbcam2
KEN_031_20220204_040326.flac,1371.1,1371.1,combul2
KEN_031_20220204_040326.flac,1374.1,1374.1,refcro1
KEN_031_20220204_040326.flac,1379.5,1379.5,refcro1
KEN_031_20220204_040326.flac,1385.8,1385.8,refcro1
KEN_031_20220204_040326.flac,1389.3,1389.3,marsun2
KEN_031_20220204_040326.flac,1393.7,1393.7,refcro1
KEN_031_20220204_040326.flac,1398.4,1398.4,blnmou1
KEN_031_20220204_040326.flac,1401.3,1401.3,refcro1
KEN_031_20220204_040326.flac,1402.6,1402.6,combul2
KEN_031_20220204_040326.flac,1408.0,1408.0,refcro1
KEN_031_20220204_040326.flac,1421.0,1421.0,blnmou1
KEN_031_20220204_040326.flac,1423.5,1423.5,combul2
KEN_031_20220204_040326.flac,1427.5,1427.5,gnbcam2
KEN_031_20220204_040326.flac,1433.6,1433.6,gnbcam2
KEN_031_20220204_040326.flac,1446.0,1446.0,blnmou1
KEN_031_20220204_040326.flac,1455.0,1455.0,blnmou1
KEN_031_20220204_040326.flac,1460.9,1460.9,blnmou1
KEN_031_20220204_040326.flac,1485.9,1485.9,combul2
KEN_031_20220204_040326.flac,1513.9,1513.9,combul2
KEN_031_20220204_040326.flac,1522.0,1522.0,combul2
KEN_031_20220204_040326.flac,1526.3,1526.3,combul2
KEN_031_20220204_040326.flac,1530.4,1530.4,afpfly1
KEN_031_20220204_040326.flac,1531.9,1531.9,combul2
KEN_031_20220204_040326.flac,1534.0,1534.0,combul2
KEN_031_20220204_040326.flac,1553.6,1553.6,combul2
KEN_031_20220204_040326.flac,1567.6,1567.6,combul2
KEN_031_20220204_040326.flac,1577.8,1577.8,combul2
KEN_031_20220204_040326.flac,1583.4,1583.4,marsun2
KEN_031_20220204_040326.flac,1585.4,1585.4,combul2
KEN_031_20220204_040326.flac,1592.8,1592.8,marsun2
KEN_031_20220204_040326.flac,1596.9,1596.9,combul2
KEN_031_20220204_040326.flac,1601.3,1601.3,combul2
KEN_031_20220204_040326.flac,1603.1,1603.1,marsun2
KEN_031_20220204_040326.flac,1607.6,1607.6,combul2
KEN_031_20220204_040326.flac,1611.2,1611.2,marsun2
KEN_031_20220204_040326.flac,1612.8,1612.8,combul2
KEN_031_20220204_040326.flac,1619.1,1619.1,combul2
KEN_031_20220204_040326.flac,1621.7,1621.7,marsun2
KEN_031_20220204_040326.flac,1626.1,1626.1,combul2
KEN_031_20220204_040326.flac,1629.9,1629.9,combul2
KEN_031_20220204_040326.flac,1631.7,1631.7,marsun2
KEN_031_20220204_040326.flac,1658.6,1658.6,varsun2
KEN_031_20220204_040326.flac,1665.9,1665.9,combul2
KEN_031_20220204_040326.flac,1674.8,1674.8,combul2
KEN_031_20220204_040326.flac,1676.4,1676.4,combul2
KEN_031_20220204_040326.flac,1678.6,1678.6,combul2
KEN_031_20220204_040326.flac,1685.3,1685.3,combul2
KEN_031_20220204_040326.flac,1686.4,1686.4,colsun2
KEN_031_20220204_040326.flac,1695.8,1695.8,colsun2
KEN_031_20220204_040326.flac,1702.2,1702.2,combul2
KEN_031_20220204_040326.flac,1711.0,1711.0,marsun2
KEN_031_20220204_040326.flac,1714.9,1714.9,combul2
KEN_031_20220204_040326.flac,1715.8,1715.8,colsun2
KEN_031_20220204_040326.flac,1723.8,1723.8,combul2
KEN_031_20220204_040326.flac,1741.0,1741.0,combul2
KEN_031_20220204_040326.flac,1746.1,1746.1,marsun2
KEN_031_20220204_040326.flac,1747.4,1747.4,combul2
KEN_031_20220204_040326.flac,1757.7,1757.7,marsun2
KEN_031_20220204_040326.flac,1760.8,1760.8,combul2
KEN_031_20220204_040326.flac,1764.8,1764.8,combul2
KEN_031_20220204_040326.flac,1768.7,1768.7,marsun2
KEN_031_20220204_040326.flac,1775.6,1775.6,combul2
KEN_031_20220204_040326.flac,1785.4,1785.4,wbgbir1
KEN_031_20220204_040326.flac,1809.3,1809.3,combul2
KEN_031_20220204_040326.flac,1817.7,1817.7,wbswea1
KEN_031_20220204_040326.flac,1844.8,1844.8,combul2
KEN_031_20220204_040326.flac,1851.3,1851.3,varsun2
KEN_031_20220204_040326.flac,1868.0,1868.0,varsun2
KEN_031_20220204_040326.flac,1868.7,1868.7,combul2
KEN_031_20220204_040326.flac,1877.2,1877.2,varsun2
KEN_031_20220204_040326.flac,1880.4,1880.4,combul2
KEN_031_20220204_040326.flac,1887.3,1887.3,combul2
KEN_031_20220204_040326.flac,1896.3,1896.3,yebapa1
KEN_031_20220204_040326.flac,1904.1,1904.1,combul2
KEN_031_20220204_040326.flac,1909.6,1909.6,yebapa1
KEN_031_20220204_040326.flac,1910.2,1910.2,combul2
KEN_031_20220204_040326.flac,1915.3,1915.3,combul2
KEN_031_20220204_040326.flac,1919.0,1919.0,combul2
KEN_031_20220204_040326.flac,1927.8,1927.8,combul2
KEN_031_20220204_040326.flac,1932.6,1932.6,yebapa1
KEN_031_20220204_040326.flac,1937.1,1937.1,yebapa1
KEN_031_20220204_040326.flac,1938.2,1938.2,wbgbir1
KEN_031_20220204_040326.flac,1940.3,1940.3,combul2
KEN_031_20220204_040326.flac,1947.5,1947.5,yebapa1
KEN_031_20220204_040326.flac,1963.0,1963.0,combul2
KEN_031_20220204_040326.flac,1993.6,1993.6,combul2
KEN_031_20220204_040326.flac,2000.5,2000.5,combul2
KEN_031_20220204_040326.flac,2012.2,2012.2,combul2
KEN_031_20220204_040326.flac,2024.0,2024.0,combul2
KEN_031_20220204_040326.flac,2024.7,2024.7,wbgbir1
KEN_031_20220204_040326.flac,2026.0,2026.0,wbgbir1
KEN_031_20220204_040326.flac,2032.0,2032.0,combul2
KEN_031_20220204_040326.flac,2038.8,2038.8,combul2
KEN_031_20220204_040326.flac,2040.9,2040.9,slcbou1
KEN_031_20220204_040326.flac,2043.2,2043.2,wbgbir1
KEN_031_20220204_040326.flac,2050.8,2050.8,sccsun2
KEN_031_20220204_040326.flac,2052.7,2052.7,wbgbir1
KEN_031_20220204_040326.flac,2053.4,2053.4,afpfly1
KEN_031_20220204_040326.flac,2055.4,2055.4,wbgbir1
KEN_031_20220204_040326.flac,2057.2,2057.2,combul2
KEN_031_20220204_040326.flac,2060.1,2060.1,wbgbir1
KEN_031_20220204_040326.flac,2062.1,2062.1,combul2
KEN_031_20220204_040326.flac,2066.8,2066.8,yebapa1
KEN_031_20220204_040326.flac,2068.0,2068.0,combul2
KEN_031_20220204_040326.flac,2069.9,2069.9,yebapa1
KEN_031_20220204_040326.flac,2075.0,2075.0,gnbcam2
KEN_031_20220204_040326.flac,2076.3,2076.3,yebapa1
KEN_031_20220204_040326.flac,2080.1,2080.1,yebapa1
KEN_031_20220204_040326.flac,2081.9,2081.9,combul2
KEN_031_20220204_040326.flac,2083.6,2083.6,gnbcam2
KEN_031_20220204_040326.flac,2087.9,2087.9,gnbcam2
KEN_031_20220204_040326.flac,2090.4,2090.4,combul2
KEN_031_20220204_040326.flac,2095.3,2095.3,gnbcam2
KEN_031_20220204_040326.flac,2096.2,2096.2,wbgbir1
KEN_031_20220204_040326.flac,2102.7,2102.7,combul2
KEN_031_20220204_040326.flac,2108.9,2108.9,combul2
KEN_031_20220204_040326.flac,2110.7,2110.7,gnbcam2
KEN_031_20220204_040326.flac,2116.5,2116.5,afpfly1
KEN_031_20220204_040326.flac,2121.2,2121.2,combul2
KEN_031_20220204_040326.flac,2123.5,2123.5,gnbcam2
KEN_031_20220204_040326.flac,2124.9,2124.9,afpfly1
KEN_031_20220204_040326.flac,2129.8,2129.8,wbgbir1
KEN_031_20220204_040326.flac,2130.4,2130.4,afpfly1
KEN_031_20220204_040326.flac,2135.3,2135.3,afpfly1
KEN_031_20220204_040326.flac,2139.2,2139.2,afpfly1
KEN_031_20220204_040326.flac,2151.8,2151.8,combul2
KEN_031_20220204_040326.flac,2161.0,2161.0,combul2
KEN_031_20220204_040326.flac,2169.2,2169.2,combul2
KEN_031_20220204_040326.flac,2176.3,2176.3,combul2
KEN_031_20220204_040326.flac,2178.1,2178.1,sccsun2
KEN_031_20220204_040326.flac,2183.6,2183.6,combul2
KEN_031_20220204_040326.flac,2185.9,2185.9,sccsun2
KEN_031_20220204_040326.flac,2188.9,2188.9,wbgbir1
KEN_031_20220204_040326.flac,2190.7,2190.7,combul2
KEN_031_20220204_040326.flac,2192.6,2192.6,wbgbir1
KEN_031_20220204_040326.flac,2210.0,2210.0,combul2
KEN_031_20220204_040326.flac,2214.4,2214.4,combul2
KEN_031_20220204_040326.flac,2216.3,2216.3,blnmou1
KEN_031_20220204_040326.flac,2225.3,2225.3,combul2
KEN_031_20220204_040326.flac,2230.2,2230.2,refbar2
KEN_031_20220204_040326.flac,2233.3,2233.3,marsun2
KEN_031_20220204_040326.flac,2238.8,2238.8,sccsun2
KEN_031_20220204_040326.flac,2246.4,2246.4,combul2
KEN_031_20220204_040326.flac,2253.8,2253.8,wbgbir1
KEN_031_20220204_040326.flac,2255.7,2255.7,combul2
KEN_031_20220204_040326.flac,2261.5,2261.5,wbgbir1
KEN_031_20220204_040326.flac,2263.2,2263.2,combul2
KEN_031_20220204_040326.flac,2276.7,2276.7,combul2
KEN_031_20220204_040326.flac,2279.8,2279.8,wbgbir1
KEN_031_20220204_040326.flac,2293.2,2293.2,wbgbir1
KEN_031_20220204_040326.flac,2295.6,2295.6,combul2
KEN_031_20220204_040326.flac,2302.5,2302.5,combul2
KEN_031_20220204_040326.flac,2312.2,2312.2,combul2
KEN_031_20220204_040326.flac,2315.3,2315.3,combul2
KEN_031_20220204_040326.flac,2321.1,2321.1,combul2
KEN_031_20220204_040326.flac,2332.3,2332.3,combul2
KEN_031_20220204_040326.flac,2347.7,2347.7,combul2
KEN_031_20220204_040326.flac,2359.0,2359.0,combul2
KEN_031_20220204_040326.flac,2364.7,2364.7,wbrcha2
KEN_031_20220204_040326.flac,2373.6,2373.6,combul2
KEN_031_20220204_040326.flac,2375.5,2375.5,afrgrp1
KEN_031_20220204_040326.flac,2387.4,2387.4,combul2
KEN_031_20220204_040326.flac,2393.9,2393.9,wbrcha2
KEN_031_20220204_040326.flac,2395.7,2395.7,combul2
KEN_031_20220204_040326.flac,2403.3,2403.3,combul2
KEN_031_20220204_040326.flac,2410.0,2410.0,afrthr1
KEN_031_20220204_040326.flac,2412.2,2412.2,combul2
KEN_031_20220204_040326.flac,2414.8,2414.8,reftin1
KEN_031_20220204_040326.flac,2420.1,2420.1,combul2
KEN_031_20220204_040326.flac,2424.2,2424.2,reftin1
KEN_031_20220204_040326.flac,2428.9,2428.9,afrthr1
KEN_031_20220204_040326.flac,2440.0,2440.0,wbrcha2
KEN_031_20220204_040326.flac,2444.7,2444.7,afrthr1
KEN_031_20220204_040326.flac,2445.7,2445.7,refcro1
KEN_031_20220204_040326.flac,2446.8,2446.8,wbrcha2
KEN_031_20220204_040326.flac,2454.5,2454.5,wbrcha2
KEN_031_20220204_040326.flac,2462.2,2462.2,wbrcha2
KEN_031_20220204_040326.flac,2476.0,2476.0,slcbou1
KEN_031_20220204_040326.flac,2481.1,2481.1,combul2
KEN_031_20220204_040326.flac,2490.1,2490.1,refcro1
KEN_031_20220204_040326.flac,2494.3,2494.3,marsun2
KEN_031_20220204_040326.flac,2507.7,2507.7,marsun2
KEN_031_20220204_040326.flac,2513.3,2513.3,marsun2
KEN_031_20220204_040326.flac,2522.8,2522.8,marsun2
KEN_031_20220204_040326.flac,2529.6,2529.6,marsun2
KEN_031_20220204_040326.flac,2530.2,2530.2,combul2
KEN_031_20220204_040326.flac,2532.8,2532.8,slcbou1
KEN_031_20220204_040326.flac,2534.2,2534.2,marsun2
KEN_031_20220204_040326.flac,2537.5,2537.5,sccsun2
KEN_031_20220204_040326.flac,2544.0,2544.0,refbar2
KEN_031_20220204_040326.flac,2548.4,2548.4,wbgbir1
KEN_031_20220204_040326.flac,2554.6,2554.6,sccsun2
KEN_031_20220204_040326.flac,2574.3,2574.3,sccsun2
KEN_031_20220204_040326.flac,2587.2,2587.2,wbgbir1
KEN_031_20220204_040326.flac,2590.1,2590.1,wbrcha2
KEN_031_20220204_040326.flac,2594.4,2594.4,combul2
KEN_031_20220204_040326.flac,2602.3,2602.3,combul2
KEN_031_20220204_040326.flac,2620.8,2620.8,combul2
KEN_031_20220204_040326.flac,2634.9,2634.9,wbgbir1
KEN_031_20220204_040326.flac,2638.5,2638.5,afpfly1
KEN_031_20220204_040326.flac,2651.9,2651.9,combul2
KEN_031_20220204_040326.flac,2653.6,2653.6,afpfly1
KEN_031_20220204_040326.flac,2658.9,2658.9,afpfly1
KEN_031_20220204_040326.flac,2666.5,2666.5,combul2
KEN_031_20220204_040326.flac,2671.1,2671.1,afpfly1
KEN_031_20220204_040326.flac,2675.9,2675.9,combul2
KEN_031_20220204_040326.flac,2676.9,2676.9,afpfly1
KEN_031_20220204_040326.flac,2681.7,2681.7,afpfly1
KEN_031_20220204_040326.flac,2683.1,2683.1,combul2
KEN_031_20220204_040326.flac,2689.4,2689.4,afpfly1
KEN_031_20220204_040326.flac,2694.7,2694.7,combul2
KEN_031_20220204_040326.flac,2701.7,2701.7,afpfly1
KEN_031_20220204_040326.flac,2704.7,2704.7,combul2
KEN_031_20220204_040326.flac,2713.4,2713.4,combul2
KEN_031_20220204_040326.flac,2713.9,2713.9,afpfly1
KEN_031_20220204_040326.flac,2716.9,2716.9,combul2
KEN_031_20220204_040326.flac,2717.9,2717.9,afpfly1
KEN_031_20220204_040326.flac,2731.4,2731.4,combul2
KEN_031_20220204_040326.flac,2736.3,2736.3,wbrcha2
KEN_031_20220204_040326.flac,2738.2,2738.2,combul2
KEN_031_20220204_040326.flac,2746.0,2746.0,combul2
KEN_031_20220204_040326.flac,2748.7,2748.7,slcbou1
KEN_031_20220204_040326.flac,2750.5,2750.5,yebapa1
KEN_031_20220204_040326.flac,2752.7,2752.7,combul2
KEN_031_20220204_040326.flac,2756.1,2756.1,combul2
KEN_031_20220204_040326.flac,2758.6,2758.6,yebapa1
KEN_031_20220204_040326.flac,2760.9,2760.9,combul2
KEN_031_20220204_040326.flac,2768.4,2768.4,yebapa1
KEN_031_20220204_040326.flac,2773.2,2773.2,combul2
KEN_031_20220204_040326.flac,2775.9,2775.9,yebapa1
KEN_031_20220204_040326.flac,2782.1,2782.1,wbgbir1
KEN_031_20220204_040326.flac,2787.9,2787.9,wbgbir1
KEN_031_20220204_040326.flac,2790.1,2790.1,refbar2
KEN_031_20220204_040326.flac,2793.1,2793.1,slcbou1
KEN_031_20220204_040326.flac,2796.1,2796.1,refbar2
KEN_031_20220204_040326.flac,2800.9,2800.9,combul2
KEN_031_20220204_040326.flac,2805.5,2805.5,combul2
KEN_031_20220204_040326.flac,2806.6,2806.6,refcro1
KEN_031_20220204_040326.flac,2811.2,2811.2,refcro1
KEN_031_20220204_040326.flac,2814.2,2814.2,slcbou1
KEN_031_20220204_040326.flac,2818.8,2818.8,refcro1
KEN_031_20220204_040326.flac,2822.3,2822.3,refcro1
KEN_031_20220204_040326.flac,2827.1,2827.1,refcro1
KEN_031_20220204_040326.flac,2837.0,2837.0,combul2
KEN_031_20220204_040326.flac,2842.8,2842.8,combul2
KEN_031_20220204_040326.flac,2848.7,2848.7,combul2
KEN_031_20220204_040326.flac,2854.5,2854.5,combul2
KEN_031_20220204_040326.flac,2861.6,2861.6,whbwhe3
KEN_031_20220204_040326.flac,2867.4,2867.4,whbwhe3
KEN_031_20220204_040326.flac,2876.3,2876.3,refcro1
KEN_031_20220204_040326.flac,2884.2,2884.2,slcbou1
KEN_031_20220204_040326.flac,2890.3,2890.3,slcbou1
KEN_031_20220204_040326.flac,2890.7,2890.7,refcro1
KEN_031_20220204_040326.flac,2893.6,2893.6,slcbou1
KEN_031_20220204_040326.flac,2895.2,2895.2,refcro1
KEN_031_20220204_040326.flac,2900.1,2900.1,slcbou1
KEN_031_20220204_040326.flac,2903.5,2903.5,refcro1
KEN_031_20220204_040326.flac,2907.3,2907.3,combul2
KEN_031_20220204_040326.flac,2910.4,2910.4,combul2
KEN_031_20220204_040326.flac,2910.7,2910.7,slcbou1
KEN_031_20220204_040326.flac,2932.8,2932.8,wbrcha2
KEN_031_20220204_040326.flac,2937.5,2937.5,combul2
KEN_031_20220204_040326.flac,2938.9,2938.9,wbrcha2
KEN_031_20220204_040326.flac,2951.7,2951.7,wbgbir1
KEN_031_20220204_040326.flac,2953.9,2953.9,combul2
KEN_031_20220204_040326.flac,2960.3,2960.3,combul2
KEN_031_20220204_040326.flac,2967.6,2967.6,combul2
KEN_031_20220204_040326.flac,2973.5,2973.5,wbgbir1
KEN_031_20220204_040326.flac,2974.0,2974.0,combul2
KEN_031_20220204_040326.flac,3025.8,3025.8,wbgbir1
KEN_031_20220204_040326.flac,3032.4,3032.4,wbgbir1
KEN_031_20220204_040326.flac,3042.9,3042.9,combul2
KEN_031_20220204_040326.flac,3109.1,3109.1,combul2
KEN_031_20220204_040326.flac,3111.8,3111.8,gnbcam2
KEN_031_20220204_040326.flac,3118.9,3118.9,wbgbir1
KEN_031_20220204_040326.flac,3122.0,3122.0,gnbcam2
KEN_031_20220204_040326.flac,3128.8,3128.8,gnbcam2
KEN_031_20220204_040326.flac,3135.1,3135.1,gnbcam2
KEN_031_20220204_040326.flac,3139.4,3139.4,combul2
KEN_031_20220204_040326.flac,3146.6,3146.6,gnbcam2
KEN_031_20220204_040326.flac,3147.8,3147.8,combul2
KEN_031_20220204_040326.flac,3151.6,3151.6,combul2
KEN_031_20220204_040326.flac,3153.9,3153.9,gnbcam2
KEN_031_20220204_040326.flac,3156.8,3156.8,gnbcam2
KEN_031_20220204_040326.flac,3158.1,3158.1,combul2
KEN_031_20220204_040326.flac,3161.6,3161.6,gnbcam2
KEN_031_20220204_040326.flac,3163.2,3163.2,sccsun2
KEN_031_20220204_040326.flac,3168.6,3168.6,gnbcam2
KEN_031_20220204_040326.flac,3176.1,3176.1,gnbcam2
KEN_031_20220204_040326.flac,3184.6,3184.6,gnbcam2
KEN_031_20220204_040326.flac,3187.5,3187.5,hadibi1
KEN_031_20220204_040326.flac,3188.5,3188.5,gnbcam2
KEN_031_20220204_040326.flac,3195.1,3195.1,hadibi1
KEN_031_20220204_040326.flac,3199.7,3199.7,wbrcha2
KEN_031_20220204_040326.flac,3205.5,3205.5,wbrcha2
KEN_031_20220204_040326.flac,3211.8,3211.8,hadibi1
KEN_031_20220204_040326.flac,3214.7,3214.7,combul2
KEN_031_20220204_040326.flac,3225.4,3225.4,combul2
KEN_031_20220204_040326.flac,3230.2,3230.2,wbrcha2
KEN_031_20220204_040326.flac,3234.5,3234.5,wbrcha2
KEN_031_20220204_040326.flac,3241.3,3241.3,wbrcha2
KEN_031_20220204_040326.flac,3245.4,3245.4,wbrcha2
KEN_031_20220204_040326.flac,3249.3,3249.3,wbrcha2
KEN_031_20220204_040326.flac,3254.0,3254.0,fislov1
KEN_031_20220204_040326.flac,3269.9,3269.9,wbrcha2
KEN_031_20220204_040326.flac,3273.6,3273.6,bagwea1
KEN_031_20220204_040326.flac,3278.3,3278.3,wbrcha2
KEN_031_20220204_040326.flac,3286.9,3286.9,wbrcha2
KEN_031_20220204_040326.flac,3289.9,3289.9,combul2
KEN_031_20220204_040326.flac,3294.5,3294.5,wbrcha2
KEN_031_20220204_040326.flac,3303.1,3303.1,wbrcha2
KEN_031_20220204_040326.flac,3309.2,3309.2,combul2
KEN_031_20220204_040326.flac,3315.0,3315.0,wbrcha2
KEN_031_20220204_040326.flac,3318.2,3318.2,combul2
KEN_031_20220204_040326.flac,3323.9,3323.9,wbrcha2
KEN_031_20220204_040326.flac,3332.7,3332.7,wbrcha2
KEN_031_20220204_040326.flac,3339.9,3339.9,wbrcha2
KEN_031_20220204_040326.flac,3347.6,3347.6,wbrcha2
KEN_031_20220204_040326.flac,3350.5,3350.5,combul2
KEN_031_20220204_040326.flac,3355.6,3355.6,wbrcha2
KEN_031_20220204_040326.flac,3361.7,3361.7,combul2
KEN_031_20220204_040326.flac,3362.8,3362.8,wbrcha2
KEN_031_20220204_040326.flac,3370.6,3370.6,wbrcha2
KEN_031_20220204_040326.flac,3378.6,3378.6,wbrcha2
KEN_031_20220204_040326.flac,3387.6,3387.6,combul2
KEN_031_20220204_040326.flac,3390.5,3390.5,wbrcha2
KEN_031_20220204_040326.flac,3394.6,3394.6,wbgbir1
KEN_031_20220204_040326.flac,3395.9,3395.9,combul2
KEN_031_20220204_040326.flac,3397.8,3397.8,wbgbir1
KEN_031_20220204_040326.flac,3406.1,3406.1,wbrcha2
KEN_031_20220204_040326.flac,3417.1,3417.1,wbrcha2
KEN_031_20220204_040326.flac,3418.5,3418.5,refbar2
KEN_031_20220204_040326.flac,3420.9,3420.9,combul2
KEN_031_20220204_040326.flac,3427.1,3427.1,yebapa1
KEN_031_20220204_040326.flac,3429.1,3429.1,wbrcha2
KEN_031_20220204_040326.flac,3449.3,3449.3,wbrcha2
KEN_031_20220204_040326.flac,3456.1,3456.1,combul2
KEN_031_20220204_040326.flac,3464.9,3464.9,combul2
KEN_031_20220204_040326.flac,3468.9,3468.9,wbrcha2
KEN_031_20220204_040326.flac,3484.9,3484.9,wbrcha2
KEN_031_20220204_040326.flac,3488.8,3488.8,combul2
KEN_031_20220204_040326.flac,3501.6,3501.6,combul2
KEN_031_20220204_040326.flac,3505.2,3505.2,wbrcha2
KEN_031_20220204_040326.flac,3510.8,3510.8,combul2
KEN_031_20220204_040326.flac,3514.7,3514.7,wbrcha2
KEN_031_20220204_040326.flac,3519.1,3519.1,combul2
KEN_031_20220204_040326.flac,3534.0,3534.0,slcbou1
KEN_031_20220204_040326.flac,3534.1,3534.1,rindov
KEN_031_20220204_040326.flac,3543.1,3543.1,combul2
KEN_031_20220204_040326.flac,3544.9,3544.9,slcbou1
KEN_031_20220204_040326.flac,3545.4,3545.4,combul2
KEN_031_20220204_040326.flac,3550.4,3550.4,slcbou1
KEN_031_20220204_040326.flac,3551.8,3551.8,combul2
KEN_031_20220204_040326.flac,3552.5,3552.5,slcbou1
KEN_031_20220204_040326.flac,3556.0,3556.0,subbus1
KEN_031_20220204_040326.flac,3559.8,3559.8,gnbcam2
KEN_031_20220204_040326.flac,3561.4,3561.4,subbus1
KEN_031_20220204_040326.flac,3569.7,3569.7,subbus1
KEN_031_20220204_040326.flac,3574.3,3574.3,subbus1
KEN_031_20220204_040326.flac,3576.3,3576.3,combul2
KEN_031_20220204_040326.flac,3586.6,3586.6,subbus1
KEN_031_20220204_040326.flac,3591.5,3591.5,combul2
KEN_031_20220204_040326.flac,3597.2,3597.2,combul2
KEN_032_20220210_104954.flac,58.8,58.8,brwwar1
KEN_032_20220210_104954.flac,67.4,67.4,brwwar1
KEN_032_20220210_104954.flac,73.3,73.3,brwwar1
KEN_032_20220210_104954.flac,80.6,80.6,brwwar1
KEN_032_20220210_104954.flac,82.3,82.3,afecuc1
KEN_032_20220210_104954.flac,95.8,95.8,brwwar1
KEN_032_20220210_104954.flac,113.5,113.5,brwwar1
KEN_032_20220210_104954.flac,126.7,126.7,afecuc1
KEN_032_20220210_104954.flac,133.9,133.9,afecuc1
KEN_032_20220210_104954.flac,139.6,139.6,afecuc1
KEN_032_20220210_104954.flac,167.0,167.0,combuz1
KEN_032_20220210_104954.flac,181.5,181.5,afecuc1
KEN_032_20220210_104954.flac,185.3,185.3,combuz1
KEN_032_20220210_104954.flac,189.8,189.8,edcsun3
KEN_032_20220210_104954.flac,226.0,226.0,combuz1
KEN_032_20220210_104954.flac,252.6,252.6,combuz1
KEN_032_20220210_104954.flac,265.7,265.7,combuz1
KEN_032_20220210_104954.flac,272.2,272.2,combuz1
KEN_032_20220210_104954.flac,286.5,286.5,combuz1
KEN_032_20220210_104954.flac,362.6,362.6,gryapa1
KEN_032_20220210_104954.flac,385.6,385.6,gryapa1
KEN_032_20220210_104954.flac,402.0,402.0,gryapa1
KEN_032_20220210_104954.flac,414.5,414.5,gryapa1
KEN_032_20220210_104954.flac,461.6,461.6,wheslf1
KEN_032_20220210_104954.flac,621.0,621.0,ccbeat1
KEN_032_20220210_104954.flac,808.6,808.6,ccbeat1
KEN_032_20220210_104954.flac,816.3,816.3,ccbeat1
KEN_032_20220210_104954.flac,840.0,840.0,ccbeat1
KEN_032_20220210_104954.flac,847.3,847.3,wheslf1
KEN_032_20220210_104954.flac,877.2,877.2,ccbeat1
KEN_032_20220210_104954.flac,1031.3,1031.3,ccbeat1
KEN_032_20220210_104954.flac,1298.4,1298.4,hadibi1
KEN_032_20220210_104954.flac,1307.1,1307.1,hartur1
KEN_032_20220210_104954.flac,1318.2,1318.2,edcsun3
KEN_032_20220210_104954.flac,1325.7,1325.7,hadibi1
KEN_032_20220210_104954.flac,1336.4,1336.4,hadibi1
KEN_032_20220210_104954.flac,1352.8,1352.8,brwwar1
KEN_032_20220210_104954.flac,1355.9,1355.9,hadibi1
KEN_032_20220210_104954.flac,1430.4,1430.4,brwwar1
KEN_032_20220210_104954.flac,1449.3,1449.3,brwwar1
KEN_032_20220210_104954.flac,1463.4,1463.4,brwwar1
KEN_032_20220210_104954.flac,1474.7,1474.7,brwwar1
KEN_032_20220210_104954.flac,1509.3,1509.3,brwwar1
KEN_032_20220210_104954.flac,1523.5,1523.5,brwwar1
KEN_032_20220210_104954.flac,1536.1,1536.1,brwwar1
KEN_032_20220210_104954.flac,1553.4,1553.4,tacsun1
KEN_032_20220210_104954.flac,1556.5,1556.5,brwwar1
KEN_032_20220210_104954.flac,1562.5,1562.5,tacsun1
KEN_032_20220210_104954.flac,1564.9,1564.9,brwwar1
KEN_032_20220210_104954.flac,1580.0,1580.0,brwwar1
KEN_032_20220210_104954.flac,1591.3,1591.3,brwwar1
KEN_032_20220210_104954.flac,1608.3,1608.3,brwwar1
KEN_032_20220210_104954.flac,1618.8,1618.8,brwwar1
KEN_032_20220210_104954.flac,1633.3,1633.3,brwwar1
KEN_032_20220210_104954.flac,1647.6,1647.6,brwwar1
KEN_032_20220210_104954.flac,1652.6,1652.6,brwwar1
KEN_032_20220210_104954.flac,1674.1,1674.1,brwwar1
KEN_032_20220210_104954.flac,1683.7,1683.7,brwwar1
KEN_032_20220210_104954.flac,1688.8,1688.8,gryapa1
KEN_032_20220210_104954.flac,1694.9,1694.9,combul2
KEN_032_20220210_104954.flac,1702.1,1702.1,brwwar1
KEN_032_20220210_104954.flac,1720.3,1720.3,brwwar1
KEN_032_20220210_104954.flac,1727.8,1727.8,gryapa1
KEN_032_20220210_104954.flac,1733.3,1733.3,brwwar1
KEN_032_20220210_104954.flac,1740.6,1740.6,brwwar1
KEN_032_20220210_104954.flac,1749.9,1749.9,brwwar1
KEN_032_20220210_104954.flac,1762.2,1762.2,brwwar1
KEN_032_20220210_104954.flac,1770.4,1770.4,brwwar1
KEN_032_20220210_104954.flac,1779.3,1779.3,ccbeat1
KEN_032_20220210_104954.flac,1789.8,1789.8,ccbeat1
KEN_032_20220210_104954.flac,1801.5,1801.5,brwwar1
KEN_032_20220210_104954.flac,1804.5,1804.5,ccbeat1
KEN_032_20220210_104954.flac,1834.1,1834.1,brwwar1
KEN_032_20220210_104954.flac,1840.6,1840.6,spewea1
KEN_032_20220210_104954.flac,1843.1,1843.1,brwwar1
KEN_032_20220210_104954.flac,1849.9,1849.9,brwwar1
KEN_032_20220210_104954.flac,1855.3,1855.3,brwwar1
KEN_032_20220210_104954.flac,1863.3,1863.3,brwwar1
KEN_032_20220210_104954.flac,1868.4,1868.4,ccbeat1
KEN_032_20220210_104954.flac,1877.5,1877.5,brwwar1
KEN_032_20220210_104954.flac,1884.8,1884.8,ccbeat1
KEN_032_20220210_104954.flac,1886.5,1886.5,brwwar1
KEN_032_20220210_104954.flac,1892.2,1892.2,brwwar1
KEN_032_20220210_104954.flac,1901.2,1901.2,ccbeat1
KEN_032_20220210_104954.flac,1909.4,1909.4,hartur1
KEN_032_20220210_104954.flac,1917.7,1917.7,hartur1
KEN_032_20220210_104954.flac,1923.7,1923.7,combul2
KEN_032_20220210_104954.flac,1926.9,1926.9,hartur1
KEN_032_20220210_104954.flac,1933.1,1933.1,brwwar1
KEN_032_20220210_104954.flac,1938.4,1938.4,hartur1
KEN_032_20220210_104954.flac,1939.9,1939.9,brwwar1
KEN_032_20220210_104954.flac,1947.0,1947.0,brwwar1
KEN_032_20220210_104954.flac,1948.0,1948.0,hartur1
KEN_032_20220210_104954.flac,1953.9,1953.9,brwwar1
KEN_032_20220210_104954.flac,1957.7,1957.7,hartur1
KEN_032_20220210_104954.flac,1965.6,1965.6,brwwar1
KEN_032_20220210_104954.flac,1967.2,1967.2,hartur1
KEN_032_20220210_104954.flac,1977.1,1977.1,brwwar1
KEN_032_20220210_104954.flac,1978.1,1978.1,hartur1
KEN_032_20220210_104954.flac,1987.6,1987.6,hartur1
KEN_032_20220210_104954.flac,1990.9,1990.9,brwwar1
KEN_032_20220210_104954.flac,1998.9,1998.9,hartur1
KEN_032_20220210_104954.flac,2009.4,2009.4,hartur1
KEN_032_20220210_104954.flac,2018.1,2018.1,brwwar1
KEN_032_20220210_104954.flac,2024.9,2024.9,hartur1
KEN_032_20220210_104954.flac,2035.5,2035.5,brwwar1
KEN_032_20220210_104954.flac,2036.5,2036.5,hartur1
KEN_032_20220210_104954.flac,2046.1,2046.1,hartur1
KEN_032_20220210_104954.flac,2052.7,2052.7,brwwar1
KEN_032_20220210_104954.flac,2058.1,2058.1,hartur1
KEN_032_20220210_104954.flac,2069.0,2069.0,hartur1
KEN_032_20220210_104954.flac,2073.0,2073.0,gryapa1
KEN_032_20220210_104954.flac,2079.3,2079.3,brwwar1
KEN_032_20220210_104954.flac,2083.8,2083.8,hartur1
KEN_032_20220210_104954.flac,2098.1,2098.1,hartur1
KEN_032_20220210_104954.flac,2101.2,2101.2,brwwar1
KEN_032_20220210_104954.flac,2119.6,2119.6,hartur1
KEN_032_20220210_104954.flac,2122.6,2122.6,brwwar1
KEN_032_20220210_104954.flac,2141.7,2141.7,brwwar1
KEN_032_20220210_104954.flac,2163.0,2163.0,brwwar1
KEN_032_20220210_104954.flac,2179.4,2179.4,brwwar1
KEN_032_20220210_104954.flac,2186.6,2186.6,tacsun1
KEN_032_20220210_104954.flac,2190.6,2190.6,brwwar1
KEN_032_20220210_104954.flac,2199.8,2199.8,brwwar1
KEN_032_20220210_104954.flac,2209.9,2209.9,brwwar1
KEN_032_20220210_104954.flac,2214.5,2214.5,edcsun3
KEN_032_20220210_104954.flac,2218.6,2218.6,yewgre1
KEN_032_20220210_104954.flac,2230.6,2230.6,brwwar1
KEN_032_20220210_104954.flac,2235.3,2235.3,afecuc1
KEN_032_20220210_104954.flac,2240.3,2240.3,brwwar1
KEN_032_20220210_104954.flac,2241.9,2241.9,walsta1
KEN_032_20220210_104954.flac,2244.1,2244.1,afecuc1
KEN_032_20220210_104954.flac,2246.5,2246.5,walsta1
KEN_032_20220210_104954.flac,2254.9,2254.9,brwwar1
KEN_032_20220210_104954.flac,2267.7,2267.7,afecuc1
KEN_032_20220210_104954.flac,2271.5,2271.5,walsta1
KEN_032_20220210_104954.flac,2277.4,2277.4,brwwar1
KEN_032_20220210_104954.flac,2294.6,2294.6,brwwar1
KEN_032_20220210_104954.flac,2312.3,2312.3,brwwar1
KEN_032_20220210_104954.flac,2324.7,2324.7,combuz1
KEN_032_20220210_104954.flac,2326.0,2326.0,brwwar1
KEN_032_20220210_104954.flac,2333.4,2333.4,ccbeat1
KEN_032_20220210_104954.flac,2340.7,2340.7,brwwar1
KEN_032_20220210_104954.flac,2354.8,2354.8,walsta1
KEN_032_20220210_104954.flac,2360.9,2360.9,ccbeat1
KEN_032_20220210_104954.flac,2363.0,2363.0,brwwar1
KEN_032_20220210_104954.flac,2368.3,2368.3,walsta1
KEN_032_20220210_104954.flac,2379.7,2379.7,brwwar1
KEN_032_20220210_104954.flac,2395.6,2395.6,brwwar1
KEN_032_20220210_104954.flac,2410.2,2410.2,brwwar1
KEN_032_20220210_104954.flac,2433.2,2433.2,brwwar1
KEN_032_20220210_104954.flac,2444.4,2444.4,ccbeat1
KEN_032_20220210_104954.flac,2496.0,2496.0,afecuc1
KEN_032_20220210_104954.flac,2496.6,2496.6,ccbeat1
KEN_032_20220210_104954.flac,2508.6,2508.6,ccbeat1
KEN_032_20220210_104954.flac,2537.2,2537.2,ccbeat1
KEN_032_20220210_104954.flac,2540.1,2540.1,walsta1
KEN_032_20220210_104954.flac,2589.5,2589.5,afecuc1
KEN_032_20220210_104954.flac,2594.3,2594.3,afecuc1
KEN_032_20220210_104954.flac,2596.1,2596.1,colsun2
KEN_032_20220210_104954.flac,2610.8,2610.8,walsta1
KEN_032_20220210_104954.flac,2616.3,2616.3,ccbeat1
KEN_032_20220210_104954.flac,2617.7,2617.7,walsta1
KEN_032_20220210_104954.flac,2623.9,2623.9,walsta1
KEN_032_20220210_104954.flac,2634.0,2634.0,walsta1
KEN_032_20220210_104954.flac,2638.9,2638.9,ccbeat1
KEN_032_20220210_104954.flac,2641.6,2641.6,walsta1
KEN_032_20220210_104954.flac,2650.4,2650.4,walsta1
KEN_032_20220210_104954.flac,2658.4,2658.4,walsta1
KEN_032_20220210_104954.flac,2665.8,2665.8,gryapa1
KEN_032_20220210_104954.flac,2666.7,2666.7,ccbeat1
KEN_032_20220210_104954.flac,2670.1,2670.1,walsta1
KEN_032_20220210_104954.flac,2679.8,2679.8,walsta1
KEN_032_20220210_104954.flac,2694.2,2694.2,gryapa1
KEN_032_20220210_104954.flac,2711.7,2711.7,ccbeat1
KEN_032_20220210_104954.flac,2714.9,2714.9,ccbeat1
KEN_032_20220210_104954.flac,2715.3,2715.3,bagwea1
KEN_032_20220210_104954.flac,2717.8,2717.8,walsta1
KEN_032_20220210_104954.flac,2724.3,2724.3,ccbeat1
KEN_032_20220210_104954.flac,2742.3,2742.3,ccbeat1
KEN_032_20220210_104954.flac,2744.2,2744.2,walsta1
KEN_032_20220210_104954.flac,2752.4,2752.4,walsta1
KEN_032_20220210_104954.flac,2784.2,2784.2,ccbeat1
KEN_032_20220210_104954.flac,2816.8,2816.8,ccbeat1
KEN_032_20220210_104954.flac,2831.9,2831.9,ccbeat1
KEN_032_20220210_104954.flac,2886.7,2886.7,ccbeat1
KEN_032_20220210_104954.flac,2944.6,2944.6,ccbeat1
KEN_032_20220210_104954.flac,2961.9,2961.9,walsta1
KEN_032_20220210_104954.flac,2967.7,2967.7,walsta1
KEN_032_20220210_104954.flac,2981.6,2981.6,ccbeat1
KEN_032_20220210_104954.flac,2999.5,2999.5,ccbeat1
KEN_032_20220210_104954.flac,3021.7,3021.7,ccbeat1
KEN_032_20220210_104954.flac,3039.6,3039.6,ccbeat1
KEN_032_20220210_104954.flac,3069.4,3069.4,spewea1
KEN_032_20220210_104954.flac,3091.0,3091.0,spewea1
KEN_032_20220210_104954.flac,3132.7,3132.7,ccbeat1
KEN_032_20220210_104954.flac,3161.8,3161.8,ccbeat1
KEN_032_20220210_104954.flac,3170.0,3170.0,ccbeat1
KEN_032_20220210_104954.flac,3188.3,3188.3,ccbeat1
KEN_032_20220210_104954.flac,3219.8,3219.8,ccbeat1
KEN_032_20220210_104954.flac,3226.6,3226.6,ccbeat1
KEN_032_20220210_104954.flac,3348.2,3348.2,ccbeat1
KEN_032_20220210_104954.flac,3364.9,3364.9,ccbeat1
KEN_032_20220210_104954.flac,3368.5,3368.5,ccbeat1
KEN_032_20220210_104954.flac,3378.5,3378.5,ccbeat1
KEN_032_20220210_104954.flac,3386.3,3386.3,ccbeat1
KEN_032_20220210_104954.flac,3397.0,3397.0,gryapa1
KEN_032_20220210_104954.flac,3399.4,3399.4,ccbeat1
KEN_032_20220210_104954.flac,3413.0,3413.0,gryapa1
KEN_032_20220210_104954.flac,3520.2,3520.2,ccbeat1
KEN_032_20220210_104954.flac,3552.8,3552.8,afecuc1
KEN_032_20220210_104954.flac,3554.8,3554.8,ccbeat1
KEN_032_20220210_104954.flac,3558.6,3558.6,afecuc1
KEN_032_20220210_104954.flac,3574.3,3574.3,afecuc1
KEN_032_20220210_104954.flac,3585.2,3585.2,afecuc1
KEN_033_20220210_140038.flac,346.7,346.7,cibwar1
KEN_033_20220210_140038.flac,379.9,379.9,cibwar1
KEN_033_20220210_140038.flac,406.4,406.4,cibwar1
KEN_033_20220210_140038.flac,461.4,461.4,cibwar1
KEN_033_20220210_140038.flac,467.3,467.3,gryapa1
KEN_033_20220210_140038.flac,469.0,469.0,cibwar1
KEN_033_20220210_140038.flac,475.5,475.5,bltori1
KEN_033_20220210_140038.flac,479.4,479.4,cibwar1
KEN_033_20220210_140038.flac,493.8,493.8,cibwar1
KEN_033_20220210_140038.flac,507.2,507.2,cibwar1
KEN_033_20220210_140038.flac,515.5,515.5,cibwar1
KEN_033_20220210_140038.flac,516.2,516.2,bltori1
KEN_033_20220210_140038.flac,527.0,527.0,cibwar1
KEN_033_20220210_140038.flac,547.7,547.7,cibwar1
KEN_033_20220210_140038.flac,564.5,564.5,cibwar1
KEN_033_20220210_140038.flac,573.5,573.5,cibwar1
KEN_033_20220210_140038.flac,575.4,575.4,bltori1
KEN_033_20220210_140038.flac,591.8,591.8,cibwar1
KEN_033_20220210_140038.flac,662.7,662.7,bltori1
KEN_033_20220210_140038.flac,669.5,669.5,bltori1
KEN_033_20220210_140038.flac,678.8,678.8,bltori1
KEN_033_20220210_140038.flac,695.8,695.8,bltori1
KEN_033_20220210_140038.flac,702.5,702.5,gryapa1
KEN_033_20220210_140038.flac,706.1,706.1,gryapa1
KEN_033_20220210_140038.flac,714.4,714.4,gryapa1
KEN_033_20220210_140038.flac,721.5,721.5,gryapa1
KEN_033_20220210_140038.flac,773.6,773.6,hadibi1
KEN_033_20220210_140038.flac,782.8,782.8,bltori1
KEN_033_20220210_140038.flac,783.6,783.6,hadibi1
KEN_033_20220210_140038.flac,806.4,806.4,hadibi1
KEN_033_20220210_140038.flac,817.0,817.0,hadibi1
KEN_033_20220210_140038.flac,836.4,836.4,hadibi1
KEN_033_20220210_140038.flac,867.0,867.0,hadibi1
KEN_033_20220210_140038.flac,1062.5,1062.5,gryapa1
KEN_033_20220210_140038.flac,1078.1,1078.1,gryapa1
KEN_033_20220210_140038.flac,1082.5,1082.5,trobou1
KEN_033_20220210_140038.flac,1092.3,1092.3,gryapa1
KEN_033_20220210_140038.flac,1212.0,1212.0,huncis1
KEN_033_20220210_140038.flac,1420.1,1420.1,hartur1
KEN_033_20220210_140038.flac,1430.5,1430.5,hartur1
KEN_033_20220210_140038.flac,1450.1,1450.1,hartur1
KEN_033_20220210_140038.flac,1461.4,1461.4,hartur1
KEN_033_20220210_140038.flac,1472.1,1472.1,hartur1
KEN_033_20220210_140038.flac,1480.5,1480.5,gryapa1
KEN_033_20220210_140038.flac,1484.8,1484.8,hartur1
KEN_033_20220210_140038.flac,1493.3,1493.3,gryapa1
KEN_033_20220210_140038.flac,1495.3,1495.3,hartur1
KEN_033_20220210_140038.flac,1500.0,1500.0,gryapa1
KEN_033_20220210_140038.flac,1508.1,1508.1,gryapa1
KEN_033_20220210_140038.flac,1512.5,1512.5,gryapa1
KEN_033_20220210_140038.flac,1522.3,1522.3,gryapa1
KEN_033_20220210_140038.flac,1531.7,1531.7,hartur1
KEN_033_20220210_140038.flac,1533.2,1533.2,gryapa1
KEN_033_20220210_140038.flac,1543.4,1543.4,hartur1
KEN_033_20220210_140038.flac,1557.7,1557.7,hartur1
KEN_033_20220210_140038.flac,1586.7,1586.7,gryapa1
KEN_033_20220210_140038.flac,1656.7,1656.7,bltori1
KEN_033_20220210_140038.flac,1663.3,1663.3,bltori1
KEN_033_20220210_140038.flac,1668.1,1668.1,bltori1
KEN_033_20220210_140038.flac,1673.1,1673.1,combuz1
KEN_033_20220210_140038.flac,1679.6,1679.6,bltori1
KEN_033_20220210_140038.flac,1692.7,1692.7,bltori1
KEN_033_20220210_140038.flac,1804.4,1804.4,brrwhe3
KEN_033_20220210_140038.flac,1807.7,1807.7,combuz1
KEN_033_20220210_140038.flac,1811.9,1811.9,brrwhe3
KEN_033_20220210_140038.flac,1816.4,1816.4,combuz1
KEN_033_20220210_140038.flac,2201.7,2201.7,brrwhe3
KEN_033_20220210_140038.flac,2321.0,2321.0,gryapa1
KEN_033_20220210_140038.flac,2328.9,2328.9,gryapa1
KEN_033_20220210_140038.flac,2666.6,2666.6,colsun2
KEN_033_20220210_140038.flac,2677.9,2677.9,yewgre1
KEN_033_20220210_140038.flac,2695.5,2695.5,yewgre1
KEN_033_20220210_140038.flac,2697.9,2697.9,brrwhe3
KEN_033_20220210_140038.flac,2704.2,2704.2,brrwhe3
KEN_033_20220210_140038.flac,2709.6,2709.6,yewgre1
KEN_033_20220210_140038.flac,2711.1,2711.1,brrwhe3
KEN_033_20220210_140038.flac,2719.2,2719.2,brrwhe3
KEN_033_20220210_140038.flac,2727.7,2727.7,brrwhe3
KEN_033_20220210_140038.flac,2792.5,2792.5,brrwhe3
KEN_033_20220210_140038.flac,2855.6,2855.6,brrwhe3
KEN_033_20220210_140038.flac,2884.4,2884.4,brrwhe3
KEN_033_20220210_140038.flac,2908.6,2908.6,brrwhe3
KEN_033_20220210_140038.flac,2920.2,2920.2,colsun2
KEN_033_20220210_140038.flac,2951.4,2951.4,gryapa1
KEN_033_20220210_140038.flac,2963.0,2963.0,gryapa1
KEN_033_20220210_140038.flac,2969.0,2969.0,gryapa1
KEN_033_20220210_140038.flac,2977.2,2977.2,gryapa1
KEN_033_20220210_140038.flac,3015.2,3015.2,gryapa1
KEN_033_20220210_140038.flac,3035.4,3035.4,afecuc1
KEN_033_20220210_140038.flac,3037.2,3037.2,gryapa1
KEN_033_20220210_140038.flac,3139.0,3139.0,brrwhe3
KEN_033_20220210_140038.flac,3149.5,3149.5,brrwhe3
KEN_033_20220210_140038.flac,3159.7,3159.7,brrwhe3
KEN_033_20220210_140038.flac,3171.2,3171.2,brrwhe3
KEN_033_20220210_140038.flac,3179.0,3179.0,brrwhe3
KEN_033_20220210_140038.flac,3251.8,3251.8,brrwhe3
KEN_033_20220210_140038.flac,3257.7,3257.7,brrwhe3
KEN_033_20220210_140038.flac,3292.9,3292.9,brrwhe3
KEN_033_20220210_140038.flac,3307.1,3307.1,brrwhe3
KEN_033_20220210_140038.flac,3322.8,3322.8,brrwhe3
KEN_033_20220210_140038.flac,3332.3,3332.3,brrwhe3
KEN_033_20220210_140038.flac,3338.0,3338.0,gryapa1
KEN_033_20220210_140038.flac,3347.2,3347.2,gryapa1
KEN_033_20220210_140038.flac,3350.2,3350.2,brrwhe3
KEN_033_20220210_140038.flac,3351.4,3351.4,gryapa1
KEN_033_20220210_140038.flac,3363.9,3363.9,gryapa1
KEN_033_20220210_140038.flac,3373.1,3373.1,brrwhe3
KEN_033_20220210_140038.flac,3378.6,3378.6,brrwhe3
KEN_033_20220210_140038.flac,3380.1,3380.1,gryapa1
KEN_033_20220210_140038.flac,3387.1,3387.1,brrwhe3
KEN_033_20220210_140038.flac,3389.1,3389.1,gryapa1
KEN_033_20220210_140038.flac,3394.4,3394.4,gryapa1
KEN_033_20220210_140038.flac,3396.2,3396.2,brrwhe3
KEN_033_20220210_140038.flac,3404.5,3404.5,gryapa1
KEN_033_20220210_140038.flac,3412.3,3412.3,brrwhe3
KEN_033_20220210_140038.flac,3414.4,3414.4,gryapa1
KEN_033_20220210_140038.flac,3426.2,3426.2,brrwhe3
KEN_033_20220210_140038.flac,3435.6,3435.6,gryapa1
KEN_033_20220210_140038.flac,3445.4,3445.4,brrwhe3
KEN_033_20220210_140038.flac,3456.0,3456.0,gryapa1
KEN_033_20220210_140038.flac,3466.2,3466.2,edcsun3
KEN_033_20220210_140038.flac,3467.4,3467.4,gryapa1
KEN_033_20220210_140038.flac,3474.9,3474.9,gryapa1
KEN_033_20220210_140038.flac,3483.8,3483.8,edcsun3
KEN_033_20220210_140038.flac,3494.2,3494.2,edcsun3
KEN_033_20220210_140038.flac,3510.8,3510.8,edcsun3
KEN_033_20220210_140038.flac,3544.8,3544.8,gryapa1
KEN_033_20220210_140038.flac,3563.0,3563.0,gryapa1
KEN_033_20220210_140038.flac,3572.9,3572.9,gryapa1
KEN_033_20220210_140038.flac,3581.3,3581.3,gryapa1
KEN_033_20220210_140038.flac,3589.4,3589.4,brrwhe3
KEN_033_20220210_140038.flac,3590.8,3590.8,gryapa1
KEN_033_20220210_140038.flac,3599.4,3599.4,gryapa1
KEN_034_20220211_092900.flac,498.0,498.0,huncis1
KEN_034_20220211_092900.flac,503.7,503.7,ccbeat1
KEN_034_20220211_092900.flac,509.4,509.4,ccbeat1
KEN_034_20220211_092900.flac,540.1,540.1,trobou1
KEN_034_20220211_092900.flac,553.6,553.6,trobou1
KEN_034_20220211_092900.flac,568.0,568.0,ccbeat1
KEN_034_20220211_092900.flac,569.4,569.4,trobou1
KEN_034_20220211_092900.flac,590.5,590.5,trobou1
KEN_034_20220211_092900.flac,673.4,673.4,ccbeat1
KEN_034_20220211_092900.flac,704.2,704.2,ccbeat1
KEN_034_20220211_092900.flac,714.0,714.0,trobou1
KEN_034_20220211_092900.flac,854.0,854.0,ccbeat1
KEN_034_20220211_092900.flac,864.0,864.0,ccbeat1
KEN_034_20220211_092900.flac,1116.8,1116.8,crohor1
KEN_034_20220211_092900.flac,1129.6,1129.6,crohor1
KEN_034_20220211_092900.flac,1143.4,1143.4,crohor1
KEN_034_20220211_092900.flac,1144.8,1144.8,ccbeat1
KEN_034_20220211_092900.flac,1159.8,1159.8,crohor1
KEN_034_20220211_092900.flac,1162.3,1162.3,trobou1
KEN_034_20220211_092900.flac,1169.9,1169.9,trobou1
KEN_034_20220211_092900.flac,1185.3,1185.3,trobou1
KEN_034_20220211_092900.flac,1195.8,1195.8,trobou1
KEN_034_20220211_092900.flac,1211.8,1211.8,ccbeat1
KEN_034_20220211_092900.flac,1347.7,1347.7,combul2
KEN_034_20220211_092900.flac,1439.7,1439.7,trobou1
KEN_034_20220211_092900.flac,1451.4,1451.4,wheslf1
KEN_034_20220211_092900.flac,1467.1,1467.1,trobou1
KEN_034_20220211_092900.flac,1482.2,1482.2,trobou1
KEN_034_20220211_092900.flac,1638.9,1638.9,trobou1
KEN_034_20220211_092900.flac,1648.4,1648.4,trobou1
KEN_034_20220211_092900.flac,1756.8,1756.8,ccbeat1
KEN_034_20220211_092900.flac,1895.5,1895.5,afecuc1
KEN_034_20220211_092900.flac,1902.3,1902.3,wheslf1
KEN_034_20220211_092900.flac,1915.8,1915.8,wheslf1
KEN_034_20220211_092900.flac,1929.0,1929.0,afecuc1
KEN_034_20220211_092900.flac,1941.5,1941.5,afecuc1
KEN_034_20220211_092900.flac,1945.8,1945.8,whbtit5
KEN_034_20220211_092900.flac,1953.6,1953.6,whbtit5
KEN_034_20220211_092900.flac,1957.9,1957.9,afecuc1
KEN_034_20220211_092900.flac,1962.8,1962.8,whbtit5
KEN_034_20220211_092900.flac,1976.6,1976.6,whbtit5
KEN_034_20220211_092900.flac,1984.8,1984.8,whbtit5
KEN_034_20220211_092900.flac,1985.3,1985.3,trobou1
KEN_034_20220211_092900.flac,1997.9,1997.9,trobou1
KEN_034_20220211_092900.flac,2010.8,2010.8,trobou1
KEN_034_20220211_092900.flac,2150.7,2150.7,spewea1
KEN_034_20220211_092900.flac,2159.6,2159.6,gryapa1
KEN_034_20220211_092900.flac,2232.2,2232.2,bagwea1
KEN_034_20220211_092900.flac,2242.0,2242.0,spewea1
KEN_034_20220211_092900.flac,2244.7,2244.7,whhwoo1
KEN_034_20220211_092900.flac,2247.3,2247.3,afecuc1
KEN_034_20220211_092900.flac,2258.6,2258.6,afecuc1
KEN_034_20220211_092900.flac,2263.5,2263.5,wheslf1
KEN_034_20220211_092900.flac,2285.0,2285.0,wheslf1
KEN_034_20220211_092900.flac,2292.9,2292.9,ccbeat1
KEN_034_20220211_092900.flac,2295.0,2295.0,whhwoo1
KEN_034_20220211_092900.flac,2304.9,2304.9,whhwoo1
KEN_034_20220211_092900.flac,2306.9,2306.9,gryapa1
KEN_034_20220211_092900.flac,2309.5,2309.5,spewea1
KEN_034_20220211_092900.flac,2316.8,2316.8,spewea1
KEN_034_20220211_092900.flac,2329.8,2329.8,spewea1
KEN_034_20220211_092900.flac,2337.2,2337.2,afecuc1
KEN_034_20220211_092900.flac,2340.2,2340.2,walsta1
KEN_034_20220211_092900.flac,2343.5,2343.5,spewea1
KEN_034_20220211_092900.flac,2353.6,2353.6,huncis1
KEN_034_20220211_092900.flac,2355.2,2355.2,spewea1
KEN_034_20220211_092900.flac,2364.0,2364.0,spewea1
KEN_034_20220211_092900.flac,2370.9,2370.9,afecuc1
KEN_034_20220211_092900.flac,2374.5,2374.5,huncis1
KEN_034_20220211_092900.flac,2383.6,2383.6,huncis1
KEN_034_20220211_092900.flac,2388.6,2388.6,afecuc1
KEN_034_20220211_092900.flac,2492.5,2492.5,afecuc1
KEN_034_20220211_092900.flac,2493.2,2493.2,spewea1
KEN_034_20220211_092900.flac,2502.3,2502.3,spewea1
KEN_034_20220211_092900.flac,2508.5,2508.5,spewea1
KEN_034_20220211_092900.flac,2535.5,2535.5,spewea1
KEN_034_20220211_092900.flac,2584.6,2584.6,cibwar1
KEN_034_20220211_092900.flac,2589.9,2589.9,afecuc1
KEN_034_20220211_092900.flac,2620.2,2620.2,trobou1
KEN_034_20220211_092900.flac,2628.1,2628.1,trobou1
KEN_034_20220211_092900.flac,2633.9,2633.9,cibwar1
KEN_034_20220211_092900.flac,2635.1,2635.1,trobou1
KEN_034_20220211_092900.flac,2694.7,2694.7,cibwar1
KEN_034_20220211_092900.flac,2755.8,2755.8,cibwar1
KEN_034_20220211_092900.flac,2768.6,2768.6,huncis1
KEN_034_20220211_092900.flac,2779.5,2779.5,cibwar1
KEN_034_20220211_092900.flac,2792.1,2792.1,wheslf1
KEN_034_20220211_092900.flac,2819.2,2819.2,cibwar1
KEN_034_20220211_092900.flac,2824.7,2824.7,afecuc1
KEN_034_20220211_092900.flac,2845.2,2845.2,cibwar1
KEN_034_20220211_092900.flac,2847.9,2847.9,afecuc1
KEN_034_20220211_092900.flac,2870.0,2870.0,cibwar1
KEN_034_20220211_092900.flac,2875.2,2875.2,afecuc1
KEN_034_20220211_092900.flac,2885.9,2885.9,brrwhe3
KEN_034_20220211_092900.flac,2890.0,2890.0,brrwhe3
KEN_034_20220211_092900.flac,2899.6,2899.6,cibwar1
KEN_034_20220211_092900.flac,2920.4,2920.4,hartur1
KEN_034_20220211_092900.flac,2926.7,2926.7,cibwar1
KEN_034_20220211_092900.flac,2932.9,2932.9,blfbus1
KEN_034_20220211_092900.flac,2933.5,2933.5,cibwar1
KEN_034_20220211_092900.flac,2937.7,2937.7,blfbus1
KEN_034_20220211_092900.flac,2938.5,2938.5,cibwar1
KEN_034_20220211_092900.flac,2948.1,2948.1,brrwhe3
KEN_034_20220211_092900.flac,2956.9,2956.9,cibwar1
KEN_034_20220211_092900.flac,3000.2,3000.2,cibwar1
KEN_034_20220211_092900.flac,3012.7,3012.7,bltapa1
KEN_034_20220211_092900.flac,3028.1,3028.1,bltapa1
KEN_034_20220211_092900.flac,3039.2,3039.2,bltapa1
KEN_034_20220211_092900.flac,3050.1,3050.1,abythr1
KEN_034_20220211_092900.flac,3056.7,3056.7,abythr1
KEN_034_20220211_092900.flac,3064.9,3064.9,abythr1
KEN_034_20220211_092900.flac,3073.3,3073.3,abythr1
KEN_034_20220211_092900.flac,3078.2,3078.2,abythr1
KEN_034_20220211_092900.flac,3103.1,3103.1,abythr1
KEN_034_20220211_092900.flac,3242.0,3242.0,wheslf1
KEN_034_20220211_092900.flac,3252.9,3252.9,brrwhe3
KEN_034_20220211_092900.flac,3258.1,3258.1,brrwhe3
KEN_034_20220211_092900.flac,3263.8,3263.8,wheslf1
KEN_034_20220211_092900.flac,3270.8,3270.8,brrwhe3
KEN_034_20220211_092900.flac,3279.1,3279.1,wheslf1
KEN_034_20220211_092900.flac,3291.5,3291.5,brrwhe3
KEN_034_20220211_092900.flac,3299.4,3299.4,brrwhe3
KEN_034_20220211_092900.flac,3300.0,3300.0,wheslf1
KEN_034_20220211_092900.flac,3308.2,3308.2,wheslf1
KEN_034_20220211_092900.flac,3308.4,3308.4,brrwhe3
KEN_034_20220211_092900.flac,3317.9,3317.9,brrwhe3
KEN_034_20220211_092900.flac,3352.6,3352.6,brrwhe3
KEN_034_20220211_092900.flac,3358.3,3358.3,brrwhe3
KEN_034_20220211_092900.flac,3384.0,3384.0,brrwhe3
KEN_034_20220211_092900.flac,3392.3,3392.3,brrwhe3
KEN_034_20220211_092900.flac,3398.4,3398.4,wheslf1
KEN_034_20220211_092900.flac,3462.9,3462.9,brrwhe3
KEN_034_20220211_092900.flac,3510.9,3510.9,cibwar1
KEN_034_20220211_092900.flac,3523.9,3523.9,cibwar1
KEN_034_20220211_092900.flac,3541.3,3541.3,cibwar1
KEN_034_20220211_092900.flac,3559.7,3559.7,cibwar1
KEN_034_20220211_092900.flac,3562.7,3562.7,brrwhe3
KEN_034_20220211_092900.flac,3574.2,3574.2,cibwar1
KEN_034_20220211_092900.flac,3574.9,3574.9,chtapa3
KEN_034_20220211_092900.flac,3580.8,3580.8,cibwar1
KEN_034_20220211_092900.flac,3591.7,3591.7,cibwar1
KEN_035_20220211_102900.flac,1.3,1.3,brrwhe3
KEN_035_20220211_102900.flac,3.4,3.4,cibwar1
KEN_035_20220211_102900.flac,17.0,17.0,cibwar1
KEN_035_20220211_102900.flac,20.2,20.2,sichor1
KEN_035_20220211_102900.flac,22.1,22.1,cibwar1
KEN_035_20220211_102900.flac,31.4,31.4,sichor1
KEN_035_20220211_102900.flac,40.1,40.1,sichor1
KEN_035_20220211_102900.flac,42.6,42.6,cibwar1
KEN_035_20220211_102900.flac,54.5,54.5,cibwar1
KEN_035_20220211_102900.flac,62.1,62.1,sichor1
KEN_035_20220211_102900.flac,68.2,68.2,cibwar1
KEN_035_20220211_102900.flac,79.9,79.9,cibwar1
KEN_035_20220211_102900.flac,81.5,81.5,sichor1
KEN_035_20220211_102900.flac,85.7,85.7,huncis1
KEN_035_20220211_102900.flac,87.8,87.8,cibwar1
KEN_035_20220211_102900.flac,94.7,94.7,huncis1
KEN_035_20220211_102900.flac,97.8,97.8,cibwar1
KEN_035_20220211_102900.flac,116.1,116.1,sichor1
KEN_035_20220211_102900.flac,120.0,120.0,cibwar1
KEN_035_20220211_102900.flac,121.1,121.1,wheslf1
KEN_035_20220211_102900.flac,134.7,134.7,wheslf1
KEN_035_20220211_102900.flac,135.2,135.2,cibwar1
KEN_035_20220211_102900.flac,153.0,153.0,cibwar1
KEN_035_20220211_102900.flac,165.2,165.2,sichor1
KEN_035_20220211_102900.flac,166.5,166.5,cibwar1
KEN_035_20220211_102900.flac,174.3,174.3,sichor1
KEN_035_20220211_102900.flac,177.6,177.6,cibwar1
KEN_035_20220211_102900.flac,196.4,196.4,cibwar1
KEN_035_20220211_102900.flac,206.4,206.4,cibwar1
KEN_035_20220211_102900.flac,217.3,217.3,cibwar1
KEN_035_20220211_102900.flac,219.0,219.0,sichor1
KEN_035_20220211_102900.flac,237.5,237.5,wheslf1
KEN_035_20220211_102900.flac,237.9,237.9,cibwar1
KEN_035_20220211_102900.flac,242.2,242.2,cibwar1
KEN_035_20220211_102900.flac,253.4,253.4,cibwar1
KEN_035_20220211_102900.flac,263.0,263.0,sichor1
KEN_035_20220211_102900.flac,264.2,264.2,cibwar1
KEN_035_20220211_102900.flac,279.3,279.3,sichor1
KEN_035_20220211_102900.flac,282.7,282.7,cibwar1
KEN_035_20220211_102900.flac,291.1,291.1,cibwar1
KEN_035_20220211_102900.flac,309.0,309.0,cibwar1
KEN_035_20220211_102900.flac,327.4,327.4,cibwar1
KEN_035_20220211_102900.flac,336.4,336.4,cibwar1
KEN_035_20220211_102900.flac,359.2,359.2,cibwar1
KEN_035_20220211_102900.flac,377.4,377.4,cibwar1
KEN_035_20220211_102900.flac,390.8,390.8,cibwar1
KEN_035_20220211_102900.flac,392.8,392.8,bawman1
KEN_035_20220211_102900.flac,411.6,411.6,cibwar1
KEN_035_20220211_102900.flac,425.7,425.7,cibwar1
KEN_035_20220211_102900.flac,451.9,451.9,cibwar1
KEN_035_20220211_102900.flac,461.4,461.4,bawman1
KEN_035_20220211_102900.flac,466.4,466.4,cibwar1
KEN_035_20220211_102900.flac,476.2,476.2,wheslf1
KEN_035_20220211_102900.flac,485.0,485.0,cibwar1
KEN_035_20220211_102900.flac,534.5,534.5,wheslf1
KEN_035_20220211_102900.flac,555.8,555.8,wheslf1
KEN_035_20220211_102900.flac,574.6,574.6,trobou1
KEN_035_20220211_102900.flac,582.1,582.1,trobou1
KEN_035_20220211_102900.flac,597.0,597.0,trobou1
KEN_035_20220211_102900.flac,687.5,687.5,afecuc1
KEN_035_20220211_102900.flac,768.7,768.7,brrwhe3
KEN_035_20220211_102900.flac,773.1,773.1,brrwhe3
KEN_035_20220211_102900.flac,776.6,776.6,bltapa1
KEN_035_20220211_102900.flac,786.0,786.0,bltapa1
KEN_035_20220211_102900.flac,792.2,792.2,bltapa1
KEN_035_20220211_102900.flac,841.0,841.0,afecuc1
KEN_035_20220211_102900.flac,923.4,923.4,wheslf1
KEN_035_20220211_102900.flac,930.9,930.9,ccbeat1
KEN_035_20220211_102900.flac,938.5,938.5,ccbeat1
KEN_035_20220211_102900.flac,954.2,954.2,ccbeat1
KEN_035_20220211_102900.flac,1002.4,1002.4,wheslf1
KEN_035_20220211_102900.flac,1007.6,1007.6,mouwag1
KEN_035_20220211_102900.flac,1020.3,1020.3,ccbeat1
KEN_035_20220211_102900.flac,1030.0,1030.0,ccbeat1
KEN_035_20220211_102900.flac,1060.2,1060.2,gryapa1
KEN_035_20220211_102900.flac,1075.0,1075.0,brrwhe3
KEN_035_20220211_102900.flac,1089.2,1089.2,afecuc1
KEN_035_20220211_102900.flac,1185.8,1185.8,afecuc1
KEN_035_20220211_102900.flac,1197.5,1197.5,afecuc1
KEN_035_20220211_102900.flac,1204.7,1204.7,wheslf1
KEN_035_20220211_102900.flac,1227.2,1227.2,wheslf1
KEN_035_20220211_102900.flac,1291.2,1291.2,bagwea1
KEN_035_20220211_102900.flac,1300.9,1300.9,huncis1
KEN_035_20220211_102900.flac,1318.9,1318.9,wheslf1
KEN_035_20220211_102900.flac,1352.5,1352.5,wheslf1
KEN_035_20220211_102900.flac,1371.0,1371.0,wheslf1
KEN_035_20220211_102900.flac,1393.8,1393.8,wheslf1
KEN_035_20220211_102900.flac,1408.4,1408.4,hartur1
KEN_035_20220211_102900.flac,1412.5,1412.5,brrwhe3
KEN_035_20220211_102900.flac,1514.9,1514.9,wheslf1
KEN_035_20220211_102900.flac,1548.5,1548.5,afecuc1
KEN_035_20220211_102900.flac,1548.9,1548.9,wheslf1
KEN_035_20220211_102900.flac,1613.0,1613.0,brrwhe3
KEN_035_20220211_102900.flac,1663.6,1663.6,sichor1
KEN_035_20220211_102900.flac,1684.4,1684.4,sichor1
KEN_035_20220211_102900.flac,1741.2,1741.2,wheslf1
KEN_035_20220211_102900.flac,1778.5,1778.5,blcapa2
KEN_035_20220211_102900.flac,1784.7,1784.7,afecuc1
KEN_035_20220211_102900.flac,1785.9,1785.9,sichor1
KEN_035_20220211_102900.flac,1790.9,1790.9,blcapa2
KEN_035_20220211_102900.flac,1795.5,1795.5,afecuc1
KEN_035_20220211_102900.flac,1799.9,1799.9,combul2
KEN_035_20220211_102900.flac,1807.2,1807.2,combul2
KEN_035_20220211_102900.flac,1810.0,1810.0,sichor1
KEN_035_20220211_102900.flac,1818.1,1818.1,blcapa2
KEN_035_20220211_102900.flac,1823.7,1823.7,sichor1
KEN_035_20220211_102900.flac,1828.1,1828.1,blcapa2
KEN_035_20220211_102900.flac,1843.6,1843.6,spewea1
KEN_035_20220211_102900.flac,1956.0,1956.0,wheslf1
KEN_035_20220211_102900.flac,1970.5,1970.5,afecuc1
KEN_035_20220211_102900.flac,1975.8,1975.8,brrwhe3
KEN_035_20220211_102900.flac,1978.8,1978.8,wheslf1
KEN_035_20220211_102900.flac,1988.9,1988.9,brrwhe3
KEN_035_20220211_102900.flac,1989.6,1989.6,wheslf1
KEN_035_20220211_102900.flac,2002.7,2002.7,afecuc1
KEN_035_20220211_102900.flac,2010.7,2010.7,wheslf1
KEN_035_20220211_102900.flac,2097.4,2097.4,spewea1
KEN_035_20220211_102900.flac,2102.0,2102.0,afecuc1
KEN_035_20220211_102900.flac,2137.2,2137.2,afecuc1
KEN_035_20220211_102900.flac,2165.8,2165.8,afecuc1